<?xml version="1.0" encoding="UTF-8"?>
<!DOCTYPE mapper PUBLIC "-//mybatis.org//DTD Mapper 3.0//EN" "http://mybatis.org/dtd/mybatis-3-mapper.dtd">
<mapper namespace="com.konka.flow.bill.model.BillType">
	<insert id="insert" parameterType="billType">  
	  <selectKey resultType="int" keyProperty="id" order="BEFORE">
	   VALUES NEXTVAL FOR OPENEAP.KK_BILL_TYPE_S
	  </selectKey>
		<![CDATA[ 
		 INSERT INTO "OPENEAP"."KK_BILL_TYPE" (ID,TYPE,NAME,IS_PUBLIC,SORT,ADD_COUNT_A,ADD_COUNT_B,remark
		 ,address_flag,fix_flag,product_flag,recall_flag,company_flag,is_common
		 ,CREATE_TIME,CREATE_EMPLOYEE,CREATE_DEPT,ENABLE_FLAG,DELETE_FLAG) VALUES (
		 #{id},#{type},#{name},#{is_public},#{sort},#{add_count_a},#{add_count_b},#{remark}
		 ,#{address_flag},#{fix_flag},#{product_flag},#{recall_flag},#{company_flag},#{is_common}
		 ,#{create_time},#{create_employee},#{create_dept},#{enable_flag},'F')
		]]>  
	</insert>  
	<update id="update" parameterType="billType">
		<![CDATA[ 
		UPDATE "OPENEAP"."KK_BILL_TYPE" SET 
		update_time = #{update_time}
		,update_employee = #{update_employee}
		,update_dept = #{update_dept}
		]]>
		<if test="type!=null">
			<![CDATA[
			,TYPE = #{type}
			]]>
		</if>
		<if test="name!=null">
			<![CDATA[
			,name = #{name}
			]]>
		</if>
		<if test="is_public!=null">
			<![CDATA[
			,is_public = #{is_public}
			]]>
		</if>
		<if test="sort!=null">
			<![CDATA[
			,sort = #{sort}
			]]>
		</if>
		<if test="add_count_a!=null">
			<![CDATA[
			,add_count_a = #{add_count_a}
			]]>
		</if>
		<if test="add_count_b!=null">
			<![CDATA[
			,add_count_b = #{add_count_b}
			]]>
		</if>
		<if test="remark!=null">
			<![CDATA[
			,remark = #{remark}
			]]>
		</if>
		<if test="address_flag!=null">
			<![CDATA[
			,address_flag = #{address_flag}
			]]>
		</if>
		<if test="fix_flag!=null">
			<![CDATA[
			,fix_flag = #{fix_flag}
			]]>
		</if>
		<if test="product_flag!=null">
			<![CDATA[
			,product_flag = #{product_flag}
			]]>
		</if>
		<if test="recall_flag!=null">
			<![CDATA[
			,recall_flag = #{recall_flag}
			]]>
		</if>
		<if test="company_flag!=null">
			<![CDATA[
			,company_flag = #{company_flag}
			]]>
		</if>
		<if test="is_common!=null">
			<![CDATA[
			,is_common = #{is_common}
			]]>
		</if>
		<if test="enable_flag!=null">
			<![CDATA[
			,enable_flag = #{enable_flag}
			]]>
		</if>
		<![CDATA[
		WHERE ID=#{id}
		]]> 
	</update>
	<delete id="delete" parameterType="java.lang.Integer">
		<![CDATA[
		DELETE FROM "OPENEAP"."KK_BILL_TYPE" WHERE ID=#{id}
		]]>
	</delete>
	<resultMap type="billType" id="billTypeResult"> 
		<result property="id" column="id" jdbcType="INTEGER" javaType="java.lang.Integer" />
		<result property="type" column="type"/>
		<result property="name" column="name" />  
		<result property="is_public" column="is_public" />  
		<result property="sort" column="sort" jdbcType="INTEGER" javaType="java.lang.Integer" />  
		<result property="add_count_a" column="add_count_a" jdbcType="INTEGER" javaType="java.lang.Integer" />  
		<result property="add_count_b" column="add_count_b" jdbcType="INTEGER" javaType="java.lang.Integer" />
		<result property="remark" column="remark"/>
		<result property="address_flag" column="address_flag"/>
		<result property="fix_flag" column="fix_flag"/>
		<result property="product_flag" column="product_flag"/>
		<result property="recall_flag" column="recall_flag"/>
		<result property="company_flag" column="company_flag"/>
		<result property="is_common" column="is_common"/>
			<result property="create_time" column="create_time" />  
			<result property="create_employee" column="create_employee" />
			<result property="create_dept" column="create_dept" jdbcType="INTEGER" javaType="java.lang.Integer" />
			<result property="update_time" column="update_time" />  
			<result property="update_employee" column="update_employee" />
			<result property="update_dept" column="update_dept" jdbcType="INTEGER" javaType="java.lang.Integer" />	
			<result property="enable_flag" column="enable_flag" />  
			<result property="delete_flag" column="delete_flag" />
	</resultMap>  
	<sql id="suffixwhere">
		<![CDATA[
			FROM "OPENEAP"."KK_BILL_TYPE" A WHERE A.DELETE_FLAG='F'
		]]>
		<if test="type!=null and type!=''">
			<![CDATA[
			AND A.TYPE = #{type}
			]]>
		</if>
	</sql>
	<sql id="suffixPage">
		<![CDATA[
	  )select a.* ,(select max(a.resultNums) from a) as RESULT_COUNT 
	  FROM a where a.resultNums between #{start}+1 and #{end}
	  ]]>
	</sql>
	<select id="getObjectList"  parameterType="billType" resultMap="billTypeResult">  
		<![CDATA[ 
		with a as (
		SELECT A.*
		,rownumber() over (ORDER BY A.${orderField} ${orderDirection} ) AS  resultNums
		]]>  
		<include refid="suffixwhere" />
		<include refid="suffixPage" />
	</select> 
	<select id="getAllList"  parameterType="billType" resultMap="billTypeResult">  
		<![CDATA[ 
		select * from "OPENEAP"."KK_BILL_TYPE" where delete_flag='F'
		]]>
		<if test="is_common!=null and is_common!=''">
			<![CDATA[
			and is_common=#{is_common}
			]]> 
		</if>
		<if test="enable_flag!=null and enable_flag!=''">
			<![CDATA[
			and enable_flag=#{enable_flag}
			]]> 
		</if>
		<![CDATA[
		order by sort asc,enable_flag desc
		]]>  
	</select> 
	<select id="getById" parameterType="java.lang.Integer" resultMap="billTypeResult">
		<![CDATA[ 
		SELECT * FROM "OPENEAP"."KK_BILL_TYPE"
		WHERE ID=#{id}
		]]> 
	</select>
</mapper>