<?xml version="1.0" encoding="UTF-8"?>
<!DOCTYPE mapper PUBLIC "-//mybatis.org//DTD Mapper 3.0//EN" "http://mybatis.org/dtd/mybatis-3-mapper.dtd">
<mapper namespace="com.konka.flow.bill.model.BillInfo">
	<insert id="insert" parameterType="billInfo">  
	  <selectKey resultType="int" keyProperty="id" order="BEFORE">
	   VALUES NEXTVAL FOR OPENEAP.KK_BILL_INFO_S
	  </selectKey>
		<![CDATA[ 
		 INSERT INTO "OPENEAP"."KK_BILL_INFO" (ID,TYPE_ID,NUM,BILL_STATUS,REMIND_STATUS,NODE_ID
		 ,CUST_ID,CUST_NAME,FROMCALL,CONTACTCALL,RECORD_ID,REMARK_FLAG,DEAL_LEVEL
		 ,ADDRESS,FIX_NUM,PRODUCT_SERIES,PRODUCT_NUM,BUY_DATE,COMPANY,RECALL
		 ,REMARK,ADD_COUNT,TIME_LIMIT_END,ACCEPT_USER
		 ,A,B,C,D,E,F,G,H,I,J,K,L,M,N,O,P,Q,R,S,T
		 ,CREATE_TIME,CREATE_EMPLOYEE,CREATE_DEPT,ENABLE_FLAG,DELETE_FLAG) VALUES (
		 #{id},#{type_id},#{num},#{bill_status},#{remind_status},#{node_id}
		 ,#{cust_id},#{cust_name},#{fromCall},#{contactCall},#{record_id},'F',#{deal_level}
		]]> 
		<if test="address!=null">
			<![CDATA[
			,#{address}
			]]>
		</if>
		<if test="address==null">
			<![CDATA[
			,null
			]]>
		</if>
		<if test="fix_num!=null">
			<![CDATA[
			,#{fix_num}
			]]>
		</if>
		<if test="fix_num==null">
			<![CDATA[
			,null
			]]>
		</if>
		<if test="product_series!=null">
			<![CDATA[
			,#{product_series}
			]]>
		</if>
		<if test="product_series==null">
			<![CDATA[
			,null
			]]>
		</if>
		<if test="product_num!=null">
			<![CDATA[
			,#{product_num}
			]]>
		</if>
		<if test="product_num==null">
			<![CDATA[
			,null
			]]>
		</if>
		<if test="buy_date!=null">
			<![CDATA[
			,#{buy_date}
			]]>
		</if>
		<if test="buy_date==null">
			<![CDATA[
			,null
			]]>
		</if>
		<if test="company!=null">
			<![CDATA[
			,#{company}
			]]>
		</if>
		<if test="company==null">
			<![CDATA[
			,null
			]]>
		</if>
		<if test="recall!=null">
			<![CDATA[
			,#{recall}
			]]>
		</if>
		<if test="recall==null">
			<![CDATA[
			,null
			]]>
		</if>
		<![CDATA[ 
		 ,#{remark},0
		]]>  
		<if test="time_limit_end!=null and time_limit_end!=''">
			<![CDATA[
			,#{time_limit_end}
			]]>
		</if>
		<if test="time_limit_end!=null and time_limit_end==''">
			<![CDATA[
			,null
			]]>
		</if>
		<![CDATA[ 
		,#{accept_user}
		]]>
		<if test="a!=null">
			<![CDATA[
			,#{a}
			]]>
		</if>
		<if test="a==null">
			<![CDATA[
			,null
			]]>
		</if>	
		<if test="b!=null">
			<![CDATA[
			,#{b}
			]]>
		</if>
		<if test="b==null">
			<![CDATA[
			,null
			]]>
		</if>	
		<if test="c!=null">
			<![CDATA[
			,#{c}
			]]>
		</if>
		<if test="c==null">
			<![CDATA[
			,null
			]]>
		</if>
		<if test="d!=null">
			<![CDATA[
			,#{d}
			]]>
		</if>
		<if test="d==null">
			<![CDATA[
			,null
			]]>
		</if>
		<if test="e!=null">
			<![CDATA[
			,#{e}
			]]>
		</if>
		<if test="e==null">
			<![CDATA[
			,null
			]]>
		</if>
		<if test="f!=null">
			<![CDATA[
			,#{f}
			]]>
		</if>
		<if test="f==null">
			<![CDATA[
			,null
			]]>
		</if>
		<if test="g!=null">
			<![CDATA[
			,#{g}
			]]>
		</if>
		<if test="g==null">
			<![CDATA[
			,null
			]]>
		</if>
		<if test="h!=null">
			<![CDATA[
			,#{h}
			]]>
		</if>
		<if test="h==null">
			<![CDATA[
			,null
			]]>
		</if>
		<if test="i!=null">
			<![CDATA[
			,#{i}
			]]>
		</if>
		<if test="i==null">
			<![CDATA[
			,null
			]]>
		</if>
		<if test="j!=null">
			<![CDATA[
			,#{j}
			]]>
		</if>
		<if test="j==null">
			<![CDATA[
			,null
			]]>
		</if>
		<if test="k!=null">
			<![CDATA[
			,#{k}
			]]>
		</if>
		<if test="k==null">
			<![CDATA[
			,null
			]]>
		</if>
		<if test="l!=null">
			<![CDATA[
			,#{l}
			]]>
		</if>
		<if test="l==null">
			<![CDATA[
			,null
			]]>
		</if>
		<if test="m!=null">
			<![CDATA[
			,#{m}
			]]>
		</if>
		<if test="m==null">
			<![CDATA[
			,null
			]]>
		</if>
		<if test="n!=null">
			<![CDATA[
			,#{n}
			]]>
		</if>
		<if test="n==null">
			<![CDATA[
			,null
			]]>
		</if>
		<if test="o!=null">
			<![CDATA[
			,#{o}
			]]>
		</if>
		<if test="o==null">
			<![CDATA[
			,null
			]]>
		</if>
		<if test="p!=null">
			<![CDATA[
			,#{p}
			]]>
		</if>
		<if test="p==null">
			<![CDATA[
			,null
			]]>
		</if>
		<if test="q!=null">
			<![CDATA[
			,#{q}
			]]>
		</if>
		<if test="q==null">
			<![CDATA[
			,null
			]]>
		</if>
		<if test="r!=null">
			<![CDATA[
			,#{r}
			]]>
		</if>
		<if test="r==null">
			<![CDATA[
			,null
			]]>
		</if>
		<if test="s!=null">
			<![CDATA[
			,#{s}
			]]>
		</if>
		<if test="s==null">
			<![CDATA[
			,null
			]]>
		</if>
		<if test="t!=null">
			<![CDATA[
			,#{t}
			]]>
		</if>
		<if test="t==null">
			<![CDATA[
			,null
			]]>
		</if>
		<![CDATA[
		,#{create_time},#{create_employee},#{create_dept},'T','F')
		]]>  
	</insert>  
	<update id="update" parameterType="billInfo">
		<![CDATA[ 
		UPDATE "OPENEAP"."KK_BILL_INFO" SET 
		update_time = #{update_time}
		,update_employee = #{update_employee}
		,update_dept = #{update_dept}
		]]>
		<if test="bill_status!=null">
			<![CDATA[
			,bill_status = #{bill_status}
			]]>
		</if>
		<if test="remind_status!=null">
			<![CDATA[
			,remind_status = #{remind_status}
			]]>
		</if>
		<if test="node_id!=null">
			<![CDATA[
			,node_id = #{node_id}
			]]>
		</if>
		<if test="cust_id!=null">
			<![CDATA[
			,cust_id = #{cust_id}
			]]>
		</if>
		<if test="cust_name!=null">
			<![CDATA[
			,cust_name = #{cust_name}
			]]>
		</if>
		<if test="fromCall!=null">
			<![CDATA[
			,fromCall = #{fromCall}
			]]>
		</if>
		<if test="contactCall!=null">
			<![CDATA[
			,contactCall = #{contactCall}
			]]>
		</if>
		<if test="remark!=null">
			<![CDATA[
			,remark = #{remark}
			]]>
		</if>
		<if test="add_count!=null">
			<![CDATA[
			,add_count = #{add_count}
			]]>
		</if>
		<if test="remark_flag!=null">
			<![CDATA[
			,remark_flag = #{remark_flag}
			]]>
		</if>
		<if test="time_limit_end!=null and time_limit_end!=''">
			<![CDATA[
			,time_limit_end = #{time_limit_end}
			]]>
		</if>
		<if test="time_limit_end!=null and time_limit_end==''">
			<![CDATA[
			,time_limit_end = null
			]]>
		</if>
		<if test="accept_user!=null">
			<![CDATA[
			,accept_user = #{accept_user}
			]]>
		</if>
		<if test="address!=null">
			<![CDATA[
			,address = #{address}
			]]>
		</if>
		<if test="fix_num!=null">
			<![CDATA[
			,fix_num = #{fix_num}
			]]>
		</if>
		<if test="product_series!=null">
			<![CDATA[
			,product_series = #{product_series}
			]]>
		</if>
		<if test="product_num!=null">
			<![CDATA[
			,product_num = #{product_num}
			]]>
		</if>
		<if test="buy_date!=null">
			<![CDATA[
			,buy_date = #{buy_date}
			]]>
		</if>
		<if test="company!=null">
			<![CDATA[
			,company = #{company}
			]]>
		</if>
		<if test="recall!=null">
			<![CDATA[
			,recall = #{recall}
			]]>
		</if>
		<if test="deal_level!=null and deal_level>0">
			<![CDATA[
			,deal_level = #{deal_level}
			]]>
		</if>
		<if test="a!=null">
			<![CDATA[
			,a = #{a}
			]]>
		</if>
		<if test="b!=null">
			<![CDATA[
			,b = #{b}
			]]>
		</if>
		<if test="c!=null">
			<![CDATA[
			,c = #{c}
			]]>
		</if>
		<if test="d!=null">
			<![CDATA[
			,d = #{d}
			]]>
		</if>
		<if test="e!=null">
			<![CDATA[
			,e = #{e}
			]]>
		</if>
		<if test="f!=null">
			<![CDATA[
			,f = #{f}
			]]>
		</if>
		<if test="g!=null">
			<![CDATA[
			,g = #{g}
			]]>
		</if>
		<if test="h!=null">
			<![CDATA[
			,h = #{h}
			]]>
		</if>
		<if test="i!=null">
			<![CDATA[
			,i = #{i}
			]]>
		</if>
		<if test="j!=null">
			<![CDATA[
			,j = #{j}
			]]>
		</if>
		<if test="k!=null">
			<![CDATA[
			,k = #{k}
			]]>
		</if>
		<if test="l!=null">
			<![CDATA[
			,l = #{l}
			]]>
		</if>
		<if test="m!=null">
			<![CDATA[
			,m = #{m}
			]]>
		</if>
		<if test="n!=null">
			<![CDATA[
			,n = #{n}
			]]>
		</if>
		<if test="o!=null">
			<![CDATA[
			,o = #{o}
			]]>
		</if>
		<if test="p!=null">
			<![CDATA[
			,p = #{p}
			]]>
		</if>
		<if test="q!=null">
			<![CDATA[
			,q = #{q}
			]]>
		</if>
		<if test="r!=null">
			<![CDATA[
			,r = #{r}
			]]>
		</if>
		<if test="s!=null">
			<![CDATA[
			,s = #{s}
			]]>
		</if>
		<if test="t!=null">
			<![CDATA[
			,t = #{t}
			]]>
		</if>
		<if test="receive_time!=null">
			<![CDATA[
			,receive_time = #{receive_time}
			]]>
		</if>
		<if test="over_time!=null">
			<![CDATA[
			,over_time = #{over_time}
			]]>
		</if>
		<if test="complet!=null">
			<![CDATA[
				,complet = #{complet}
			]]>
		</if>
		<if test="deal_record_id!=null and deal_record_id!=''">
			<![CDATA[
			,deal_record_id = #{deal_record_id}
			]]>
		</if>
		<if test="enable_flag!=null">
			<![CDATA[
			,enable_flag = #{enable_flag}
			]]>
		</if>
		<![CDATA[
		WHERE ID=#{id}
		]]> 
	</update>
	<delete id="delete" parameterType="java.lang.Integer">
		<![CDATA[
		DELETE FROM "OPENEAP"."KK_BILL_INFO" WHERE ID=#{id}
		]]>
	</delete>
	<resultMap type="billInfo" id="billInfoResult"> 
		<result property="id" column="id" jdbcType="INTEGER" javaType="java.lang.Integer" />
		<result property="type_id" column="type_id" jdbcType="INTEGER" javaType="java.lang.Integer" />
		<result property="num" column="num" />  
		<result property="bill_status" column="bill_status" />  
		<result property="remind_status" column="remind_status"/>  
		<result property="node_id" column="node_id" jdbcType="INTEGER" javaType="java.lang.Integer" />  
		<result property="cust_id" column="cust_id"/>
		<result property="cust_name" column="cust_name"/>
		<result property="fromCall" column="fromCall"/>
		<result property="contactCall" column="contactCall"/>
		<result property="record_id" column="record_id"/>
		<result property="deal_record_id" column="deal_record_id"/> 
		<result property="remark" column="remark"/>
		<result property="add_count" column="add_count" jdbcType="INTEGER" javaType="java.lang.Integer" />
		<result property="time_limit_end" column="time_limit_end"/>
		<result property="accept_user" column="accept_user"/>
		<result property="remark_flag" column="remark_flag"/>
			<result property="address" column="address"/>
			<result property="fix_num" column="fix_num"/>
			<result property="product_series" column="product_series"/>
			<result property="product_num" column="product_num"/>
			<result property="buy_date" column="buy_date"/>
			<result property="company" column="company"/>
			<result property="recall" column="recall"/>
			<result property="deal_level" column="deal_level" jdbcType="INTEGER" javaType="java.lang.Integer" />
			<result property="a" column="a"/>
			<result property="b" column="b"/>
			<result property="c" column="c"/>
			<result property="d" column="d"/>
			<result property="e" column="e"/>
			<result property="f" column="f"/>
			<result property="g" column="g"/>
			<result property="h" column="h"/>
			<result property="i" column="i"/>
			<result property="j" column="j"/>
			<result property="k" column="k"/>
			<result property="l" column="l"/>
			<result property="m" column="m"/>
			<result property="n" column="n"/>
			<result property="o" column="o"/>
			<result property="p" column="p"/>
			<result property="q" column="q"/>
			<result property="r" column="r"/>
			<result property="s" column="s"/>
			<result property="t" column="t"/>
			<result property="receive_time" column="receive_time"/>
			<result property="over_time" column="over_time"/>
			<result property="complet" column="complet"/>
		<result property="billType.name" column="NAME"/>
		<result property="billType.is_public" column="IS_PUBLIC"/>
		<result property="billNode.name" column="node_name"/>
		<result property="billNode.is_complet" column="is_complet"/>
		<result property="billNode.is_destory" column="is_destory"/>
			<result property="count_all" column="count_all" jdbcType="INTEGER" javaType="java.lang.Integer" />
			<result property="count_ready" column="count_ready" jdbcType="INTEGER" javaType="java.lang.Integer" />
		<result property="create_time" column="create_time" />  
		<result property="create_employee" column="create_employee" />
		<result property="create_dept" column="create_dept" jdbcType="INTEGER" javaType="java.lang.Integer" />
		<result property="update_time" column="update_time" />  
		<result property="update_employee" column="update_employee" />
		<result property="update_dept" column="update_dept" jdbcType="INTEGER" javaType="java.lang.Integer" />	
		<result property="enable_flag" column="enable_flag" />  
		<result property="delete_flag" column="delete_flag" />
	</resultMap>  
	<sql id="suffixwhere">
		<![CDATA[
			FROM "OPENEAP"."KK_BILL_INFO" A 
			LEFT JOIN "OPENEAP"."KK_BILL_TYPE" B ON A.TYPE_ID = B.ID
			LEFT JOIN "OPENEAP"."KK_BILL_NODE" C ON A.NODE_ID=C.ID
		]]>	
		<![CDATA[
			WHERE A.DELETE_FLAG='F' AND A.ENABLE_FLAG='T'
		]]>
		<if test="user_id!=null and user_id>0">
			<![CDATA[
				AND C.DEAL_GROUP in (select GROUP_ID from "OPENEAP"."KK_USERADMIN_GROUP_USER" where user_id=#{user_id})
			]]>
		</if>
		<if test="type_id!=null and type_id>0">
			<![CDATA[
				AND A.type_id=#{type_id}
			]]>
		</if>
		<if test="num!=null and num!=''">
			<![CDATA[
			and A.num = #{num}
			]]>
		</if>		
		<if test="cust_name!=null and cust_name!=''">
			<![CDATA[
			and A.cust_name like '%'||#{cust_name}||'%'
			]]>
		</if>	
		<if test="fromCall!=null and fromCall!=''">
			<![CDATA[
			and (A.fromCall=#{fromCall} or A.contactCall=#{fromCall})
			]]>
		</if>	
		<if test="bill_status!=null and bill_status!=''">
			<![CDATA[
			and A.bill_status = #{bill_status}
			]]>
		</if>	
		<if test="start_time!=null and start_time!=''">
			<![CDATA[
			and A.create_time>=#{start_time}
			]]>
		</if>
		<if test="end_time!=null and end_time!=''">
			<![CDATA[
			and A.create_time<=#{end_time}
			]]>
		</if>
		<if test="create_employee!=null and create_employee!=''">
			<![CDATA[
				AND A.create_employee=#{create_employee}
			]]>
		</if>
		<if test="accept_user!=null and accept_user!=''">
			<![CDATA[
				AND A.accept_user=#{accept_user}
			]]>
		</if>
		<if test="fix_num!=null and fix_num!=''">
			<![CDATA[
				AND A.fix_num=#{fix_num}
			]]>
		</if>
		<if test="user_id!=null and user_id>0">
			<![CDATA[
				ORDER BY A.DEAL_LEVEL DESC,A.${orderField} ${orderDirection}
			]]>
		</if>
		<if test="user_id==null or user_id==0">
		<![CDATA[
			ORDER BY A.${orderField} ${orderDirection}
		]]>
		</if>
	</sql>
	<sql id="suffixPage">
		<![CDATA[
	  )select a.* ,(select max(a.resultNums) from a) as RESULT_COUNT 
	  FROM a where a.resultNums between #{start}+1 and #{end}
	  ]]>
	</sql>
	<select id="getObjectList"  parameterType="billInfo" resultMap="billInfoResult">  
		<![CDATA[ 
		with a as (
		SELECT A.*, 
		B.NAME,B.IS_PUBLIC,C.NAME AS node_name
		,rownumber() over (
		]]>
		<if test="user_id!=null and user_id>0">
			<![CDATA[
				ORDER BY A.DEAL_LEVEL DESC,A.${orderField} ${orderDirection}
			]]>
		</if>
		<if test="user_id==null or user_id==0">
			<![CDATA[
				ORDER BY A.${orderField} ${orderDirection} 
			]]>
		</if>
		<![CDATA[ 
		) AS  resultNums
		]]>  
		<include refid="suffixwhere" />
		<include refid="suffixPage" />
	</select> 
	<select id="getAllList"  parameterType="billInfo" resultMap="billInfoResult">  
		<![CDATA[ 
		select "ID", "TYPE_ID", "NUM", "BILL_STATUS", "REMIND_STATUS", "NODE_ID", 
    "CUST_ID", "CUST_NAME", "FROMCALL", "CONTACTCALL", "RECORD_ID", "ADDRESS",
    "FIX_NUM", "PRODUCT_SERIES", "PRODUCT_NUM", "BUY_DATE", "COMPANY", 
    "RECALL", "REMARK", "ADD_COUNT", "TIME_LIMIT_END", "ACCEPT_USER", "A", "B"
    , "C", "D", "E", "F", "G", "CREATE_TIME", "CREATE_EMPLOYEE", "CREATE_DEPT"
    , "UPDATE_TIME", "UPDATE_EMPLOYEE", "UPDATE_DEPT", "ENABLE_FLAG", 
    "DELETE_FLAG", "REMARK_FLAG", "RECEIVE_TIME", "OVER_TIME", "DEAL_LEVEL", 
    "DEAL_RECORD_ID" from "OPENEAP"."KK_BILL_INFO" where delete_flag='F' and enable_flag='T' 
		order by id desc
		]]>  
	</select> 
	<select id="getById" parameterType="java.lang.Integer" resultMap="billInfoResult">
		<![CDATA[ 
		SELECT A.*,B.NAME,B.IS_PUBLIC,C.NAME AS node_name,C.is_complet,C.is_destory
		FROM "OPENEAP"."KK_BILL_INFO" A 
		LEFT JOIN "OPENEAP"."KK_BILL_TYPE" B ON A.TYPE_ID = B.ID
		LEFT JOIN "OPENEAP"."KK_BILL_NODE" C ON A.NODE_ID=C.ID
		WHERE A.ID=#{id}
		]]> 
	</select>
	<select id="getBillInfoCount" parameterType="billInfo" resultMap="billInfoResult">
		<![CDATA[ 
		SELECT COUNT(id) as count_all,
		SUM(case when node_id=0 then 1 else 0 end) as count_ready
		FROM "OPENEAP"."KK_BILL_INFO" 
		WHERE create_employee=#{create_employee}
		]]> 
	</select>
</mapper>