<?xml version="1.0" encoding="UTF-8"?>
<!DOCTYPE mapper PUBLIC "-//mybatis.org//DTD Mapper 3.0//EN" "http://mybatis.org/dtd/mybatis-3-mapper.dtd">
<mapper namespace="com.konka.flow.bill.model.BillNode">
	<insert id="insert" parameterType="billNode">  
	  <selectKey resultType="int" keyProperty="id" order="BEFORE">
	   VALUES NEXTVAL FOR OPENEAP.KK_BILL_NODE_S
	  </selectKey>
		<![CDATA[ 
		 INSERT INTO "OPENEAP"."KK_BILL_NODE" (ID,TYPE_ID,NAME,PARENT_ID,DEAL_GROUP,TIME_LIMIT
		 ,EXPLAIN,is_complet,is_destory,is_remind,is_record_id
		 ,CREATE_TIME,CREATE_EMPLOYEE,CREATE_DEPT,ENABLE_FLAG,DELETE_FLAG) VALUES (
		 #{id},#{type_id},#{name},#{parent_id},#{deal_group},#{time_limit}
		 ,#{explain},#{is_complet},#{is_destory},#{is_remind},#{is_record_id}
		 ,#{create_time},#{create_employee},#{create_dept},#{enable_flag},'F')
		]]>  
	</insert>  
	<update id="update" parameterType="billNode">
		<![CDATA[ 
		UPDATE "OPENEAP"."KK_BILL_NODE" SET 
		update_time = #{update_time}
		,update_employee = #{update_employee}
		,update_dept = #{update_dept}
		]]>
		<if test="name!=null">
			<![CDATA[
			,name = #{name}
			]]>
		</if>
		<if test="deal_group!=null and deal_group>0">
			<![CDATA[
			,deal_group = #{deal_group}
			]]>
		</if>
		<if test="time_limit!=null">
			<![CDATA[
			,time_limit = #{time_limit}
			]]>
		</if>
		<if test="explain!=null">
			<![CDATA[
			,explain = #{explain}
			]]>
		</if>
		<if test="is_complet!=null">
			<![CDATA[
			,is_complet = #{is_complet}
			]]>
		</if>
		<if test="is_destory!=null">
			<![CDATA[
			,is_destory = #{is_destory}
			]]>
		</if>
		<if test="is_remind!=null">
			<![CDATA[
			,is_remind = #{is_remind}
			]]>
		</if>
		<if test="is_record_id">
			<![CDATA[
			,is_record_id = #{is_record_id}
			]]>
		</if>
		<if test="enable_flag!=null">
			<![CDATA[
			,enable_flag = #{enable_flag}
			]]>
		</if>
		<![CDATA[
		WHERE ID=#{id}
		]]> 
	</update>
	<delete id="delete" parameterType="java.lang.Integer">
		<![CDATA[
		DELETE FROM "OPENEAP"."KK_BILL_NODE" WHERE ID=#{id}
		]]>
	</delete>
	<resultMap type="billNode" id="billNodeResult"> 
		<result property="id" column="id" jdbcType="INTEGER" javaType="java.lang.Integer" />
		<result property="type_id" column="type_id" jdbcType="INTEGER" javaType="java.lang.Integer" />
		<result property="name" column="name" />  
		<result property="parent_id" column="parent_id" jdbcType="INTEGER" javaType="java.lang.Integer"/>  
		<result property="deal_group" column="deal_group" jdbcType="INTEGER" javaType="java.lang.Integer" />  
		<result property="time_limit" column="time_limit" jdbcType="INTEGER" javaType="java.lang.Integer" />  
		<result property="explain" column="explain"/>
		<result property="is_complet" column="is_complet"/>
		<result property="is_destory" column="is_destory"/>
		<result property="is_remind" column="is_remind"/>
		<result property="is_record_id" column="is_record_id"/>
			<result property="create_time" column="create_time" />  
			<result property="create_employee" column="create_employee" />
			<result property="create_dept" column="create_dept" jdbcType="INTEGER" javaType="java.lang.Integer" />
			<result property="update_time" column="update_time" />  
			<result property="update_employee" column="update_employee" />
			<result property="update_dept" column="update_dept" jdbcType="INTEGER" javaType="java.lang.Integer" />	
			<result property="enable_flag" column="enable_flag" />  
			<result property="delete_flag" column="delete_flag" />
	</resultMap>  
	<select id="getAllList"  parameterType="billNode" resultMap="billNodeResult">  
		<![CDATA[ 
		select * from "OPENEAP"."KK_BILL_NODE" where delete_flag='F' 
		]]>  
		<if test="type_id!=null and type_id>0">
		<![CDATA[
			AND type_id = #{type_id}
		]]>
		</if>
		<if test="parent_id!=null">
		<![CDATA[
			AND parent_id = #{parent_id}
		]]>
		</if>
		<if test="enable_flag!=null and enable_flag!=''">
		<![CDATA[
			AND enable_flag = #{enable_flag}
		]]>
		</if>
		<![CDATA[ 
		order by id desc
		]]>  
	</select> 
	<select id="getById" parameterType="java.lang.Integer" resultMap="billNodeResult">
		<![CDATA[ 
		SELECT * FROM "OPENEAP"."KK_BILL_NODE"
		WHERE ID=#{id}
		]]> 
	</select>
</mapper>