<?xml version="1.0" encoding="UTF-8"?>
<!DOCTYPE mapper PUBLIC "-//mybatis.org//DTD Mapper 3.0//EN" "http://mybatis.org/dtd/mybatis-3-mapper.dtd">
<mapper namespace="com.konka.flow.bill.model.BillField">
	<insert id="insert" parameterType="billField">  
	  <selectKey resultType="int" keyProperty="id" order="BEFORE">
	   VALUES NEXTVAL FOR OPENEAP.KK_BILL_FIELD_S
	  </selectKey>
		<![CDATA[ 
		 INSERT INTO "OPENEAP"."KK_BILL_FIELD" (ID,TYPE_ID,NAME,key,input_type,select_data,sort,node_id
		 ,CREATE_TIME,CREATE_EMPLOYEE,CREATE_DEPT,ENABLE_FLAG,DELETE_FLAG) VALUES (
		 #{id},#{type_id},#{name},#{key},#{input_type},#{select_data},#{sort},#{node_id}
		 ,#{create_time},#{create_employee},#{create_dept},#{enable_flag},'F')
		]]>  
	</insert>  
	<update id="update" parameterType="billField">
		<![CDATA[ 
		UPDATE "OPENEAP"."KK_BILL_FIELD" SET 
		update_time = #{update_time}
		,update_employee = #{update_employee}
		,update_dept = #{update_dept}
		]]>
		<if test="name!=null">
			<![CDATA[
			,name = #{name}
			]]>
		</if>
		<if test="key!=null">
			<![CDATA[
			,key = #{key}
			]]>
		</if>
		<if test="input_type!=null">
			<![CDATA[
			,input_type = #{input_type}
			]]>
		</if>
		<if test="select_data!=null">
			<![CDATA[
			,select_data = #{select_data}
			]]>
		</if>
		<if test="sort!=null and sort>0">
			<![CDATA[
			,sort = #{sort}
			]]>
		</if>
		<if test="sort!=null">
			<![CDATA[
			,node_id = #{node_id}
			]]>
		</if>
		<if test="enable_flag!=null">
			<![CDATA[
			,enable_flag = #{enable_flag}
			]]>
		</if>
		<if test="delete_flag!=null">
			<![CDATA[
			,delete_flag = #{delete_flag}
			]]>
		</if>
		<![CDATA[
		WHERE ID=#{id}
		]]> 
	</update>
	<delete id="delete" parameterType="java.lang.Integer">
		<![CDATA[
		DELETE FROM "OPENEAP"."KK_BILL_FIELD" WHERE ID=#{id}
		]]>
	</delete>
	<resultMap type="billField" id="billFieldResult"> 
		<result property="id" column="id" jdbcType="INTEGER" javaType="java.lang.Integer" />
		<result property="type_id" column="type_id" jdbcType="INTEGER" javaType="java.lang.Integer" />
		<result property="name" column="name" />  
		<result property="key" column="key" />  
		<result property="input_type" column="input_type" />  
		<result property="select_data" column="select_data" />  
		<result property="sort" column="sort" jdbcType="INTEGER" javaType="java.lang.Integer" />
		<result property="node_id" column="node_id" jdbcType="INTEGER" javaType="java.lang.Integer" /> 
			<result property="create_time" column="create_time" />  
			<result property="create_employee" column="create_employee" />
			<result property="create_dept" column="create_dept" jdbcType="INTEGER" javaType="java.lang.Integer" />
			<result property="update_time" column="update_time" />  
			<result property="update_employee" column="update_employee" />
			<result property="update_dept" column="update_dept" jdbcType="INTEGER" javaType="java.lang.Integer" />	
			<result property="enable_flag" column="enable_flag" />  
			<result property="delete_flag" column="delete_flag" />
	</resultMap>  
	<select id="getAllList"  parameterType="billField" resultMap="billFieldResult">  
		<![CDATA[ 
		select * from "OPENEAP"."KK_BILL_FIELD" where delete_flag='F' 
		]]>  
		<if test="type_id!=null and type_id>0">
		<![CDATA[
			AND type_id = #{type_id}
		]]>
		</if>
		<if test="node_id!=null">
		<![CDATA[
			AND node_id = #{node_id}
		]]>
		</if>
		<if test="enable_flag!=null and enable_flag!=''">
		<![CDATA[
			AND enable_flag = #{enable_flag}
		]]>
		</if>
		<![CDATA[ 
		order by sort asc
		]]>  
	</select> 
	<select id="getById" parameterType="java.lang.Integer" resultMap="billFieldResult">
		<![CDATA[ 
		SELECT * FROM "OPENEAP"."KK_BILL_FIELD"
		WHERE ID=#{id}
		]]> 
	</select>
</mapper>