<?xml version="1.0" encoding="UTF-8"?>
<!DOCTYPE mapper PUBLIC "-//mybatis.org//DTD Mapper 3.0//EN" "http://mybatis.org/dtd/mybatis-3-mapper.dtd">
<mapper namespace="com.konka.job.consult.model.Consult">

	<insert id="insert" parameterType="consult">
		<![CDATA[ 
		 INSERT INTO "OPENEAP"."KK_CU_CONSULT" (
		"name","fromcall","contactCall","city","address","consult_desc","product_series","product_num",
		"CREATE_EMPLOYEE","CREATE_TIME","CREATE_DEPT","DELETE_FLAG","ENABLE_FLAG") 
		VALUES (#{name},#{fromCall},#{contactCall},#{city},#{address},#{consult_desc},#{product_series},#{product_num},
		#{create_employee}, #{create_time}, #{create_dept},'F','T')
		
		]]>
	</insert>	


	<select id="getById" parameterType="java.lang.Integer" resultMap="consultResult">
		<![CDATA[ 
		SELECT  * FROM KK_CU_CONSULT WHERE ID=#{id} 
		]]> 
	</select>
	
	<select id="getByObject" parameterType="consult" resultMap="consultResult">
		<![CDATA[ 
		SELECT  * FROM KK_CU_CONSULT WHERE "contactCall"=#{contactCall} ORDER BY CREATE_TIME DESC
		fetch   first   1   rows   only
		]]> 
	</select>
	
	<update id="update" parameterType="consult">
		<![CDATA[ 
		UPDATE "OPENEAP"."KK_CU_CONSULT" SET 
		 UPDATE_TIME=#{update_time}
		,UPDATE_EMPLOYEE=#{update_employee}
		]]>
		
		<if test="consult_desc!=null and consult_desc!=''">
			<![CDATA[
			,"consult_desc" = #{consult_desc}
			]]>
		</if>
		<if test="name!=null and name!=''">
			<![CDATA[
			,"name" = #{name}
			]]>
		</if>
		<if test="fromCall!=null and fromCall!=''">
			<![CDATA[
				, "fromcall" = #{fromCall}
			]]>
		</if>	
		<if test="city!=null and city!=''">
			<![CDATA[
				, "city" = #{city}
			]]>
		</if>
		<if test="contactCall!=null and contactCall!=''">
			<![CDATA[
				, "contactCall" = #{contactCall}
			]]>
		</if>
		<if test="product_num!=null and product_num!=''">
			<![CDATA[
				, "product_num" = #{product_num}
			]]>
		</if>
		<if test="product_series!=null and product_series!=''">
			<![CDATA[
				, "product_series" = #{product_series}
			]]>
		</if>
	
		
		<![CDATA[
		 where id = #{id}
		]]>
	</update>

 	<resultMap type="consult" id="consultResult"> 
 	
 		<result property="id" column="id" jdbcType="INTEGER" javaType="java.lang.Integer" />
		<result property="custId" column="CUSTID"/>
		<result property="name" column="NAME" />  
		<result property="city" column="city" />
		<result property="fromCall" column="fromcall" />  
		<result property="contactCall" column="contactCall" />  
		<result property="address" column="ADDRESS" />  
		<result property="consult_desc" column="consult_desc" /> 
		<result property="product_series" column="product_series" /> 
		<result property="product_num" column="product_num" /> 
	
			<result property="create_time" column="create_time" />  
			<result property="create_employee" column="create_employee" />
			<result property="create_dept" column="create_dept" jdbcType="INTEGER" javaType="java.lang.Integer" />
			<result property="update_time" column="update_time" />  
			<result property="update_employee" column="update_employee" />
			<result property="update_dept" column="update_dept" jdbcType="INTEGER" javaType="java.lang.Integer" />	
			<result property="enable_flag" column="enable_flag" />  
			<result property="delete_flag" column="delete_flag" />
	</resultMap> 
	
	
	<select id="getObjectList"  parameterType="consult" resultMap="consultResult">  
		<![CDATA[ 
		with a as (
		select A.*
		,rownumber() over (ORDER BY A.${orderField} ${orderDirection}) AS  resultNums
		]]>  
		<include refid="suffixwhere" />
		<include refid="suffixPage" />
	</select> 
	<sql id="suffixwhere" >  
		<![CDATA[
		  from OPENEAP.KK_CU_CONSULT A WHERE A.DELETE_FLAG='F'
 		]]>	
 		<if test="name!=null and name!=''">
			<![CDATA[
				AND A."name" = #{name}
			]]>
		</if>
		
		<if test="fromCall!=null and fromCall!=''">
			<![CDATA[
				AND A."fromcall" = #{fromCall}
			]]>
		</if>	
		<if test="city!=null and city!=''">
			<![CDATA[
				AND A."city" = #{city}
			]]>
		</if>
		<if test="contactCall!=null and contactCall!=''">
			<![CDATA[
				AND A."contactCall" = #{contactCall}
			]]>
		</if>
		<if test="product_num!=null and product_num!=''">
			<![CDATA[
				AND A."product_num" = #{product_num}
			]]>
		</if>
		<if test="create_employee!=null and create_employee!=''">
			<![CDATA[
				AND A.create_employee = #{create_employee}
			]]>
		</if>
		<if test="product_series!=null and product_series!=''">
			<![CDATA[
				AND A."product_series" = #{product_series}
			]]>
		</if>
		<if test="start_time!=null and start_time!=''">
			<![CDATA[
				AND A.CREATE_TIME >= #{start_time}
			]]>
		</if>
		<if test="end_time!=null and end_time!=''">
			<![CDATA[
				AND A.CREATE_TIME <= #{end_time}
			]]>
		</if>
		
	</sql> 
	
	<sql id="suffixPage">
		<![CDATA[
		  )select a.* ,(select max(a.resultNums) from a) as RESULT_COUNT 
		  FROM a where a.resultNums between #{start}+1 and #{end}
		  ]]>
	</sql>
	
	
	
	
	
	 
</mapper>