<?xml version="1.0" encoding="UTF-8"?>
<!DOCTYPE mapper PUBLIC "-//mybatis.org//DTD Mapper 3.0//EN" "http://mybatis.org/dtd/mybatis-3-mapper.dtd">
<mapper namespace="com.konka.job.info.model.InfoFavorite">
	<insert id="insert" parameterType="infoFavorite"> 
		  <selectKey resultType="java.lang.Integer" keyProperty="id" order="BEFORE" >
		    VALUES NEXTVAL FOR KK_INFO_FAVORITE_S
		  </selectKey>
		<![CDATA[ 
			Insert into OPENEAP.KK_INFO_FAVORITE (id,know_id,sort
			,CREATE_TIME,CREATE_EMPLOYEE,CREATE_DEPT,ENABLE_FLAG,DELETE_FLAG) VALUES (
			#{id},#{know_id},0
			,#{create_time},#{create_employee},#{create_dept},'T','F')
		]]>
	</insert>
	<update id="update" parameterType="infoFavorite">
		<![CDATA[ 
		UPDATE "OPENEAP"."KK_INFO_FAVORITE" SET 
		update_time = #{update_time}
		,update_employee = #{update_employee}
		,update_dept = #{update_dept}
		]]>
		<if test="sort!=null">
			<![CDATA[
			,sort = #{sort}
			]]>
		</if>
		<![CDATA[
		WHERE ID=#{id}
		]]> 
	</update>
	<delete id="delete" parameterType="java.lang.Integer">
		<![CDATA[
		delete from OPENEAP.KK_INFO_FAVORITE where id=#{id}
		]]> 
	</delete>
	<resultMap type="infoFavorite" id="infoFavoriteResult">
		<result property="id" column="id" jdbcType="INTEGER" javaType="java.lang.Integer" />
		<result property="know_id" column="know_id" jdbcType="INTEGER" javaType="java.lang.Integer" />
		<result property="sort" column="sort" jdbcType="INTEGER" javaType="java.lang.Integer" />
		<result property="infoKnow.title" column="title" />  
		<result property="infoKnow.num" column="num" />
		<result property="infoKnow.short_desc" column="short_desc" />
		<result property="infoKnow.dir_id" column="dir_id" jdbcType="INTEGER" javaType="java.lang.Integer"/>
		<result property="infoKnow.click" column="click" jdbcType="INTEGER" javaType="java.lang.Integer"/>
		<result property="infoKnow.good" column="good" jdbcType="INTEGER" javaType="java.lang.Integer"/>
			<result property="create_time" column="create_time" />  
			<result property="create_employee" column="create_employee" />
			<result property="create_dept" column="create_dept" jdbcType="INTEGER" javaType="java.lang.Integer" />
			<result property="update_time" column="update_time" />  
			<result property="update_employee" column="update_employee" />
			<result property="update_dept" column="update_dept" jdbcType="INTEGER" javaType="java.lang.Integer" />	
			<result property="enable_flag" column="enable_flag" />  
			<result property="delete_flag" column="delete_flag" />
	</resultMap>
	<select id="getById" parameterType="infoFavorite" resultMap="infoFavoriteResult">
		<![CDATA[ 
			SELECT * FROM OPENEAP.KK_INFO_FAVORITE WHERE ID=#{id}
		]]>  
	</select>
	<select id="getByObject" parameterType="infoFavorite" resultMap="infoFavoriteResult">
		<![CDATA[ 
			SELECT * FROM OPENEAP.KK_INFO_FAVORITE WHERE DELETE_FLAG='F' AND ENABLE_FLAG='T'
		]]>  
		<if test="know_id !=null and know_id>0">
			<![CDATA[ 
				and know_id = #{know_id}
			]]>
		</if>
		<if test="create_employee !=null and create_employee!=''">
			<![CDATA[ 
				and create_employee = #{create_employee}
			]]>
		</if>
		<![CDATA[ 
		 	ORDER BY ID DESC FETCH FIRST 1 ROWS ONLY
		]]> 
	</select>
	<sql id="suffixPage">
		<![CDATA[
	  )select a.* ,(select max(a.resultNums) from a) as RESULT_COUNT 
	  FROM a where a.resultNums between #{start}+1 
	  and #{end}
	  ]]>
	</sql>
	<select id="getFavoriteKnowList"  parameterType="infoFavorite" resultMap="infoFavoriteResult">  
		<![CDATA[ 
		with a as (
		SELECT 
		A.ID,A.KNOW_ID,A.create_time,A.sort,B.TITLE,B.NUM,B.short_desc,B.dir_id,B.click,B.good
		,rownumber() over (ORDER BY A.sort desc,A.id desc ) AS  resultNums
		from OPENEAP.KK_INFO_FAVORITE A 
		left join "OPENEAP"."KK_INFO_KNOW" B ON A.know_id=B.id 
		where A.DELETE_FLAG='F' and A.enable_flag='T'
		AND B.DELETE_FLAG='F' and B.enable_flag='T' AND B.IS_REVIEW='T'
		]]> 
		<if test="create_employee !=null and create_employee!=''">
			<![CDATA[ 
				and A.create_employee = #{create_employee}
			]]>
		</if>
		<if test="infoKnow.title!=null and infoKnow.title!=''">
			and B.title like '%${infoKnow.title}%'
		</if>
		<![CDATA[
			ORDER BY A.sort desc,A.id desc
		]]>
		<include refid="suffixPage" />
	</select> 
	<select id="getFavoriteForIndex" parameterType="infoFavorite" resultMap="infoFavoriteResult">
		<![CDATA[ 
			SELECT A.ID,A.KNOW_ID,B.TITLE,B.NUM FROM OPENEAP.KK_INFO_FAVORITE A LEFT JOIN OPENEAP.KK_INFO_KNOW B ON A.KNOW_ID=B.ID
			 WHERE A.DELETE_FLAG='F' AND A.ENABLE_FLAG='T'  AND B.NUM is not null AND B.DELETE_FLAG='F' AND B.ENABLE_FLAG='T'
			and A.create_employee = #{create_employee} ORDER BY A.SORT DESC,A.ID DESC FETCH FIRST 20 ROWS ONLY
		]]> 
	</select>
</mapper>