<?xml version="1.0" encoding="UTF-8"?>
<!DOCTYPE mapper PUBLIC "-//mybatis.org//DTD Mapper 3.0//EN" "http://mybatis.org/dtd/mybatis-3-mapper.dtd">
<mapper namespace="com.konka.job.info.model.InfoKnow">
	<insert id="insert" parameterType="infoKnow">  
		  <selectKey resultType="java.lang.Integer" keyProperty="id" order="BEFORE" >
		    VALUES NEXTVAL FOR KK_INFO_KNOW_S
		  </selectKey>
		<![CDATA[ 
		 INSERT INTO "OPENEAP"."KK_INFO_KNOW" (id,num,dir_id,title,keywords,content,describe,fastnav,is_new,is_important
		 ,is_upload,is_review,destory_time,relevant,weight,short_desc,good,normal,angry,common,bad,click
		 ,CREATE_TIME,CREATE_EMPLOYEE,CREATE_DEPT,ENABLE_FLAG,DELETE_FLAG) VALUES (
		 #{id},#{num},#{dir_id},#{title},#{keywords},#{content},#{describe},#{fastnav},#{is_new},#{is_important}
		 ,#{is_upload},'F',#{destory_time},#{relevant},#{weight},#{short_desc},0,0,0,0,0,0
		 ,#{create_time},#{create_employee},#{create_dept},#{enable_flag},'F')
		]]>  
	</insert>  
	<update id="update" parameterType="infoKnow">
		<![CDATA[ 
		UPDATE "OPENEAP"."KK_INFO_KNOW" SET 
		update_time = #{update_time}
		,update_employee = #{update_employee}
		,update_dept = #{update_dept}
		]]>
		<if test="dir_id!=null and dir_id>0">
			<![CDATA[
			,dir_id = #{dir_id}
			]]>
		</if>
		<if test="title!=null and title!=''">
			<![CDATA[
			,title = #{title}
			]]>
		</if>
		<if test="keywords!=null and keywords!=''">
			<![CDATA[
			,keywords = #{keywords}
			]]>
		</if>
		<if test="content!=null and content!=''">
			<![CDATA[
			,content = #{content}
			]]>
		</if>
		<if test="describe!=null and describe!=''">
			<![CDATA[
			,describe = #{describe}
			]]>
		</if>
		<if test="fastnav!=null and fastnav!=''">
			<![CDATA[
			,fastnav = #{fastnav}
			]]>
		</if>
		<if test="is_new!=null and is_new!=''">
			<![CDATA[
			,is_new = #{is_new}
			]]>
		</if>
		<if test="is_important!=null and is_important!=''">
			<![CDATA[
			,is_important = #{is_important}
			]]>
		</if>
		<if test="is_upload!=null and is_upload!=''">
			<![CDATA[
			,is_upload = #{is_upload}
			]]>
		</if>
		<if test="is_review!=null and is_review!=''">
			<![CDATA[
			,is_review = #{is_review}
			]]>
		</if>
		<if test="review_person!=null and review_person!=''">
			<![CDATA[
			,review_person = #{review_person}
			]]>
		</if>
		<if test="review_time!=null and review_time!=''">
			<![CDATA[
			,review_time = #{review_time}
			]]>
		</if>
		<if test="short_desc!=null and short_desc!=''">
			<![CDATA[
			,short_desc = #{short_desc}
			]]>
		</if>
		<if test="destory_time!=null">
			<![CDATA[
			,destory_time = #{destory_time}
			]]>
		</if>
		<if test="relevant!=null">
			<![CDATA[
			,relevant = #{relevant}
			]]>
		</if>
		<if test="weight!=null">
			<![CDATA[
			,weight = #{weight}
			]]>
		</if>
		<if test="enable_flag!=null and enable_flag!=''">
			<![CDATA[
			,enable_flag = #{enable_flag}
			]]>
		</if>
		<![CDATA[
		WHERE ID=#{id}
		]]> 
	</update>
	<update id="updateKnowClick" parameterType="infoKnow">
		<![CDATA[ 
			UPDATE "OPENEAP"."KK_INFO_KNOW" SET 
			click=click+1,last_click_time=current timestamp
			WHERE id=#{id}
		]]>
	</update>
	<update id="updateKnowPingjia" parameterType="infoKnow">
		<![CDATA[ 
			UPDATE "OPENEAP"."KK_INFO_KNOW" SET 
			good=#{good},bad=#{bad},normal=#{normal},common=#{common},angry=#{angry},weight=#{weight}
			WHERE id=#{id}
		]]>
	</update>
	<delete id="delete" parameterType="java.lang.Integer">
		<![CDATA[
		DELETE FROM "OPENEAP"."KK_INFO_KNOW" WHERE ID=#{id}
		]]>
	</delete>
	<resultMap type="infoKnow" id="infoKnowResult">  
		<result property="id" column="id" jdbcType="INTEGER" javaType="java.lang.Integer" />
		<result property="dir_id" column="dir_id" jdbcType="INTEGER" javaType="java.lang.Integer" />
		<result property="num" column="num" />  
		<result property="title" column="title" />  
		<result property="keywords" column="keywords" />  
		<result property="content" column="content" />
		<result property="describe" column="describe" />
		<result property="fastnav" column="fastnav"/>
		<result property="is_upload" column="is_upload" />
		<result property="is_new" column="is_new" />
		<result property="is_important" column="is_important" />
		<result property="is_review" column="is_review"/>
		<result property="good" column="good" jdbcType="INTEGER" javaType="java.lang.Integer" />
		<result property="bad" column="bad" jdbcType="INTEGER" javaType="java.lang.Integer" />
		<result property="normal" column="normal" jdbcType="INTEGER" javaType="java.lang.Integer" />
		<result property="angry" column="angry" jdbcType="INTEGER" javaType="java.lang.Integer" />
		<result property="common" column="common" jdbcType="INTEGER" javaType="java.lang.Integer" />
		
		<result property="short_desc" column="short_desc"/>
		<result property="destory_time" column="destory_time"/>
		<result property="relevant" column="relevant"/>
		<result property="review_person" column="review_person"/>
		<result property="review_time" column="review_time"/>
				<result property="click" column="click" jdbcType="INTEGER" javaType="java.lang.Integer" />
				<result property="last_click_time" column="last_click_time" />
		<result property="weight" column="weight" jdbcType="INTEGER" javaType="java.lang.Integer"/>
			<result property="create_time" column="create_time" />  
			<result property="create_employee" column="create_employee" />
			<result property="create_dept" column="create_dept" jdbcType="INTEGER" javaType="java.lang.Integer" />
			<result property="update_time" column="update_time" />  
			<result property="update_employee" column="update_employee" />
			<result property="update_dept" column="update_dept" jdbcType="INTEGER" javaType="java.lang.Integer" />	
			<result property="enable_flag" column="enable_flag" />  
			<result property="delete_flag" column="delete_flag" /> 
			<result property="record_id" column="record_id" />
	</resultMap>  
	<sql id="suffixwhere">
		<![CDATA[
			FROM "OPENEAP"."KK_INFO_KNOW" A  
			left join "OPENEAP"."KK_INFO_DIRECTORY" B ON A.dir_id=B.id 
			WHERE A.DELETE_FLAG='F'
		]]>
		<if test="title!=null and title!=''">
			<![CDATA[
				AND A.TITLE LIKE '%'||#{title}||'%'
			]]>
		</if>
		<if test="num!=null and num!=''">
			<![CDATA[
				AND A.NUM=#{num}
			]]>
		</if>
		<if test="infoDirectory.num!=null and infoDirectory.num!=''">
			<![CDATA[
				AND B.NUM like '${infoDirectory.num}%'
			]]>
		</if>
		<if test="dir_id!=null and dir_id>0">
			<![CDATA[
				AND A.DIR_ID=#{dir_id}
			]]>
		</if>
		<if test="is_review!=null and is_review!=''">
			<![CDATA[
				AND A.is_review=#{is_review}
			]]>
		</if>
		<if test="is_new!=null and is_new!=''">
			<![CDATA[
				AND A.is_new=#{is_new}
			]]>
		</if>
		<if test="is_important!=null and is_important!=''">
			<![CDATA[
				AND A.is_important=#{is_important}
			]]>
		</if>
		<if test="enable_flag != null and enable_flag != ''">
			<![CDATA[
				AND A.enable_flag = #{enable_flag}
			]]>
		</if>
		<![CDATA[
			ORDER BY A.${orderField} ${orderDirection}
		]]>
	</sql> 
	<sql id="suffixPage">
		<![CDATA[
	  )select a.* ,(select max(a.resultNums) from a) as RESULT_COUNT 
	  FROM a where a.resultNums between #{start}+1 
	  and #{end}
	  ]]>
	</sql>
	<select id="getObjectList"  parameterType="infoKnow" resultMap="infoKnowResult">  
		<![CDATA[ 
		with a as (
		SELECT 
		A.id,A.num,A.dir_id,A.title,A.short_desc,A.is_new,A.is_important,A.click,
		A.good,A.create_time,A.weight,A.create_employee,A.enable_flag,A.is_review
		,rownumber() over (ORDER BY A.${orderField} ${orderDirection} ) AS  resultNums
		]]>  
		<include refid="suffixwhere" />
		<include refid="suffixPage" />
	</select> 
	<select id="getAllList"  parameterType="infoKnow" resultMap="infoKnowResult">  
		<![CDATA[ 
		select * FROM "OPENEAP"."KK_INFO_KNOW" A  WHERE A.DELETE_FLAG='F'
		AND A.ENABLE_FLAG ='T'
		]]>  
		<if test="title!=null and title!=''">
			<![CDATA[
				and title like '%${title}%'
			]]>
		</if>
		<if test="is_review!=null and is_review!=''">
			<![CDATA[
				AND is_review=#{is_review}
			]]>
		</if>
		<if test="relevant!=null and relevant!=''">
		<![CDATA[
			and id in (${relevant})
		]]>
		</if>
		<![CDATA[ 
		Order by weight desc,id desc
		]]> 
		<![CDATA[ 
		FETCH FIRST ${fetch_count} ROWS ONLY  
		]]> 
	</select> 
	<select id="getDirKnowInfoList"  parameterType="infoKnow" resultMap="infoKnowResult">  
		<![CDATA[ 
		with a as (
		SELECT 
		A.*
		]]> 
		<if test="create_time!=null and create_time!=''"> 
			,C.know_id as record_id
		</if>
		<![CDATA[
		,rownumber() over (ORDER BY A.${orderField} ${orderDirection},A.id desc ) AS  resultNums
		from "OPENEAP"."KK_INFO_KNOW" A 
		left join "OPENEAP"."KK_INFO_DIRECTORY" B ON A.dir_id=B.id 
		]]> 
		<if test="create_time!=null and create_time!=''"> 
		left join (select know_id from openeap.kk_info_record where create_time>#{create_time} and create_employee=#{create_employee} group by know_id) C ON C.know_id=A.id
		</if>
		<![CDATA[
		where A.DELETE_FLAG='F' and A.enable_flag='T' AND IS_REVIEW='T'
		]]>  
		<if test="infoDirectory.num!=null and infoDirectory.num!=''">
		<![CDATA[
			and B.num like '${infoDirectory.num}%'
		]]>
		</if>
		<if test="is_new!=null and is_new!=''">
			<![CDATA[
				AND A.is_new=#{is_new}
			]]>
		</if>
		<if test="create_time!=null and create_time!=''">
			<![CDATA[
				AND (A.create_time>#{create_time} or A.update_time>#{create_time})
			]]>
		</if>
		<if test="is_important!=null and is_important!=''">
			<![CDATA[
				AND A.is_important=#{is_important}
			]]>
		</if>
		<if test="title!=null and title!=''">
			<![CDATA[
				AND A.title like '%${title}%'
			]]>
		</if>
		<if test="infoDirectory.type!=null and infoDirectory.type!=''">
			<![CDATA[
				AND B.type =#{infoDirectory.type}
			]]>
		</if>
		<if test="create_time!=null and create_time!=''">
			<![CDATA[
				ORDER BY A.CREATE_TIME DESC,A.UPDATE_TIME DESC
			]]>
		</if>
		<if test="create_time==null">
			<![CDATA[
				ORDER BY A.${orderField} ${orderDirection},A.id desc
			]]>
		</if>
		<include refid="suffixPage" />
	</select> 
	<select id="getById" parameterType="java.lang.Integer" resultMap="infoKnowResult">
		<![CDATA[ 
		SELECT * FROM "OPENEAP"."KK_INFO_KNOW"
		WHERE ID=#{id}
		]]> 
	</select>
	<select id="getPreKnow" parameterType="infoKnow" resultMap="infoKnowResult">
		<![CDATA[ 
		SELECT * FROM "OPENEAP"."KK_INFO_KNOW"
		WHERE ID<#{id} and dir_id=#{dir_id} and enable_flag='T' and delete_flag='F'
		ORDER BY ID DESC FETCH FIRST 1 ROWS ONLY
		]]> 
	</select>
	<select id="getNextKnow" parameterType="infoKnow" resultMap="infoKnowResult">
		<![CDATA[ 
		SELECT * FROM "OPENEAP"."KK_INFO_KNOW"
		WHERE ID>#{id} and dir_id=#{dir_id} and enable_flag='T' and delete_flag='F'
		ORDER BY ID ASC FETCH FIRST 1 ROWS ONLY
		]]> 
	</select>
	<select id="getBangList" parameterType="infoKnow" resultMap="infoKnowResult">
		<![CDATA[ 
		SELECT B.ID,B.TITLE,B.NUM,B.IS_NEW,B.IS_IMPORTANT FROM  (select KNOW_ID
		  from "OPENEAP"."KK_INFO_RECORD" WHERE ENABLE_FLAG='T' AND DELETE_FLAG='F'
		 ]]> 
		<if test="create_time!=null">
		<![CDATA[
			and create_time>#{create_time}
		]]>
		</if>
		 <![CDATA[ 
		   group by know_id order by SUM(CLICK) desc FETCH FIRST 20 ROWS ONLY ) A 
		  LEFT JOIN OPENEAP.KK_INFO_KNOW B ON A.KNOW_ID = B.ID AND B.NUM is not null
		  WHERE B.ENABLE_FLAG='T' AND B.DELETE_FLAG='F' AND B.IS_REVIEW='T'
		]]> 
	</select>
	<select id="getBestKnowList" parameterType="infoKnow" resultMap="infoKnowResult">
		<![CDATA[ 
		SELECT B.ID,B.TITLE,B.NUM,B.IS_NEW,B.IS_IMPORTANT FROM (select know_id from OPENEAP.KK_INFO_RECORD 
		where  ENABLE_FLAG='T' AND DELETE_FLAG='F' AND is_useful='T'
		 ]]> 
		<if test="create_time!=null">
		<![CDATA[
			and create_time>#{create_time}
		]]>
		</if>
		 <![CDATA[ 
		  group by know_id order by count(id) desc
		  FETCH FIRST 20 ROWS ONLY ) A
		  LEFT JOIN OPENEAP.KK_INFO_KNOW B ON A.KNOW_ID = B.ID AND B.NUM is not null
		  WHERE B.ENABLE_FLAG='T' AND B.DELETE_FLAG='F' AND B.IS_REVIEW='T'
		]]> 
	</select>
	<select id="getKnowCount" parameterType="infoKnow" resultType="java.lang.Integer">
		<![CDATA[
		SELECT COUNT(ID) FROM  OPENEAP.KK_INFO_KNOW WHERE ENABLE_FLAG='T' AND DELETE_FLAG='F' AND IS_REVIEW='T'
		]]>
		<if test="is_new!=null and is_new!=''">
			<![CDATA[
				and is_new=#{is_new}
			]]>
		</if>
		<if test="is_important!=null and is_important!=''">
			<![CDATA[
				AND is_important=#{is_important}
			]]>
		</if>
		<if test="create_time!=null and create_time!=''">
			<![CDATA[
				AND (create_time>#{create_time} or update_time>#{create_time})
			]]>
		</if>
	</select>
</mapper>