<?xml version="1.0" encoding="UTF-8"?>
<!DOCTYPE mapper PUBLIC "-//mybatis.org//DTD Mapper 3.0//EN" "http://mybatis.org/dtd/mybatis-3-mapper.dtd">
<mapper namespace="com.konka.job.info.model.InfoDirectory">
	<insert id="insert" parameterType="infoDirectory">  
		<![CDATA[ 
		 INSERT INTO "OPENEAP"."KK_INFO_DIRECTORY" (PARENT_ID,NUM,NAME,SORT,TYPE
		 ,CREATE_TIME,CREATE_EMPLOYEE,CREATE_DEPT,ENABLE_FLAG,DELETE_FLAG) VALUES (
		 #{parent_id},#{num},#{name},#{sort},#{type}
		 ,#{create_time},#{create_employee},#{create_dept},'T','F')
		]]>  
	</insert>  
	<update id="update" parameterType="infoDirectory">
		<![CDATA[ 
		UPDATE "OPENEAP"."KK_INFO_DIRECTORY" SET 
		update_time = #{update_time}
		,update_employee = #{update_employee}
		,update_dept = #{update_dept}
		]]>
		<if test="name!=null and name!=''">
			<![CDATA[
			,name = #{name}
			]]>
		</if>
		<if test="sort!=null">
			<![CDATA[
			,sort = #{sort}
			]]>
		</if>
		<if test="type!=null and type!=''">
			<![CDATA[
			,type = #{type}
			]]>
		</if>
		<if test="enable_flag!=null and enable_flag!=''">
			<![CDATA[
			,enable_flag = #{enable_flag}
			]]>
		</if>
		<if test="delete_flag!=null and delete_flag!=''">
			<![CDATA[
			,delete_flag = #{delete_flag}
			]]>
		</if>
		<![CDATA[
		WHERE ID=#{id}
		]]> 
	</update>
	<delete id="delete" parameterType="java.lang.Integer">
		<![CDATA[
		DELETE FROM "OPENEAP"."KK_INFO_DIRECTORY" WHERE ID=#{id}
		]]>
	</delete>
	<resultMap type="infoDirectory" id="infoDirectoryResult">  
		<result property="id" column="id" jdbcType="INTEGER" javaType="java.lang.Integer" />
		<result property="parent_id" column="parent_id" jdbcType="INTEGER" javaType="java.lang.Integer" />
		<result property="sort" column="sort" jdbcType="INTEGER" javaType="java.lang.Integer" />
		<result property="num" column="num" />  
		<result property="name" column="name" />  
		<result property="type" column="type" /> 
			<result property="create_time" column="create_time" />  
			<result property="create_employee" column="create_employee" />
			<result property="create_dept" column="create_dept" jdbcType="INTEGER" javaType="java.lang.Integer" />
			<result property="update_time" column="update_time" />  
			<result property="update_employee" column="update_employee" />
			<result property="update_dept" column="update_dept" jdbcType="INTEGER" javaType="java.lang.Integer" />	
			<result property="enable_flag" column="enable_flag" />  
			<result property="delete_flag" column="delete_flag" />
	</resultMap>  
	<select id="getById" parameterType="java.lang.Integer" resultMap="infoDirectoryResult">
		<![CDATA[ 
		SELECT * FROM "OPENEAP"."KK_INFO_DIRECTORY"
		WHERE ID=#{id}
		]]> 
	</select>
	<select id="getAllList"  parameterType="infoDirectory" resultMap="infoDirectoryResult">  
		<![CDATA[ 
		SELECT * FROM "OPENEAP"."KK_INFO_DIRECTORY"
		WHERE DELETE_FLAG='F'
		]]>  
		<if test="parent_id != null">
		<![CDATA[
		AND PARENT_ID=#{parent_id} 
		]]>
		</if>
		<if test="enable_flag!= null and enable_flag!=''">
		<![CDATA[
		AND enable_flag=#{enable_flag} 
		]]>
		</if>
		<if test="num != null and num != ''">
		<![CDATA[
		AND num like ''||#{num}||'%'
		]]>
		</if>
		<if test="type != null and type != ''">
		<![CDATA[
		AND type = #{type}
		]]>
		</if>
		<![CDATA[
		ORDER BY parent_id asc,sort ASC
		]]>
	</select> 
	<select id="getNewObject"  parameterType="infoDirectory" resultMap="infoDirectoryResult">  
		<![CDATA[
		SELECT * FROM "OPENEAP"."KK_INFO_DIRECTORY" 
		WHERE PARENT_ID=#{parent_id} ORDER BY ID DESC FETCH FIRST 1 ROWS ONLY
		]]>
	</select>
</mapper>