<?xml version="1.0" encoding="UTF-8"?>
<!DOCTYPE mapper PUBLIC "-//mybatis.org//DTD Mapper 3.0//EN" "http://mybatis.org/dtd/mybatis-3-mapper.dtd">
<mapper namespace="com.konka.job.info.model.InfoAsk">
	<insert id="insert" parameterType="infoAsk"> 
		  <selectKey resultType="java.lang.Integer" keyProperty="id" order="BEFORE" >
		    VALUES NEXTVAL FOR KK_INFO_ASK_S
		  </selectKey>
		<![CDATA[ 
			Insert into OPENEAP.KK_INFO_ASK (id,dir_id,title,click
			,CREATE_TIME,CREATE_EMPLOYEE,CREATE_DEPT,ENABLE_FLAG,DELETE_FLAG) VALUES (
			#{id},#{dir_id},#{title},0
			,#{create_time},#{create_employee},#{create_dept},'F','F')
		]]>
	</insert>
	<delete id="delete" parameterType="java.lang.Integer">
		<![CDATA[
			delete from OPENEAP.KK_INFO_ASK where id=${value}
		]]>
	</delete>
	<update id="update" parameterType="infoAsk">
		<![CDATA[ 
		UPDATE "OPENEAP"."KK_INFO_ASK" SET 
		update_time = #{update_time}
		,update_employee = #{update_employee}
		,update_dept = #{update_dept}
		]]>
		<if test="dir_id!=null and dir_id>0">
			<![CDATA[
			,dir_id = #{dir_id}
			]]>
		</if>
		<if test="title!=null and title!=''">
			<![CDATA[
			,title = #{title}
			]]>
		</if>
		<if test="answer!=null and answer!=''">
			<![CDATA[
			,answer = #{answer}
			]]>
		</if>
		<if test="answer_person!=null and answer_person!=''">
			<![CDATA[
			,answer_person = #{answer_person}
			]]>
		</if>
		<if test="answer_time!=null">
			<![CDATA[
			,answer_time = #{answer_time}
			]]>
		</if>
		<if test="enable_flag!=null and enable_flag!=''">
			<![CDATA[
			,enable_flag = #{enable_flag}
			]]>
		</if>
		<![CDATA[
		WHERE ID=#{id}
		]]> 
	</update>
	<update id="updateAskForView" parameterType="infoAsk">
		<![CDATA[
		UPDATE "OPENEAP"."KK_INFO_ASK" SET click=click+1 where id=#{id}
		]]>
	</update>
	<resultMap type="infoAsk" id="infoAskResult">
		<result property="id" column="id" jdbcType="INTEGER" javaType="java.lang.Integer" />
		<result property="dir_id" column="dir_id" jdbcType="INTEGER" javaType="java.lang.Integer" />
		<result property="title" column="title" />  
		<result property="answer" column="answer" />  
		<result property="answer_person" column="answer_person" />  
		<result property="answer_time" column="answer_time" />  
		<result property="click" column="click" jdbcType="INTEGER" javaType="java.lang.Integer" />
			<result property="create_time" column="create_time" />  
			<result property="create_employee" column="create_employee" />
			<result property="create_dept" column="create_dept" jdbcType="INTEGER" javaType="java.lang.Integer" />
			<result property="update_time" column="update_time" />  
			<result property="update_employee" column="update_employee" />
			<result property="update_dept" column="update_dept" jdbcType="INTEGER" javaType="java.lang.Integer" />	
			<result property="enable_flag" column="enable_flag" />  
			<result property="delete_flag" column="delete_flag" />
	</resultMap>
	<sql id="suffixwhere">
		<![CDATA[
			FROM "OPENEAP"."KK_INFO_ASK" A  WHERE A.DELETE_FLAG='F'
		]]>
		<if test="title!=null and title!=''">
			<![CDATA[
				AND A.TITLE LIKE '%'||#{title}||'%'
			]]>
		</if>
		<if test="dir_id!=null and dir_id>0">
			<![CDATA[
				AND A.DIR_ID=#{dir_id}
			]]>
		</if>
		<if test="enable_flag != null and enable_flag != ''">
			<![CDATA[
				AND A.enable_flag = #{enable_flag}
			]]>
		</if>
		<if test="create_employee != null and create_employee != ''">
			<![CDATA[
				AND A.create_employee = #{create_employee}
			]]>
		</if>
		<![CDATA[
			ORDER BY A.${orderField} ${orderDirection}
		]]>
	</sql> 
	<sql id="suffixPage">
		<![CDATA[
	  )select a.* ,(select max(a.resultNums) from a) as RESULT_COUNT 
	  FROM a where a.resultNums between #{start}+1 
	  and #{end}
	  ]]>
	</sql>
	<select id="getObjectList"  parameterType="infoAsk" resultMap="infoAskResult">  
		<![CDATA[ 
		with a as (
		SELECT 
		A.*
		,rownumber() over (ORDER BY A.${orderField} ${orderDirection} ) AS  resultNums
		]]>  
		<include refid="suffixwhere" />
		<include refid="suffixPage" />
	</select> 
	<select id="getDirInfoAskList"  parameterType="infoAsk" resultMap="infoAskResult">  
		<![CDATA[ 
		with a as (
		SELECT 
		A.*
		,rownumber() over (ORDER BY A.${orderField} ${orderDirection},A.id desc ) AS  resultNums
		from "OPENEAP"."KK_INFO_ASK" A 
		left join "OPENEAP"."KK_INFO_DIRECTORY" B ON A.dir_id=B.id 
		where A.DELETE_FLAG='F' and A.enable_flag='T'
		]]>  
		<if test="infoDirectory.num!=null and infoDirectory.num!=''">
		<![CDATA[
			and B.num like '${infoDirectory.num}%'
		]]>
		</if>
		<![CDATA[
			ORDER BY A.${orderField} ${orderDirection},A.id desc
		]]>
		<include refid="suffixPage" />
	</select> 
	<select id="getById" parameterType="infoAsk" resultMap="infoAskResult">
		<![CDATA[ 
			SELECT * FROM OPENEAP.KK_INFO_ASK WHERE ID=#{id}
		]]>  
	</select>
	<select id="getNewsAskList" parameterType="infoAsk" resultMap="infoAskResult">
		<![CDATA[
			 SELECT * FROM OPENEAP.KK_INFO_ASK WHERE ENABLE_FLAG='T' AND DELETE_FLAG='F'
			 AND ANSWER_PERSON IS NOT NULL ORDER BY ID DESC FETCH FIRST 20 ROWS ONLY
		]]>  
	</select>
</mapper>