<?xml version="1.0" encoding="UTF-8"?>
<!DOCTYPE mapper PUBLIC "-//mybatis.org//DTD Mapper 3.0//EN" "http://mybatis.org/dtd/mybatis-3-mapper.dtd">
<mapper namespace="com.konka.job.info.model.InfoNote">
	<insert id="insert" parameterType="infoNote"> 
		  <selectKey resultType="java.lang.Integer" keyProperty="id" order="BEFORE" >
		    VALUES NEXTVAL FOR KK_INFO_NOTE_S
		  </selectKey>
		<![CDATA[ 
			Insert into OPENEAP.KK_INFO_NOTE (id,title,content,describe,sort
			,CREATE_TIME,CREATE_EMPLOYEE,CREATE_DEPT,ENABLE_FLAG,DELETE_FLAG) VALUES (
			#{id},#{title},#{content},#{describe},#{sort}
			,#{create_time},#{create_employee},#{create_dept},'T','F')
		]]>
	</insert>
	<update id="update" parameterType="infoNote">
		<![CDATA[ 
		UPDATE "OPENEAP"."KK_INFO_NOTE" SET 
		update_time = #{update_time}
		,update_employee = #{update_employee}
		,update_dept = #{update_dept}
		]]>
		<if test="title!=null and title!=''">
			<![CDATA[
			,title = #{title}
			]]>
		</if>
		<if test="content!=null and content!=''">
			<![CDATA[
			,content = #{content}
			]]>
		</if>
		<if test="describe!=null and describe!=''">
			<![CDATA[
			,describe = #{describe}
			]]>
		</if>
		<if test="sort!=null">
			<![CDATA[
			,sort = #{sort}
			]]>
		</if>
		<![CDATA[
			WHERE ID=#{id}
		]]> 
	</update>
	<delete id="delete" parameterType="java.lang.Integer">
		<![CDATA[
		delete from OPENEAP.KK_INFO_NOTE where id=#{id}
		]]> 
	</delete>
	<resultMap type="infoNote" id="infoNoteResult">
		<result property="id" column="id" jdbcType="INTEGER" javaType="java.lang.Integer" />
		<result property="title" column="title" />  
		<result property="content" column="content" />  
		<result property="describe" column="describe" />  
		<result property="sort" column="sort" jdbcType="INTEGER" javaType="java.lang.Integer" />  
			<result property="create_time" column="create_time" />  
			<result property="create_employee" column="create_employee" />
			<result property="create_dept" column="create_dept" jdbcType="INTEGER" javaType="java.lang.Integer" />
			<result property="update_time" column="update_time" />  
			<result property="update_employee" column="update_employee" />
			<result property="update_dept" column="update_dept" jdbcType="INTEGER" javaType="java.lang.Integer" />	
			<result property="enable_flag" column="enable_flag" />  
			<result property="delete_flag" column="delete_flag" />
	</resultMap>
	<sql id="suffixwhere">
		<![CDATA[
			FROM "OPENEAP"."KK_INFO_NOTE" A  WHERE A.DELETE_FLAG='F' AND enable_flag='T'
		]]>
		<if test="title!=null and title!=''">
			<![CDATA[
				AND A.TITLE LIKE '%'||#{title}||'%'
			]]>
		</if>
		<if test="create_employee !=null and create_employee!=''">
			<![CDATA[ 
				and A.create_employee = #{create_employee}
			]]>
		</if>
		<![CDATA[
			ORDER BY A.SORT DESC,A.ID DESC
		]]>
	</sql> 
	<sql id="suffixPage">
		<![CDATA[
	  )select a.* ,(select max(a.resultNums) from a) as RESULT_COUNT 
	  FROM a where a.resultNums between #{start}+1 
	  and #{end}
	  ]]>
	</sql>
	<select id="getObjectList"  parameterType="infoNote" resultMap="infoNoteResult">  
		<![CDATA[ 
		with a as (
		SELECT 
		A.*
		,rownumber() over (ORDER BY A.SORT DESC,A.ID DESC ) AS  resultNums
		]]>  
		<include refid="suffixwhere" />
		<include refid="suffixPage" />
	</select> 
	<select id="getNoteForIndex" parameterType="infoNote" resultMap="infoNoteResult">
		<![CDATA[ 
			SELECT ID,TITLE FROM OPENEAP.KK_INFO_NOTE 
			 WHERE DELETE_FLAG='F' AND ENABLE_FLAG='T'
			and create_employee = #{create_employee} 
			ORDER BY SORT DESC,ID DESC FETCH FIRST 20 ROWS ONLY
		]]> 
	</select>
	<select id="getByObject" parameterType="infoNote" resultMap="infoNoteResult">
		<![CDATA[ 
		SELECT * FROM OPENEAP.KK_INFO_NOTE WHERE ID=#{id} 
		AND create_employee = #{create_employee} 
		]]> 
	</select>
</mapper>