<?xml version="1.0" encoding="UTF-8"?>
<!DOCTYPE mapper PUBLIC "-//mybatis.org//DTD Mapper 3.0//EN" "http://mybatis.org/dtd/mybatis-3-mapper.dtd">
<mapper namespace="com.konka.job.info.model.InfoRecord">
	<insert id="insert" parameterType="infoRecord"> 
		  <selectKey resultType="java.lang.Integer" keyProperty="id" order="BEFORE" >
		    VALUES NEXTVAL FOR KK_INFO_RECORD_S
		  </selectKey>
		<![CDATA[ 
			Insert into OPENEAP.KK_INFO_RECORD (id,know_id,click
			,CREATE_TIME,CREATE_EMPLOYEE,CREATE_DEPT,ENABLE_FLAG,DELETE_FLAG) VALUES (
			#{id},#{know_id},1
			,#{create_time},#{create_employee},#{create_dept},'T','F')
		]]>
	</insert>
	<update id="update" parameterType="infoRecord">
		<![CDATA[ 
		UPDATE "OPENEAP"."KK_INFO_RECORD" SET 
		update_time = #{update_time}
		,update_employee = #{update_employee}
		,update_dept = #{update_dept}
		]]>
		<if test="is_useful!=null and is_useful!=''">
			<![CDATA[
			,is_useful = #{is_useful}
			]]>
		</if>
		<if test="click!=null">
			<![CDATA[
			,click = #{click}
			]]>
		</if>
		<![CDATA[
		WHERE ID=#{id}
		]]> 
	</update>
	<!--暂不使用 -->
	<update id="updateInfoRecordForLeave" parameterType="infoRecord">
		<![CDATA[ 
			update OPENEAP.KK_INFO_RECORD set leave_time=current timestamp 
			where id in (select id from OPENEAP.KK_INFO_RECORD where
			 know_id=#{know_id} and create_employee = #{create_employee} 
			ORDER BY ID DESC FETCH FIRST 1 ROWS ONLY)
		]]>
	</update>
	 
	<resultMap type="infoRecord" id="infoRecordResult">
		<result property="id" column="id" jdbcType="INTEGER" javaType="java.lang.Integer" />
		<result property="know_id" column="know_id" jdbcType="INTEGER" javaType="java.lang.Integer" />
		<result property="is_useful" column="is_useful" />  
		<result property="click" column="click" />  
		<result property="infoKnow.dir_id" column="dir_id" jdbcType="INTEGER" javaType="java.lang.Integer" />
		<result property="infoKnow.num" column="num" />  
		<result property="infoKnow.title" column="title" />  
		<result property="infoKnow.short_desc" column="short_desc" />
		<result property="infoKnow.is_new" column="is_new" />
		<result property="infoKnow.is_important" column="is_important" />
			<result property="create_time" column="create_time" />  
			<result property="create_employee" column="create_employee" />
			<result property="create_dept" column="create_dept" jdbcType="INTEGER" javaType="java.lang.Integer" />
			<result property="update_time" column="update_time" />  
			<result property="update_employee" column="update_employee" />
			<result property="update_dept" column="update_dept" jdbcType="INTEGER" javaType="java.lang.Integer" />	
			<result property="enable_flag" column="enable_flag" />  
			<result property="delete_flag" column="delete_flag" />
	</resultMap>
	<sql id="suffixwhere">
		<![CDATA[
			FROM "OPENEAP"."KK_INFO_RECORD" A  
			LEFT JOIN "OPENEAP"."KK_INFO_KNOW" B ON A.KNOW_ID=B.ID WHERE A.DELETE_FLAG='F'
			AND B.NUM iS NOT NULL AND B.DELETE_FLAG='F' AND B.ENABLE_FLAG='T'
		]]>
		<if test="create_employee!=null and create_employee!=''">
			<![CDATA[
				AND A.create_employee = #{create_employee}
			]]>
		</if>
		<if test="create_time!=null">
			<![CDATA[
				AND A.create_time > #{create_time}
			]]>
		</if>
		<if test="enable_flag!=null and enable_flag!=''">
			<![CDATA[
				AND A.enable_flag = #{enable_flag}
			]]>
		</if>
		<![CDATA[
			ORDER BY A.${orderField} ${orderDirection}
		]]>
	</sql> 
	<sql id="suffixPage">
		<![CDATA[
	  )select a.* ,(select max(a.resultNums) from a) as RESULT_COUNT 
	  FROM a where a.resultNums between #{start}+1 and #{end}
	  ]]>
	</sql>
	<select id="getObjectList"  parameterType="infoRecord" resultMap="infoRecordResult">  
		<![CDATA[ 
		with a as (
		SELECT 
		A.*,B.dir_id,B.num,B.title,B.short_desc,B.is_new,B.is_important
		,rownumber() over (ORDER BY A.${orderField} ${orderDirection} ) AS  resultNums
		]]>  
		<include refid="suffixwhere" />
		<include refid="suffixPage" />
	</select> 
	<select id="getById" parameterType="infoRecord" resultMap="infoRecordResult">
		<![CDATA[ 
			SELECT * FROM OPENEAP.KK_INFO_RECORD WHERE ID=#{id}
		]]>  
	</select>
	<select id="getByObject" parameterType="infoRecord" resultMap="infoRecordResult">
		<![CDATA[ 
			SELECT * FROM OPENEAP.KK_INFO_RECORD WHERE DELETE_FLAG='F' AND ENABLE_FLAG='T'
		]]>  
		<if test="know_id !=null and know_id>0">
			<![CDATA[ 
				and know_id = #{know_id}
			]]>
		</if>
		<if test="create_employee !=null and create_employee!=''">
			<![CDATA[ 
				and create_employee = #{create_employee}
			]]>
		</if>
		<if test="create_time !=null">
			<![CDATA[ 
				and create_time >= #{create_time}
			]]>
		</if>
		<![CDATA[ 
		 	ORDER BY ID DESC FETCH FIRST 1 ROWS ONLY
		]]> 
	</select>
</mapper>