<?xml version="1.0" encoding="UTF-8"?>
<!DOCTYPE mapper PUBLIC "-//mybatis.org//DTD Mapper 3.0//EN" "http://mybatis.org/dtd/mybatis-3-mapper.dtd">
<mapper namespace="com.konka.job.info.model.InfoSearch">
	<insert id="insert" parameterType="infoSearch"> 
		  <selectKey resultType="java.lang.Integer" keyProperty="id" order="BEFORE" >
		    VALUES NEXTVAL FOR KK_INFO_SEARCH_S
		  </selectKey>
		<![CDATA[ 
			Insert into OPENEAP.KK_INFO_SEARCH (id,keyword,dir_num,dir_type,is_ask,time,count,manyi,click
			,CREATE_TIME,CREATE_EMPLOYEE,CREATE_DEPT,ENABLE_FLAG,DELETE_FLAG) VALUES (
			#{id},#{keyword},#{dir_num},#{dir_type},#{is_ask},#{time},#{count},0,1
			,#{create_time},#{create_employee},#{create_dept},'T','F')
		]]>
	</insert>
	<update id="update" parameterType="infoSearch">
		<![CDATA[ 
		UPDATE "OPENEAP"."KK_INFO_SEARCH" SET 
		update_time = #{update_time}
		,update_employee = #{update_employee}
		,update_dept = #{update_dept}
		]]>
		<if test="manyi!=null">
			<![CDATA[
			,manyi = #{manyi}
			]]>
		</if>
		<if test="click!=null">
			<![CDATA[
			,click = #{click}
			]]>
		</if>
		<![CDATA[
		WHERE ID=#{id}
		]]> 
	</update>
	<resultMap type="infoSearch" id="infoSearchResult">
		<result property="id" column="id" jdbcType="INTEGER" javaType="java.lang.Integer" />
		<result property="keyword" column="keyword"/>
		<result property="dir_num" column="dir_num"/>
		<result property="dir_type" column="dir_type" />  
		<result property="is_ask" column="is_ask" />  
		<result property="time" column="time"/>
		<result property="count" column="count" jdbcType="INTEGER" javaType="java.lang.Integer" />  
		<result property="manyi" column="manyi" jdbcType="INTEGER" javaType="java.lang.Integer" /> 
		<result property="click" column="click" jdbcType="INTEGER" javaType="java.lang.Integer" /> 
			<result property="create_time" column="create_time" />  
			<result property="create_employee" column="create_employee" />
			<result property="create_dept" column="create_dept" jdbcType="INTEGER" javaType="java.lang.Integer" />
			<result property="update_time" column="update_time" />  
			<result property="update_employee" column="update_employee" />
			<result property="update_dept" column="update_dept" jdbcType="INTEGER" javaType="java.lang.Integer" />	
			<result property="enable_flag" column="enable_flag" />  
			<result property="delete_flag" column="delete_flag" />
	</resultMap>
	<sql id="suffixwhere">
		<![CDATA[
			FROM "OPENEAP"."KK_INFO_SEARCH" A  WHERE A.DELETE_FLAG='F'
		]]>
		<if test="create_employee != null and create_employee != ''">
			<![CDATA[
				AND A.create_employee = #{create_employee}
			]]>
		</if>
		<if test="create_time != null">
			<![CDATA[
				AND A.create_time > #{create_time}
			]]>
		</if>
</sql>
	<sql id="suffixPage">
		<![CDATA[
	  )select a.* ,(select max(a.resultNums) from a) as RESULT_COUNT 
	  FROM a where a.resultNums between #{start}+1 
	  and #{end}
	  ]]>
	</sql>
	<select id="getObjectList"  parameterType="infoSearch" resultMap="infoSearchResult">  
		<![CDATA[ 
		with a as (
		SELECT 
		A.*
		,rownumber() over (ORDER BY A.${orderField} ${orderDirection} ) AS  resultNums
		]]>  
		<include refid="suffixwhere" />
		<include refid="suffixPage" />
	</select> 
	<select id="getById" parameterType="infoSearch" resultMap="infoSearchResult">
		<![CDATA[ 
			SELECT * FROM OPENEAP.KK_INFO_SEARCH WHERE ID=#{id}
		]]>  
	</select>
	<select id="getByObject" parameterType="infoSearch" resultMap="infoSearchResult">
		<![CDATA[ 
			SELECT * FROM OPENEAP.KK_INFO_SEARCH WHERE DELETE_FLAG='F' AND ENABLE_FLAG='T'
		]]> 
		<if test="create_employee !=null and create_employee!=''">
			<![CDATA[ 
				and create_employee = #{create_employee}
			]]>
		</if>
		<if test="keyword !=null and keyword!=''">
			<![CDATA[ 
				and keyword = #{keyword}
			]]>
		</if>
		<if test="dir_type !=null and dir_type!=''">
			<![CDATA[ 
				and dir_type = #{dir_type}
			]]>
		</if>
		<if test="dir_num !=null">
			<![CDATA[ 
				and dir_num = #{dir_num}
			]]>
		</if>
		<if test="create_time !=null">
			<![CDATA[ 
				and create_time >= #{create_time}
			]]>
		</if>
		<![CDATA[ 
		 	ORDER BY ID DESC FETCH FIRST 1 ROWS ONLY
		]]> 
	</select>
	<select id="getMostList" parameterType="infoSearch" resultMap="infoSearchResult">
		<![CDATA[ 
		select KEYWORD from "OPENEAP"."KK_INFO_SEARCH" where
		 count>0 and DELETE_FLAG='F' AND ENABLE_FLAG='T'
		 ]]> 
		<if test="create_time!=null">
		<![CDATA[
			and create_time>#{create_time}
		]]>
		</if>
		<if test="dir_num !=null">
			<![CDATA[ 
				and dir_num = #{dir_num}
			]]>
		</if>
		<if test="keyword!=null and keyword!=''">
		<![CDATA[
			and keyword like '%'||#{keyword}||'%' AND keyword <> #{keyword}
		]]>
		</if>
		<if test="dir_type!=null and dir_type!=''">
		<![CDATA[
			and dir_type = #{dir_type}
		]]>
		</if>
		<if test="create_employee!=null and create_employee!=''">
		<![CDATA[
			and create_employee = #{create_employee}
		]]>
		</if>
		 <![CDATA[ 
		group by keyword order by count(ID) DESC
		FETCH FIRST ${fetch_count} ROWS ONLY 
		]]> 
	</select>
</mapper>