<?xml version="1.0" encoding="UTF-8"?>
<beans xmlns="http://www.springframework.org/schema/beans"  
	xmlns:xsi="http://www.w3.org/2001/XMLSchema-instance"   
	xmlns:context="http://www.springframework.org/schema/context"  
	xmlns:aop="http://www.springframework.org/schema/aop"  
	xmlns:tx="http://www.springframework.org/schema/tx"  
	xsi:schemaLocation="http://www.springframework.org/schema/beans
	http://www.springframework.org/schema/beans/spring-beans-3.0.xsd  
	http://www.springframework.org/schema/aop   
	http://www.springframework.org/schema/aop/spring-aop-3.0.xsd  
	http://www.springframework.org/schema/tx  
	http://www.springframework.org/schema/tx/spring-tx-3.0.xsd  
	http://www.springframework.org/schema/context  
	http://www.springframework.org/schema/context/spring-context-3.0.xsd">  

	<!-- 配置要扫描的包 -->  
	<context:component-scan base-package="com.konka.*"/>  
 
	<!--proxy-target-class="true"强制使用cglib代理   如果为false则spring会自动选择-->  
	<aop:aspectj-autoproxy  proxy-target-class="true"/>  
	<!-- 定时器开始-->
  <bean id="methodInvokingJobDetail" class="org.springframework.scheduling.quartz.MethodInvokingJobDetailFactoryBean">
  	<property name="targetObject">
    	<ref bean="doTask" />
    </property>
    <property name="targetMethod">
    	<value>checkOnlineUserList</value>
    </property>
  </bean>
  <bean id="cronTrigger" class="org.springframework.scheduling.quartz.CronTriggerBean">
  	<property name="jobDetail">
 			<ref bean="methodInvokingJobDetail" />
 		</property>
    <property name="cronExpression">
    	<value>0,5,10,15,20,25,30,35,40,45,50,55 * * * * ?</value>
    </property>
  </bean>
  <bean class="org.springframework.scheduling.quartz.SchedulerFactoryBean">
  	<property name="triggers">
    	<list>
      	<ref local="cronTrigger" />
      </list>
    </property>
  </bean>  
<!-- 定时器结束 -->
	<!-- 数据源 -->
	<bean id="dataSource" class="org.springframework.jndi.JndiObjectFactoryBean">
		<property name="jndiName" value="java:/comp/env/Konka/Zs"></property>
	</bean> 

	<!-- 配置mybitasSqlSessionFactoryBean -->  
	<bean id="sqlSessionFactory" class="org.mybatis.spring.SqlSessionFactoryBean">  
		<property name="dataSource" ref="dataSource" />  
		<property name="configLocation" value="WEB-INF/mybatis.xml"></property>  
	</bean>  

	<!-- 配置SqlSessionTemplate -->  
	<bean id="sqlSessionTemplate" class="org.mybatis.spring.SqlSessionTemplate">  
		<constructor-arg name="sqlSessionFactory" ref="sqlSessionFactory" />  
	</bean>  

	<!-- 事务配置 -->  
	<bean id="transactionManager" class="org.springframework.jdbc.datasource.DataSourceTransactionManager">  
		<property name="dataSource" ref="dataSource" />  
	</bean>  

	<!-- 使用annotation注解方式配置事务 -->  
	<tx:annotation-driven transaction-manager="transactionManager"/>  
	
	<bean id="springContextHolder" class="com.konka.common.tool.SpringContextHolder"/>
</beans>
