<?xml version="1.0" encoding="UTF-8" ?>
<!DOCTYPE configuration PUBLIC "-//mybatis.org//DTD Config 3.0//EN"
	"http://mybatis.org/dtd/mybatis-3-config.dtd">

<configuration>
<typeAliases>  
		<typeAlias alias="user" type="com.konka.useradmin.model.User"/>
		<typeAlias alias="right" type="com.konka.useradmin.model.Right"/>
		<typeAlias alias="role" type="com.konka.useradmin.model.Role"/>
		<typeAlias alias="dept" type="com.konka.useradmin.model.Dept"/>
		<typeAlias alias="group" type="com.konka.useradmin.model.Group"/>
		
		<typeAlias alias="lookupcode" type="com.konka.database.model.LookupCode"/>
		<typeAlias alias="lookupitem" type="com.konka.database.model.LookupItem"/>
		<typeAlias alias="area" type="com.konka.database.model.Area"/>
		<typeAlias alias="areaCsm" type="com.konka.database.model.AreaCsm"/>
		<typeAlias alias="seat" type="com.konka.database.model.Seat"/>
		<typeAlias alias="series" type="com.konka.database.model.Series"/>
		<typeAlias alias="consultarea" type="com.konka.database.model.ConsultArea"/>
		
		
		<typeAlias alias="record" type="com.konka.system.model.Record"/>
		<typeAlias alias="sessionInfo" type="com.konka.system.model.SessionInfo"/>
		<typeAlias alias="task" type="com.konka.system.model.Task"/>
		<typeAlias alias="table" type="com.konka.system.model.Table"/>
		<typeAlias alias="column" type="com.konka.system.model.Column"/>
		<typeAlias alias="remind" type="com.konka.system.model.Remind"/>
		<typeAlias alias="feedback" type="com.konka.system.model.Feedback"/>
		<typeAlias alias="uploadFile" type="com.konka.system.model.UploadFile"/>
		<typeAlias alias="remark" type="com.konka.system.model.Remark"/>
		
		<!--员工信息 -->
		<typeAlias alias="employees" type="com.konka.affairs.workers.model.Employees"/>
		<typeAlias alias="keyEvent" type="com.konka.affairs.workers.model.KeyEvent"/>
		<typeAlias alias="employeesNum" type="com.konka.affairs.workers.model.EmployeesNum"/>
		
		<typeAlias alias="reportInfo" type="com.konka.report.model.ReportInfo"/>
		<typeAlias alias="reportField" type="com.konka.report.model.ReportField"/>
		<typeAlias alias="reportData" type="com.konka.report.model.ReportData"/>
		<typeAlias alias="reportTag" type="com.konka.report.model.ReportTag"/>
		
		<typeAlias alias="productClass" type="com.konka.sales.product.model.ProductClass"/>
		<typeAlias alias="productInfo" type="com.konka.sales.product.model.ProductInfo"/>
		
		<!-- 知识库模块 -->
		<typeAlias alias="infoDirectory" type="com.konka.job.info.model.InfoDirectory"/>
		<typeAlias alias="infoKnow" type="com.konka.job.info.model.InfoKnow"/>
		<typeAlias alias="infoRecord" type="com.konka.job.info.model.InfoRecord"/>
		<typeAlias alias="infoSearch" type="com.konka.job.info.model.InfoSearch"/>
		<typeAlias alias="infoFavorite" type="com.konka.job.info.model.InfoFavorite"/>
		<typeAlias alias="infoSearchClick" type="com.konka.job.info.model.InfoSearchClick"/>
		<!-- 调查模块 -->
		<typeAlias alias="infoAsk" type="com.konka.job.info.model.InfoAsk"/>
		<typeAlias alias="infoNote" type="com.konka.job.info.model.InfoNote"/>
		
		<typeAlias alias="survey" type="com.konka.affairs.survey.model.Survey"></typeAlias>
		<typeAlias alias="asw" type="com.konka.affairs.survey.model.Asw"></typeAlias>
		<typeAlias alias="qst" type="com.konka.affairs.survey.model.Qst"></typeAlias>
		<typeAlias alias="opt" type="com.konka.affairs.survey.model.Opt"></typeAlias>
		<typeAlias alias="usur" type="com.konka.affairs.survey.model.Usur"></typeAlias>
		
		
			<!-- 电话调查模块  -->
		<typeAlias alias="resImport" type="com.konka.job.research.model.ResImport"/>
		<typeAlias alias="resProject" type="com.konka.job.research.model.ResProject"/>
		<typeAlias alias="resField" type="com.konka.job.research.model.ResField"/>
		<typeAlias alias="resPaper" type="com.konka.job.research.model.ResPaper"/>
		<typeAlias alias="resQuestion" type="com.konka.job.research.model.ResQuestion"/>
		<typeAlias alias="resTask" type="com.konka.job.research.model.ResTask"/>
		<typeAlias alias="resSendrecord" type="com.konka.job.research.model.ResSendrecord"/>
		<typeAlias alias="resCustomer" type="com.konka.job.research.model.ResCustomer"/>
		<typeAlias alias="resResult" type="com.konka.job.research.model.ResResult"/>
		<typeAlias alias="resRecord" type="com.konka.job.research.model.ResRecord"/>
		
		<!-- 质检考评模块 -->
		<typeAlias alias="satisfication" type="com.konka.job.qualitycontrol.model.Satisfication"/>
		<typeAlias alias="qcContent" type="com.konka.job.qualitycontrol.model.QcContent"/>
		<typeAlias alias="contentItem" type="com.konka.job.qualitycontrol.model.ContentItem"/>
		<typeAlias alias="qcPlan" type="com.konka.job.qualitycontrol.model.QcPlan"/>
		<typeAlias alias="qcTask" type="com.konka.job.qualitycontrol.model.QcTask"/>
		<typeAlias alias="checkSpot" type="com.konka.job.qualitycontrol.model.CheckSpot"/>
		<typeAlias alias="qcComplain" type="com.konka.job.qualitycontrol.model.QcComplain"/>
		<typeAlias alias="complainRes" type="com.konka.job.qualitycontrol.model.ComplainRes"/>
		<typeAlias alias="qcEmployee" type="com.konka.job.qualitycontrol.model.QcEmployee"/>
		
		<!-- 电话小结模块 -->
		<typeAlias alias="summary" type="com.konka.job.summary.model.Summary"/>
		<!-- 咨询记录模块 -->
		<typeAlias alias="consult" type="com.konka.job.consult.model.Consult"/>
		
		
		
		<!-- 消息模块 -->
		<typeAlias alias="message" type="com.konka.affairs.message.model.Message"/>
		<typeAlias alias="writer" type="com.konka.affairs.message.model.Writer"/>
		<typeAlias alias="receiver" type="com.konka.affairs.message.model.Receiver"/>
		<!-- attend -->
		<typeAlias alias="attend" type="com.konka.affairs.staff.model.Attend"/>
		
		<typeAlias alias="calen" type="com.konka.office.calen.model.Calen"/>
		
		<!-- 修理模块 -->
		<typeAlias alias="repair" type="com.konka.flow.daily.model.Repair"/>
		
		
		<!-- 巡检模块 -->
		<typeAlias alias="dinspect" type="com.konka.flow.daily.model.Dinspect"></typeAlias>
		<typeAlias alias="inspect" type="com.konka.flow.daily.model.Inspect"></typeAlias>
		
		<!-- 客户转单 -->
		<typeAlias alias="billType" type="com.konka.flow.bill.model.BillType"/>
		<typeAlias alias="billInfo" type="com.konka.flow.bill.model.BillInfo"/>
		<typeAlias alias="billNode" type="com.konka.flow.bill.model.BillNode"/>
		<typeAlias alias="billField" type="com.konka.flow.bill.model.BillField"/>
		
		<!-- 原客户信息 -->
		<typeAlias alias="custInfo" type="com.konka.job.cust.model.CustInfo"/>
		<typeAlias alias="fixInfo" type="com.konka.job.cust.model.FixInfo"/>
		
		<!-- 管理工具 -->
		<typeAlias alias="agentStatus" type="com.konka.job.manage.model.AgentStatus"/>
		<!-- 报修模块 -->
		
		<!-- 投票模块 -->
		<typeAlias alias="voteInfo" type="com.konka.affairs.vote.model.VoteInfo"/>
		<typeAlias alias="voteItem" type="com.konka.affairs.vote.model.VoteItem"/>
		<typeAlias alias="voteResult" type="com.konka.affairs.vote.model.VoteResult"/>
		
		<!-- 电商模块 -->
		<typeAlias alias="eleOrder" type="com.konka.electric.model.EleOrder"/>
		<typeAlias alias="eleImport" type="com.konka.electric.model.EleImport"/>
		<typeAlias alias="eleFreeWry" type="com.konka.electric.model.EleFreeWry"/>
		
		<!-- 在线聊天 -->
		<typeAlias alias="talkMsg" type="com.konka.office.talk.model.TalkMsg"/>
		<typeAlias alias="talkHistory" type="com.konka.office.talk.model.TalkHistory"/>
		<typeAlias alias="talkGroup" type="com.konka.office.talk.model.TalkGroup"/>
		<!-- 订单 -->
		<typeAlias alias="orderInfo" type="com.konka.sales.order.model.OrderInfo"/>
		<typeAlias alias="orderType" type="com.konka.sales.order.model.OrderType"/>
		<typeAlias alias="orderProduct" type="com.konka.sales.order.model.OrderProduct"/>
		<typeAlias alias="orderRecord" type="com.konka.sales.order.model.OrderRecord"/>
		<typeAlias alias="orderRemark" type="com.konka.sales.order.model.OrderRemark"/>
		<typeAlias alias="orderItem" type="com.konka.sales.order.model.OrderItem"/>
	</typeAliases>  
	
	<mappers>  
		<mapper resource="com/konka/useradmin/dao/user.xml" />
		<mapper resource="com/konka/useradmin/dao/right.xml" />
		<mapper resource="com/konka/useradmin/dao/role.xml" />
		<mapper resource="com/konka/useradmin/dao/dept.xml" />
		<mapper resource="com/konka/useradmin/dao/group.xml" />
		
		<mapper resource="com/konka/database/dao/mapper/lookupcode.xml" />
		<mapper resource="com/konka/database/dao/mapper/lookupitem.xml" />
		<mapper resource="com/konka/database/dao/mapper/area.xml" />
		<mapper resource="com/konka/database/dao/mapper/areacsm.xml" />
		<mapper resource="com/konka/database/dao/mapper/seat.xml" />
		<mapper resource="com/konka/database/dao/mapper/series.xml" />
		<mapper resource="com/konka/database/dao/mapper/consultarea.xml" />
		
		<mapper resource="com/konka/system/dao/record.xml" />
		<mapper resource="com/konka/system/dao/sessionInfo.xml" />
		<mapper resource="com/konka/system/dao/task.xml" />
		<mapper resource="com/konka/system/dao/table.xml" />
		<mapper resource="com/konka/system/dao/column.xml" />
		<mapper resource="com/konka/system/dao/remind.xml" />
		<mapper resource="com/konka/system/dao/feedback.xml" />
		<mapper resource="com/konka/system/dao/uploadFile.xml" />
		<mapper resource="com/konka/system/dao/remark.xml" />
		
		<!-- 员工信息管理 -->
		<mapper resource="com/konka/affairs/workers/dao/mapper/employees.xml" />
		<mapper resource="com/konka/affairs/workers/dao/mapper/keyevent.xml" />
		<mapper resource="com/konka/affairs/workers/dao/mapper/employeesnum.xml" />
		
		<mapper resource="com/konka/report/dao/reportInfo.xml" />
		<mapper resource="com/konka/report/dao/reportField.xml" />
		<mapper resource="com/konka/report/dao/reportData.xml" />
		<mapper resource="com/konka/report/dao/reportTag.xml" />
		
		<mapper resource="com/konka/sales/product/dao/productClass.xml" />
		<mapper resource="com/konka/sales/product/dao/productInfo.xml" />
		<!--知识库模块 -->
		<mapper resource="com/konka/job/info/dao/mapper/infodirectory.xml" />
		<mapper resource="com/konka/job/info/dao/mapper/infoknow.xml" />
		<mapper resource="com/konka/job/info/dao/mapper/inforecord.xml" />
		<mapper resource="com/konka/job/info/dao/mapper/infosearch.xml" />
		<mapper resource="com/konka/job/info/dao/mapper/infofavorite.xml" />
	  <mapper resource="com/konka/job/info/dao/mapper/infosearchclick.xml" />
		<!-- 调查模块 -->
		<mapper resource="com/konka/job/info/dao/mapper/infoask.xml" />
		<mapper resource="com/konka/job/info/dao/mapper/infonote.xml" />
		
		<mapper resource="com/konka/affairs/survey/dao/mapper/survey.xml" ></mapper>
		<mapper resource="com/konka/affairs/survey/dao/mapper/asw.xml" ></mapper>
		<mapper resource="com/konka/affairs/survey/dao/mapper/qst.xml" ></mapper>
		<mapper resource="com/konka/affairs/survey/dao/mapper/opt.xml" ></mapper>
		<mapper resource="com/konka/affairs/survey/dao/mapper/usur.xml" ></mapper>
		
		
			<!-- 电话调查模块 -->
		<mapper resource="com/konka/job/research/dao/mapper/resImport.xml" />
		<mapper resource="com/konka/job/research/dao/mapper/resProject.xml" />
		<mapper resource="com/konka/job/research/dao/mapper/resField.xml" />
		<mapper resource="com/konka/job/research/dao/mapper/resPaper.xml" />
		<mapper resource="com/konka/job/research/dao/mapper/resQuestion.xml" />
		<mapper resource="com/konka/job/research/dao/mapper/resTask.xml" />
		<mapper resource="com/konka/job/research/dao/mapper/resSendrecord.xml" />
		<mapper resource="com/konka/job/research/dao/mapper/resCustomer.xml" />
		<mapper resource="com/konka/job/research/dao/mapper/resRecord.xml" />
		<mapper resource="com/konka/job/research/dao/mapper/resResult.xml" />
		<!-- 质检考评模块 -->
		<mapper resource="com/konka/job/qualitycontrol/dao/mapper/satisfication.xml" />	
		<mapper resource="com/konka/job/qualitycontrol/dao/mapper/qcContent.xml" />	
		<mapper resource="com/konka/job/qualitycontrol/dao/mapper/contentItem.xml" />
		<mapper resource="com/konka/job/qualitycontrol/dao/mapper/qcPlan.xml" />
		<mapper resource="com/konka/job/qualitycontrol/dao/mapper/qcTask.xml" />
		<mapper resource="com/konka/job/qualitycontrol/dao/mapper/checkSpot.xml" />
		<mapper resource="com/konka/job/qualitycontrol/dao/mapper/qcEmployee.xml" />
		<mapper resource="com/konka/job/qualitycontrol/dao/mapper/qcComplain.xml" />
		<mapper resource="com/konka/job/qualitycontrol/dao/mapper/complainRes.xml" />
			
		<!-- 电话小结模块 -->
		<mapper resource="com/konka/job/summary/dao/mapper/summary.xml" />	
		
		<!-- 咨询记录模块 -->
		<mapper resource="com/konka/job/consult/dao/mapper/consult.xml" />		

		<!-- 消息模块 -->
		<mapper resource="com/konka/affairs/message/dao/mapper/message.xml" />
		<mapper resource="com/konka/affairs/message/dao/mapper/writer.xml" />
		<mapper resource="com/konka/affairs/message/dao/mapper/receiver.xml" />
		
		<!-- 人员模块 -->
		<mapper resource="com/konka/affairs/staff/dao/mapper/attend.xml" /> 
		<!-- calen-->
		<mapper resource="com/konka/office/calen/dao/mapper/calen.xml" /> 
		<!-- repair-->
		<mapper resource="com/konka/flow/daily/dao/mapper/repair.xml" />
		
		<!-- 巡检模块-->
		<mapper resource="com/konka/flow/daily/dao/mapper/inspect.xml" />
		<mapper resource="com/konka/flow/daily/dao/mapper/dinspect.xml" />
		
		<!-- 客户转单 -->
		<mapper resource="com/konka/flow/bill/dao/mapper/billtype.xml"/>
		<mapper resource="com/konka/flow/bill/dao/mapper/billinfo.xml"/>
		<mapper resource="com/konka/flow/bill/dao/mapper/billnode.xml"/>
		<mapper resource="com/konka/flow/bill/dao/mapper/billfield.xml"/>
		
		<!-- 原客户信息 -->
		<mapper resource="com/konka/job/cust/dao/mapper/custinfo.xml"/>
		<mapper resource="com/konka/job/cust/dao/mapper/fixinfo.xml"/>
		<!-- 管理工具 -->
		<mapper resource="com/konka/job/manage/dao/mapper/agentstatus.xml"/>
		
		<!-- 投票模块 -->
		<mapper resource="com/konka/affairs/vote/dao/mapper/voteinfo.xml"/>
		<mapper resource="com/konka/affairs/vote/dao/mapper/voteitem.xml"/>
		<mapper resource="com/konka/affairs/vote/dao/mapper/voteresult.xml"/>
		
		<!-- 电商模块 -->
		<mapper resource="com/konka/electric/dao/mapper/eleorder.xml"/>
		<mapper resource="com/konka/electric/dao/mapper/eleimport.xml"/>
		<mapper resource="com/konka/electric/dao/mapper/elefreewry.xml"/>
		
		<!-- 在线聊天 -->
		<mapper resource="com/konka/office/talk/dao/talkmsg.xml"/>
		<mapper resource="com/konka/office/talk/dao/talkhistory.xml"/>
		<mapper resource="com/konka/office/talk/dao/talkgroup.xml"/>
		
		<!-- 销售订单 -->
		<mapper resource="com/konka/sales/order/dao/orderinfo.xml"/>
		<mapper resource="com/konka/sales/order/dao/ordertype.xml"/>
		<mapper resource="com/konka/sales/order/dao/orderproduct.xml"/>
		<mapper resource="com/konka/sales/order/dao/orderrecord.xml"/>
		<mapper resource="com/konka/sales/order/dao/orderremark.xml"/>
		<mapper resource="com/konka/sales/order/dao/orderitem.xml"/>
	</mappers>  
</configuration>  
