<?xml version="1.0" encoding="UTF-8"?>
<!DOCTYPE mapper PUBLIC "-//mybatis.org//DTD Mapper 3.0//EN" "http://mybatis.org/dtd/mybatis-3-mapper.dtd">
<mapper namespace="com.konka.affairs.vote.model.VoteInfo">
	<insert id="insert" parameterType="voteInfo">  
		<selectKey resultType="int" keyProperty="id" order="BEFORE">
	   		VALUES NEXTVAL FOR OPENEAP.KK_VOTE_INFO_S
		</selectKey>
		<![CDATA[ 
			INSERT INTO OPENEAP.KK_VOTE_INFO (ID,TITLE,DES,MAX_CHOICE,MIN_CHOICE
			,IS_PUBLIC,IS_REMARK,BEGIN_TIME,OVER_TIME,HAVE_ATTEND,
			CREATE_TIME,CREATE_EMPLOYEE,CREATE_DEPT,ENABLE_FLAG,DELETE_FLAG) values (
    		#{id},#{title},#{des},#{max_choice},#{min_choice},#{is_public},#{is_remark},#{begin_time},#{over_time},0
    		,#{create_time},#{create_employee},#{create_dept},#{enable_flag},'F')
		]]>
	</insert>		
	<update id="update" parameterType="voteInfo">
		<![CDATA[ 
		UPDATE "OPENEAP"."KK_VOTE_INFO" SET 
		update_time = #{update_time}
		,update_employee = #{update_employee}
		,update_dept = #{update_dept}
		]]>
		<if test="title!=null and title!=''">
			<![CDATA[
			,title = #{title}
			]]>
		</if>
		<if test="des!=null and des!=''">
			<![CDATA[
			,des = #{des}
			]]>
		</if>
		<if test="max_choice!=null and max_choice>0">
			<![CDATA[
			,max_choice = #{max_choice}
			]]>
		</if>
		<if test="min_choice!=null and min_choice>0">
			<![CDATA[
			,min_choice = #{min_choice}
			]]>
		</if>
		<if test="is_public!=null and is_public!=''">
			<![CDATA[
			,is_public = #{is_public}
			]]>
		</if>
		<if test="is_remark!=null and is_remark!=''">
			<![CDATA[
			,is_remark = #{is_remark}
			]]>
		</if>
		<if test="begin_time!=null and begin_time!=''">
			<![CDATA[
			,begin_time = #{begin_time}
			]]>
		</if>
		<if test="over_time!=null and over_time!=''">
			<![CDATA[
			,over_time = #{over_time}
			]]>
		</if>
		<![CDATA[
		where id=#{id}
		]]>
	</update>
	<update id="updateVoteInfoAttend" parameterType="voteInfo">
		<![CDATA[
		update OPENEAP.KK_VOTE_INFO SET have_attend=have_attend+1 where id=#{id}
		]]>
	</update>
	<update id="updateVoteInfoForDelete" parameterType="voteInfo">
		<![CDATA[
		update OPENEAP.KK_VOTE_INFO SET have_attend=have_attend-1 where id=#{id}
		]]>
	</update>
	<resultMap type="voteInfo" id="voteInfoResult">
		<result column="id" property="id" javaType="java.lang.Integer" jdbcType="INTEGER"/>
		<result column="title" property="title"/>
		<result column="des" property="des"/>
		<result column="max_choice" property="max_choice" javaType="java.lang.Integer" jdbcType="INTEGER"/>
		<result column="min_choice" property="min_choice" javaType="java.lang.Integer" jdbcType="INTEGER"/>
		<result column="is_public" property="is_public"/>
		<result column="is_remark" property="is_remark"/>
		<result column="begin_time" property="begin_time"/>
		<result column="over_time" property="over_time"/>
		<result column="attend_user" property="attend_user"/>
		<result column="have_attend" property="have_attend"/>
			<result property="create_time" column="create_time" />  
			<result property="create_employee" column="create_employee" />
			<result property="create_dept" column="create_dept" jdbcType="INTEGER" javaType="java.lang.Integer" />
			<result property="update_time" column="update_time" />  
			<result property="update_employee" column="update_employee" />
			<result property="update_dept" column="update_dept" jdbcType="INTEGER" javaType="java.lang.Integer" />	
			<result property="enable_flag" column="enable_flag" />  
			<result property="delete_flag" column="delete_flag" />
	</resultMap>
	<sql id="suffixwhere">
		<![CDATA[
			FROM "OPENEAP"."KK_VOTE_INFO" A  WHERE A.DELETE_FLAG='F'
		]]>
		<if test="title!=null and title!=''">
			<![CDATA[
				AND A.TITLE LIKE '%'||#{title}||'%'
			]]>
		</if>
		<if test="enable_flag != null and enable_flag != ''">
			<![CDATA[
				AND A.enable_flag = #{enable_flag}
			]]>
		</if>
		<if test="create_employee != null and create_employee != ''">
			<![CDATA[
				AND A.create_employee = #{create_employee}
			]]>
		</if>
		<![CDATA[
			ORDER BY A.${orderField} ${orderDirection}
		]]>
	</sql> 
	<sql id="suffixPage">
		<![CDATA[
	  )select a.* ,(select max(a.resultNums) from a) as RESULT_COUNT 
	  FROM a where a.resultNums between #{start}+1 
	  and #{end}
	  ]]>
	</sql>
	<select id="getObjectList"  parameterType="voteInfo" resultMap="voteInfoResult">  
		<![CDATA[ 
		with a as (
		SELECT 
		A.*
		,rownumber() over (ORDER BY A.${orderField} ${orderDirection} ) AS  resultNums
		]]>  
		<include refid="suffixwhere" />
		<include refid="suffixPage" />
	</select> 
	<select id="getById" parameterType="java.lang.Integer" resultMap="voteInfoResult">
		<![CDATA[ 
			SELECT * FROM "OPENEAP"."KK_VOTE_INFO" WHERE id=#{id}
		]]> 
	</select>
	<select id="getAllList" parameterType="voteInfo" resultMap="voteInfoResult">
		<![CDATA[ 
			SELECT * FROM "OPENEAP"."KK_VOTE_INFO" WHERE ENABLE_FLAG='T' AND DELETE_FLAG='F'
			AND BEGIN_TIME <= current timestamp AND OVER_TIME >= current timestamp ORDER BY ID DESC
		]]> 
	</select>
</mapper>