<?xml version="1.0" encoding="UTF-8"?>
<!DOCTYPE mapper PUBLIC "-//mybatis.org//DTD Mapper 3.0//EN" "http://mybatis.org/dtd/mybatis-3-mapper.dtd">
<mapper namespace="com.konka.affairs.vote.model.VoteResult">
	<insert id="insert" parameterType="voteInfo">
		<![CDATA[
		INSERT INTO OPENEAP.KK_VOTE_RESULT (INFO_ID,FULLNAME,RESULT,
		CREATE_TIME,CREATE_EMPLOYEE,CREATE_DEPT,ENABLE_FLAG,DELETE_FLAG) values (
		#{info_id},#{fullname},#{result},
		#{create_time},#{create_employee},#{create_dept},'T','F')
		]]>
	</insert>
	<delete id="delete">
		<![CDATA[
		delete from OPENEAP.KK_VOTE_RESULT where id=#{id}
		]]>
	</delete>
	<resultMap type="voteResult" id="voteResultResult">
		<result column="id" property="id" javaType="java.lang.Integer" jdbcType="INTEGER"/>
		<result column="info_id" property="info_id" javaType="java.lang.Integer" jdbcType="INTEGER"/>
		<result column="fullname" property="fullname"/>
		<result column="result" property="result"/>	
			<result property="create_time" column="create_time" />  
			<result property="create_employee" column="create_employee" />
			<result property="create_dept" column="create_dept" jdbcType="INTEGER" javaType="java.lang.Integer" />
			<result property="update_time" column="update_time" />  
			<result property="update_employee" column="update_employee" />
			<result property="update_dept" column="update_dept" jdbcType="INTEGER" javaType="java.lang.Integer" />	
			<result property="enable_flag" column="enable_flag" />  
			<result property="delete_flag" column="delete_flag" />
	</resultMap>
	<sql id="suffixwhere">
		<![CDATA[
			FROM "OPENEAP"."KK_VOTE_RESULT" A  WHERE A.DELETE_FLAG='F'
		]]>
		<if test="info_id!=null and info_id>0">
			<![CDATA[
				AND A.INFO_ID=#{info_id}
			]]>
		</if>
		<if test="fullname!=null and fullname!=''">
			<![CDATA[
				AND A.fullname LIKE '%'||#{fullname}||'%'
			]]>
		</if>
		<if test="create_employee!=null and create_employee!=''">
			<![CDATA[
				AND A.create_employee=#{create_employee}
			]]>
		</if>
		<![CDATA[
			ORDER BY A.${orderField} ${orderDirection}
		]]>
	</sql> 
	<sql id="suffixPage">
		<![CDATA[
	  )select a.* ,(select max(a.resultNums) from a) as RESULT_COUNT 
	  FROM a where a.resultNums between #{start}+1 
	  and #{end}
	  ]]>
	</sql>
	<select id="getObjectList"  parameterType="voteInfo" resultMap="voteResultResult">  
		<![CDATA[ 
		with a as (
		SELECT 
		A.*
		,rownumber() over (ORDER BY A.${orderField} ${orderDirection} ) AS  resultNums
		]]>  
		<include refid="suffixwhere" />
		<include refid="suffixPage" />
	</select> 
	<select id="getByObject" parameterType="voteResult" resultMap="voteResultResult">
		<![CDATA[
		SELECT * FROM OPENEAP.KK_VOTE_RESULT WHERE ENABLE_FLAG='T' AND DELETE_FLAG='F' 
		]]>
		<if test="fullname!=null and fullname!=''">
		<![CDATA[
		and fullname=#{fullname}
		]]>
		</if>
		<if test="info_id!=null and info_id>0">
		<![CDATA[
		and info_id=#{info_id}
		]]>
		</if>
	</select>
	<select id="getById" parameterType="voteResult" resultMap="voteResultResult">
		<![CDATA[
		SELECT * FROM OPENEAP.KK_VOTE_RESULT WHERE id = #{id}
		]]>
	</select>
</mapper>