<?xml version="1.0" encoding="UTF-8"?>
<!DOCTYPE mapper PUBLIC "-//mybatis.org//DTD Mapper 3.0//EN" "http://mybatis.org/dtd/mybatis-3-mapper.dtd">
<mapper namespace="com.konka.affairs.vote.model.VoteItem">
	<insert id="insertBatch" parameterType="java.util.List">  
		<![CDATA[ 
		 INSERT INTO "OPENEAP"."KK_VOTE_ITEM" (info_id,title,number) VALUES  
		]]> 
		<foreach collection="list" item="item" index="index" separator=",">  
			<![CDATA[ 
			 (#{item.info_id},#{item.title},0)
			]]>  
		</foreach>
	</insert>
	<update id="updateVoteItemNumber" parameterType="voteResult">
		<![CDATA[
			UPDATE "OPENEAP"."KK_VOTE_ITEM" SET NUMBER=NUMBER+1 WHERE INFO_ID=#{info_id} and id in (${result})
		]]>
	</update>
	<update id="updateVoteItemForDelete" parameterType="voteResult">
		<![CDATA[
			UPDATE "OPENEAP"."KK_VOTE_ITEM" SET NUMBER=NUMBER-1 WHERE INFO_ID=#{info_id} and id in (${result})
		]]>
	</update>
	<resultMap type="voteItem" id="voteItemResult">
		<result column="id" property="id" javaType="java.lang.Integer" jdbcType="INTEGER"/>
		<result column="info_id" property="info_id" javaType="java.lang.Integer" jdbcType="INTEGER"/>
		<result column="title" property="title"/>
		<result column="number" property="number" javaType="java.lang.Integer" jdbcType="INTEGER"/>	
	</resultMap>
	<select id="getAllList" resultMap="voteItemResult">
		<![CDATA[
		SELECT * FROM OPENEAP.KK_VOTE_ITEM WHERE INFO_ID=#{info_id} ORDER BY ID ASC
		]]>
	</select>
	<select id="getAllVoteItemForPaihang" resultMap="voteItemResult">
		<![CDATA[
		SELECT * FROM OPENEAP.KK_VOTE_ITEM WHERE INFO_ID=#{info_id} ORDER BY NUMBER DESC
		]]>
	</select>
</mapper>