<?xml version="1.0" encoding="UTF-8" ?>
<!DOCTYPE mapper PUBLIC "-//mybatis.org//DTD Mapper 3.0//EN" "http://mybatis.org/dtd/mybatis-3-mapper.dtd" >
<mapper namespace="com.konka.affairs.attend.model.Attend" >
  <resultMap id="attendResult" type="attend" >
    <id column="ID" property="id" jdbcType="INTEGER" />
    <result column="DEPT_ID" property="dept_id" jdbcType="INTEGER" />
    <result column="USERNAME" property="username" jdbcType="VARCHAR" />
    <result column="FULLNAME" property="fullname" jdbcType="VARCHAR" />
    <result column="FROMEDATE" property="fromedate" jdbcType="TIMESTAMP" />
    <result column="TODATE" property="todate" jdbcType="TIMESTAMP" />
    <result column="LEAVETYPE" property="leavetype" jdbcType="VARCHAR" />
    <result column="TOTALDAY" property="totalday" jdbcType="DOUBLE" />
    <result column="REASON" property="reason" jdbcType="VARCHAR" />
    <result column="OTHER" property="other" jdbcType="VARCHAR" />
    <result column="FLOW" property="flow" jdbcType="VARCHAR" />
    <result column="PROCESS" property="process" jdbcType="INTEGER" />
    <result column="AUDITSTATUS" property="auditstatus" jdbcType="INTEGER" />
    <result column="EMAILL" property="emaill" jdbcType="VARCHAR" />
    <result column="CREATE_TIME" property="create_time" jdbcType="TIMESTAMP" />
    <result column="CREATE_EMPLOYEE" property="create_employee" jdbcType="VARCHAR" />
    <result column="CREATE_DEPT" property="create_dept" jdbcType="INTEGER" />
    <result column="UPDATE_TIME" property="update_time" jdbcType="TIMESTAMP" />
    <result column="UPDATE_EMPLOYEE" property="update_employee" jdbcType="VARCHAR" />
    <result column="UPDATE_DEPT" property="update_dept" jdbcType="INTEGER" />
    <result column="ENABLE_FLAG" property="enable_flag" jdbcType="CHAR" />
    <result column="DELETE_FLAG" property="delete_flag" jdbcType="CHAR" />
  </resultMap>
  
  
  


  <sql id="suffixwhere">
		<![CDATA[
			FROM "OPENEAP"."KK_STAFF_ATTEND" A  WHERE A.DELETE_FLAG='F'
		]]>
		<if test="username!=null and username!=''">
		<![CDATA[
			AND A.USERNAME LIKE '%'||#{username}||'%'
		]]>
		</if>
		<if test="fullname!=null and fullname!=''">
		<![CDATA[
			AND A.FULLNAME LIKE '%'||#{fullname}||'%'
		]]>
		</if>
		<if test="fromedate!=null and fromedate!=''">
		<![CDATA[
			and char(A.FROMEDATE)>=#{fromedate}
		]]>
		</if>
		<if test="todate!=null and todate!=''">
		<![CDATA[
			and char(A.TODATE)<=#{todate}
		]]>
		</if>
		<if test="leavetype!=null and leavetype!=''">
		<![CDATA[
			AND A.LEAVETYPE = #{leavetype}
		]]>
		</if>
		<if test="enable_flag!=null and enable_flag!=''">
		<![CDATA[
			AND A.ENABLE_FLAG = #{enable_flag}
		]]>
		</if>
		<if test="create_employee!=null and create_employee!=''">
		<![CDATA[
			AND A.CREATE_EMPLOYEE = #{create_employee}
		]]>
		</if>
		<if test="create_employee==null and create_employee==''">
		<![CDATA[
			AND 1 = 1
		]]>
		</if>
		<![CDATA[
			ORDER BY A.${orderField} ${orderDirection}
		]]>
	</sql> 
	<sql id="suffixPage">
		<![CDATA[
	  )select a.* ,(select max(a.resultNums) from a) as RESULT_COUNT 
	  FROM a where a.resultNums between #{start}+1 
	  and #{end}
	  ]]>
	</sql>
	
	<select id="getObjectList"  parameterType="attend" resultMap="attendResult">  
		<![CDATA[ 
		with a as (
		SELECT 
		A.*
		,rownumber() over (ORDER BY A.${orderField} ${orderDirection} ) AS  resultNums
		]]>  
		<include refid="suffixwhere" />
		<include refid="suffixPage" />
	</select> 
  

	<select id="getById" parameterType="java.lang.Integer" resultMap="attendResult">
		<![CDATA[ 
		SELECT * FROM "OPENEAP"."KK_STAFF_ATTEND"
		WHERE ID=#{id}
		]]> 
	</select>
  
  
  
  
  
  
  
  
  
  <insert id="insert" parameterType="attend" >
  <selectKey resultType="int" keyProperty="id" order="BEFORE">
	   VALUES NEXTVAL FOR OPENEAP.KK_STAFF_ATTEND_S
  </selectKey>
   insert into OPENEAP.KK_STAFF_ATTEND (ID, DEPT_ID, USERNAME, 
      FULLNAME, FROMEDATE, TODATE, 
      LEAVETYPE, TOTALDAY, REASON, 
      OTHER, FLOW, PROCESS, 
      AUDITSTATUS, EMAILL, CREATE_TIME, 
      CREATE_EMPLOYEE, CREATE_DEPT, UPDATE_TIME, 
      UPDATE_EMPLOYEE, UPDATE_DEPT, ENABLE_FLAG, 
      DELETE_FLAG)
    values (#{id,jdbcType=INTEGER}, #{dept_id,jdbcType=INTEGER}, #{username,jdbcType=VARCHAR}, 
      #{fullname,jdbcType=VARCHAR}, #{fromedate,jdbcType=TIMESTAMP}, #{todate,jdbcType=TIMESTAMP}, 
      #{leavetype,jdbcType=VARCHAR}, #{totalday,jdbcType=DOUBLE}, #{reason,jdbcType=VARCHAR}, 
      #{other,jdbcType=VARCHAR}, #{flow,jdbcType=VARCHAR}, #{process,jdbcType=INTEGER}, 
      #{auditstatus,jdbcType=INTEGER}, #{emaill,jdbcType=VARCHAR}, #{create_time,jdbcType=TIMESTAMP}, 
      #{create_employee,jdbcType=VARCHAR}, #{create_dept,jdbcType=INTEGER}, #{update_time,jdbcType=TIMESTAMP}, 
      #{update_employee,jdbcType=VARCHAR}, #{update_dept,jdbcType=INTEGER}, 'T', 
      'F')
  </insert>
  
  
  
  <update id="update" parameterType="user">
		<![CDATA[ 
		UPDATE "OPENEAP"."KK_STAFF_ATTEND" SET 
		update_time = #{update_time}
		,update_employee = #{update_employee}
		,update_dept = #{update_dept}
		]]>
		<if test="fullname!=null and fullname!=''">
			<![CDATA[
			,fullname = #{fullname}
			]]>
		</if>
		<if test="dept_id!=null and dept_id>0">
			<![CDATA[
			,dept_id = #{dept_id}
			]]>
		</if>
		<if test="leavetype!=null and leavetype!=''">
			<![CDATA[
			,leavetype = #{leavetype}
			]]>
		</if>
		<if test="fromedate!=null and fromedate!=''">
			<![CDATA[
			,fromedate = #{fromedate}
			]]>
		</if>
		<if test="todate!=null and todate!=''">
			<![CDATA[
			,todate = #{todate}
			]]>
		</if>
		<if test="totalday!=null and totalday!=''">
			<![CDATA[
			,totalday = #{totalday}
			]]>
		</if>
		<if test="reason!=null and reason!=''">
			<![CDATA[
			,reason = #{reason}
			]]>
		</if>
		<if test="other!=null and other!=''">
			<![CDATA[
			,other = #{other}
			]]>
		</if>
		<if test="enable_flag!=null and enable_flag!=''">
			<![CDATA[
			,enable_flag = #{enable_flag}
			]]>
		</if>
		<if test="delete_flag!=null and delete_flag!=''">
			<![CDATA[
			,delete_flag = #{delete_flag}
			]]>
		</if>
		<![CDATA[
		WHERE ID=#{id}
		]]> 
	</update>
  
  
  
  
 
  
</mapper>