<?xml version="1.0" encoding="UTF-8"?>
<!DOCTYPE mapper PUBLIC "-//mybatis.org//DTD Mapper 3.0//EN" "http://mybatis.org/dtd/mybatis-3-mapper.dtd">
<mapper namespace="com.konka.job.research.model.ResCustomer">
	
	

	<resultMap type="resCustomer" id="resCustomerResult">
		<result property="id" column="id" jdbcType="INTEGER" javaType="java.lang.Integer" />
		<result property="import_id" column="IMPORT_ID" /> 
		<result property="fromCall" column="FROMCALL" />
		<result property="contactTel" column="CONTACTTEL" />
		<result property="call_res" column="CALL_RES" />
		<result property="a" column="A" />
		<result property="b" column="B" />
		<result property="c" column="C" />
		<result property="d" column="D" />
		<result property="e" column="E" />
		<result property="f" column="F" />
		<result property="g" column="G" />
		<result property="h" column="H" />
		<result property="i" column="I" />
		<result property="j" column="J" />
		<result property="k" column="K" />
		<result property="l" column="L" />
		<result property="m" column="M" />
		<result property="n" column="N" />
		<result property="o" column="O" />
		<result property="p" column="P" />
		<result property="q" column="Q" />
		<result property="r" column="R" />
		<result property="s" column="S" />
		<result property="t" column="T" />
			<result property="create_time" column="create_time" />  
			<result property="create_employee" column="create_employee" />
			<result property="create_dept" column="create_dept" jdbcType="INTEGER" javaType="java.lang.Integer" />
			<result property="update_time" column="update_time" />  
			<result property="update_employee" column="update_employee" />
			<result property="update_dept" column="update_dept" jdbcType="INTEGER" javaType="java.lang.Integer" />	
			<result property="enable_flag" column="enable_flag" />  
			<result property="delete_flag" column="delete_flag" />
			<result property="values" column="CREATOR" />
			<result property="values2" column="ACCEPT_USER" />
			<result property="project_id" column="PROJECT_ID" />
			<result property="paper_id" column="PAPER_ID" />
			<result property="table" column="TABLE" />  
			<result property="remark" column="REMARK" /> 
			<result property="next_call_time" column="NEXT_CALL_TIME" />  
			<result property="resResult" column="RESRESULT" /> 
			<result property="callResult" column="CALLRESULT" /> 
			<result property="record_result" column="RECORD_RESULT" />  
	</resultMap>


	
	
	
	<select id="getCustomerByid" parameterType="java.util.Map" resultMap="resCustomerResult">
		<![CDATA[ 
				SELECT B.REMARK,B.UPDATE_TIME AS TASK_TIME,B.TABLE,B.PROJECT_ID,B.IMPORT_ID,B.PAPER_ID,B.ACCEPT_USER,B.CREATE_EMPLOYEE AS CREATOR,B.NEXT_CALL_TIME ,A.ID
		]]> 
		<foreach collection="list" item="item1"  >
			<![CDATA[
				,A.${item1.column} AS ${item1.name}      
			]]>
		</foreach>	
		<![CDATA[ 
				FROM (select * from ${resCustomer.values2} where id = ${resCustomer.id}) B  LEFT JOIN ${resCustomer.values} A ON B.CUSTOMER_ID=A.ID
		]]> 
		
	</select>
	
	<select id="getCustomerByid2" parameterType="java.util.Map" resultMap="resCustomerResult">
		<![CDATA[ 
		     SELECT distinct H.id,H.* FROM  (	SELECT E.*,F.CALLRESULT,F.RESRESULT	AS RECORD_RESULT FROM (SELECT A.ID
		]]> 
		<foreach collection="list" item="item1"  >
			<![CDATA[
				,A.${item1.name}      
			]]>
		</foreach>	
		<![CDATA[ 
				,B.RESRESULT,B.RECORD_ID ,B.DELETE_FLAG,B.CALL_RES,B.ACCEPT_USER,B.REMARK,B.UPDATE_TIME,B.IS_RECALL,B.CALL_TIMES,B.ID AS ID1
		]]> 
		<![CDATA[ 
			FROM (SELECT *  FROM ${resCustomer.values2} where delete_flag='F'
		]]> 	
		
			
		<![CDATA[ 	
			) B   LEFT JOIN ${resCustomer.values} A ON B.CUSTOMER_ID=A.ID 
			) E LEFT JOIN KK_RES_RESRECORD F ON E.ID1=F.task_ID
			)H WHERE H.delete_flag='F'
		]]> 
		<if test="resCustomer.import_id!=null and resCustomer.import_id!=''">
		<![CDATA[
			AND H.IMPORT_ID = #{resCustomer.import_id}
		]]>
		</if>
		<if test="paper_id!=null and paper_id!=''">
		<![CDATA[
			AND H.PAPER_ID = #{resCustomer.paper_id}
		]]>
		</if>
		<if test="resCustomer.enable_flag!=null and resCustomer.enable_flag!=''">
		<![CDATA[
			AND H.is_recall=#{resCustomer.enable_flag}
		]]>
		</if>
		<if test="resCustomer.accept_user!=null and resCustomer.accept_user!=''">
		<![CDATA[
			AND H.accept_user= #{resCustomer.accept_user}
		]]>
		</if>
		<if test="resCustomer.send_customer_times!=null and resCustomer.send_customer_times!=''">
		<![CDATA[
			AND H.send_customer_times=#{resCustomer.send_customer_times}
		]]>
		</if>
		<if test="resCustomer.call_times!=null and resCustomer.call_times!=''">
		<![CDATA[
			AND H.call_times=#{resCustomer.call_times}
		]]>
		</if>
		<if test="resCustomer.fromCall!=null and resCustomer.fromCall!=''">
		<![CDATA[
			AND H.FROMCALL LIKE '%'||#{resCustomer.fromCall}||'%'
		]]>
		</if>
		<if test="resCustomer.contactTel!=null and resCustomer.contactTel!=''">
		<![CDATA[
			AND H.CONTACTTEL LIKE '%'||#{resCustomer.contactTel}||'%'
		]]>
		</if>
		<if test="resCustomer.start_time!=null and resCustomer.start_time!=''">
		<![CDATA[
			AND H.next_call_time>=#{resCustomer.start_time}
		]]>
		</if>
		<if test="resCustomer.end_time!=null and resCustomer.end_time!=''">
		<![CDATA[
			AND H.next_call_time<=#{end_time}
		]]>
		</if>	
		
		
	</select>
	
	

	
	<select id="getSendListCustomerId" parameterType="resSendrecord"	resultMap="resCustomerResult">
		<![CDATA[ 
			select id from ${cust_table} WHERE IMPORT_ID=${import_id} AND id not in
  		(select customer_id from ${cust_table}_TASK where import_id=${import_id} and paper_id=${paper_id}) 
  		order by id asc fetch first ${counts} rows only
		]]> 
	</select>
	
	
	<select id="getByObject" parameterType="resCustomer" resultMap="resCustomerResult">
		<![CDATA[ 
		SELECT * FROM ${values} WHERE ID = ${id}
		]]> 
	</select>
</mapper>
