<?xml version="1.0" encoding="UTF-8"?>
<!DOCTYPE mapper PUBLIC "-//mybatis.org//DTD Mapper 3.0//EN" "http://mybatis.org/dtd/mybatis-3-mapper.dtd">
<mapper namespace="com.konka.job.research.model.ResField">
	<insert id="insert" parameterType="resField">
		<selectKey resultType="int" keyProperty="id" order="BEFORE">
			VALUES NEXTVAL FOR OPENEAP.KK_RES_RESFIELD_S
		</selectKey>
		<![CDATA[ 
		 INSERT INTO "OPENEAP"."KK_RES_RESFIELD" (ID,TRUENAME,TYPE,ATTRIBUTESORT,PROJECT_ID,NAME,SORT,VALUE,CREATE_EMPLOYEE,CREATE_TIME,DELETE_FLAG) VALUES (#{id},#{trueName},#{type},#{attributeSort} ,#{project_id}, #{name}, #{sort},#{value}, #{create_employee}, #{create_time},'F')
		]]>
	</insert>


	<resultMap type="resField" id="resFieldResult">
		<result property="id" column="id" jdbcType="INTEGER" javaType="java.lang.Integer" />
		<result property="project_id" column="PROJECT_ID" />
		<result property="name" column="Name" />
		<result property="sort" column="SORT" />
		<result property="attributeSort" column="ATTRIBUTESORT" />
		<result property="type" column="TYPE" />
		<result property="trueName" column="TRUENAME" />
		<result property="value" column="VALUE" />
			<result property="create_time" column="create_time" />  
			<result property="create_employee" column="create_employee" />
			<result property="create_dept" column="create_dept" jdbcType="INTEGER" javaType="java.lang.Integer" />
			<result property="update_time" column="update_time" />  
			<result property="update_employee" column="update_employee" />
			<result property="update_dept" column="update_dept" jdbcType="INTEGER" javaType="java.lang.Integer" />	
			<result property="enable_flag" column="enable_flag" />  
			<result property="delete_flag" column="delete_flag" />
	</resultMap>
	
	<select id="getProFieldList" parameterType="java.lang.Integer" resultMap="resFieldResult">
		<![CDATA[ 
		SELECT * FROM "OPENEAP"."KK_RES_RESFIELD"
		WHERE PROJECT_ID=#{id} order by ATTRIBUTESORT ASC
		]]> 
	</select>
	

	
	<select id="getById" parameterType="java.lang.Integer" resultMap="resFieldResult">
		<![CDATA[ 
		SELECT * FROM KK_RES_RESFIELD WHERE ID=#{id}
		]]> 
	</select>
		
		
	<update id="update" parameterType="resField">
		<![CDATA[ 
		UPDATE "OPENEAP"."KK_RES_RESFIELD" SET 
		NAME = #{name}
		,TYPE = #{type}
		,ATTRIBUTESORT = #{attributeSort}
		,TRUENAME = #{trueName}
		,UPDATE_TIME=#{update_time}
		,UPDATE_EMPLOYEE=#{update_employee}
		,SORT = #{sort}
		]]>
		<![CDATA[
		 where id = #{id}
		]]>
	</update>
	
	<delete id="deleteField" parameterType="resField">
		<![CDATA[
		DELETE FROM "OPENEAP"."KK_RES_RESFIELD" WHERE ID IN (${values})
		]]> 
	</delete>
	
	<select id="getProFieldList2" parameterType="java.lang.Integer" resultMap="resFieldResult">
		<![CDATA[ 
		SELECT * FROM "OPENEAP"."KK_RES_RESFIELD"
		WHERE PROJECT_ID=#{id} order by ATTRIBUTESORT ASC
		]]> 
	</select>

</mapper>
