<?xml version="1.0" encoding="UTF-8"?>
<!DOCTYPE mapper PUBLIC "-//mybatis.org//DTD Mapper 3.0//EN" "http://mybatis.org/dtd/mybatis-3-mapper.dtd">
<mapper namespace="com.konka.job.research.model.ResImport">
	<insert id="insert" parameterType="resImport">
		<selectKey resultType="int" keyProperty="id" order="BEFORE">
			VALUES NEXTVAL FOR OPENEAP.KK_RES_RESIMPORT_S
		</selectKey>
		<![CDATA[ 
		 INSERT INTO "OPENEAP"."KK_RES_RESIMPORT" 
		 (ID,TITLE,COUNT,CREATE_EMPLOYEE,CREATE_TIME,PROJECT_ID,ENABLE_FLAG,DELETE_FLAG,BALANCE_QUANTITY) 
		 VALUES (#{id}, #{title}, 0, #{create_employee}, #{create_time}, #{project_id},'T','F',0)
		]]>
	</insert>

	<resultMap type="resImport" id="resImportResult">
		<result property="id" column="id" jdbcType="INTEGER" javaType="java.lang.Integer" />
		<result property="title" column="TITLE" />
		<result property="count" column="COUNT" />
		<result property="create_employee" column="CREATE_EMPLOYEE" />
		<result property="create_time" column="CREATE_TIME" />
		<result property="values" column="NAME" />
		<result property="cust_table" column="CUST_TABLE" />
		<result property="enable_flag" column="ENABLE_FLAG" />
		<result property="balance_quantity" column="BALANCE_QUANTITY" />
	</resultMap>
	
	
	<update id="update" parameterType="resImport">
		<![CDATA[ 
		UPDATE "OPENEAP"."KK_RES_RESIMPORT" SET 
		UPDATE_TIME=#{update_time}
		,UPDATE_EMPLOYEE=#{update_employee}
		]]>
		<if test="enable_flag!=null">
			<![CDATA[
			,enable_flag = #{enable_flag}
			]]>
		</if>
		<if test="balance_quantity!=null">
			<![CDATA[
			,balance_quantity = #{balance_quantity}
			]]>
		</if>
		<if test="count!=null">
			<![CDATA[
			,count = #{count}
			]]>
		</if>
		<if test="title">
			<![CDATA[
			,title = #{title}
			]]>
		</if>
		<![CDATA[
		 where id = #{id}
		]]>
	</update>
	
	
	
	
	<insert id="insertBatchCustomer1" parameterType="java.util.List">  
		<![CDATA[ 
		 INSERT INTO "OPENEAP"."KK_RES_RESCUSTOMER1" (LISTNUMBER,NAME,TELEPHONE,IMPORT_ID) VALUES 
		]]>
		<foreach collection="list" item="item" index="index"
			separator=",">  
			<![CDATA[ 
			 (#{item.bank_idchina},#{item.describe},#{item.record},#{item.bank_id})
			]]>
		</foreach>
	</insert>
	
	
	<select id="getImportList2"  parameterType="resImport" resultMap="resImportResult">  
		<![CDATA[ 
		with a as (
		select A.*
		,rownumber() over (ORDER BY A.${orderField} ${orderDirection}) AS  resultNums
		]]>  
		<include refid="selectAllQuestion2" />
		<include refid="suffixPage" />
	</select> 

	<sql id="selectAllQuestion2" >  
		<![CDATA[
		    from  ( 
		    select B.*,C.NAME   from   (select * from KK_RES_RESIMPORT where project_id=${id} )   B  LEFT JOIN  KK_RES_PROJECT C ON B.PROJECT_ID=C.ID
 			) as A   WHERE A.DELETE_FLAG='F'
 		]]>	
 		<if test="title!=null and title!=''">
			<![CDATA[
				AND A.TITLE LIKE '%'||#{title}||'%'
			]]>
		</if>		
		<if test="start_time!=null and start_time!=''">
			<![CDATA[
				AND A.create_time>=#{start_time}
			]]>
		</if>
		<if test="end_time!=null and end_time!=''">
			<![CDATA[
				AND A.create_time<=#{end_time}
			]]>
		</if>
	</sql> 
	
	<delete id="delete" parameterType="java.lang.Integer">
		<![CDATA[
		DELETE FROM "OPENEAP"."KK_RES_RESIMPORT" WHERE ID = #{id}
		]]> 
	</delete>
	
	
	<select id="getImportList"  parameterType="resImport" resultMap="resImportResult">  
		<![CDATA[ 
		with a as (
		select A.*
		,rownumber() over (ORDER BY A.${orderField} ${orderDirection}) AS  resultNums
		]]>  
		<include refid="selectAllQuestion" />
		<include refid="suffixPage" />
	</select> 

	<sql id="selectAllQuestion" >  
		<![CDATA[
		    from  ( 
		    select B.*,C.NAME,C.CUST_TABLE   from KK_RES_RESIMPORT  B  LEFT JOIN  KK_RES_PROJECT C ON B.PROJECT_ID=C.ID
 			) as A   WHERE A.DELETE_FLAG='F'
 		]]>	
 		<if test="title!=null and title!=''">
			<![CDATA[
				AND A.TITLE LIKE '%'||#{title}||'%'
			]]>
		</if>		
		<if test="start_time!=null and start_time!=''">
			<![CDATA[
				AND A.create_time>=#{start_time}
			]]>
		</if>
		<if test="end_time!=null and end_time!=''">
			<![CDATA[
				AND A.create_time<=#{end_time}
			]]>
		</if>
	</sql> 
	
	<sql id="suffixPage">
		<![CDATA[
		  )select a.* ,(select max(a.resultNums) from a) as RESULT_COUNT 
		  FROM a where a.resultNums between #{start}+1 
		  and #{end}
		  ]]>
	</sql>
	
	<select id="getById" parameterType="java.lang.Integer" resultMap="resImportResult">
		<![CDATA[ 
		SELECT * FROM KK_RES_RESIMPORT WHERE ID=#{id}
		]]> 
	</select>
	
</mapper>
