<?xml version="1.0" encoding="UTF-8"?>
<!DOCTYPE mapper PUBLIC "-//mybatis.org//DTD Mapper 3.0//EN" "http://mybatis.org/dtd/mybatis-3-mapper.dtd">
<mapper namespace="com.konka.job.research.model.ResPaper">
	<insert id="insert" parameterType="ResPaper">
		<selectKey resultType="int" keyProperty="id" order="BEFORE">
			VALUES NEXTVAL FOR OPENEAP.KK_RES_ResPaper_S
		</selectKey>
		<![CDATA[ 
		 INSERT INTO "OPENEAP"."KK_RES_RESPAPER" (ID,NAME,PROJECT_ID,CREATE_EMPLOYEE,CREATE_TIME,ENABLE_FLAG,DELETE_FLAG) VALUES (#{id}, #{name},#{project_id}, #{create_employee}, #{create_time},#{enable_flag},'F')
		]]>
	</insert>


	<resultMap type="resPaper" id="resPaperResult">
			<result property="id" column="id" jdbcType="INTEGER" javaType="java.lang.Integer" />
			<result property="name" column="Name" />
			<result property="project_id" column="PROJECT_ID" />
			<result property="create_time" column="create_time" />  
			<result property="create_employee" column="create_employee" />
			<result property="create_dept" column="create_dept" jdbcType="INTEGER" javaType="java.lang.Integer" />
			<result property="update_time" column="update_time" />  
			<result property="update_employee" column="update_employee" />
			<result property="update_dept" column="update_dept" jdbcType="INTEGER" javaType="java.lang.Integer" />	
			<result property="enable_flag" column="enable_flag" />  
			<result property="delete_flag" column="delete_flag" />
	</resultMap>


	

	
	<select id="getById" parameterType="java.lang.Integer" resultMap="resPaperResult">
		<![CDATA[ 
		SELECT * FROM KK_RES_RESPAPER WHERE ID=#{id}
		]]> 
	</select>
		
	<delete id="deletePaper" parameterType="resPaper">
		<![CDATA[
		DELETE FROM "OPENEAP"."KK_RES_RESPAPER" WHERE ID IN (${values})
		]]> 
	</delete>
		
	<update id="update" parameterType="resPaper">
		<![CDATA[ 
		UPDATE "OPENEAP"."KK_RES_RESPAPER" SET 
		NAME = #{name}
		,ENABLE_FLAG = #{enable_flag}
		,UPDATE_TIME=#{update_time}
		,UPDATE_EMPLOYEE=#{update_employee}
		]]>
		<![CDATA[
		 where id = #{id}
		]]>
	</update>
	<select id="getPaperList"  parameterType="resPaper" resultMap="resPaperResult">  
		<![CDATA[ 
		with a as (
		select A.*
		,rownumber() over (ORDER BY A.${orderField} ${orderDirection}) AS  resultNums
		]]>  
		<include refid="selectAllQuestion" />
		<include refid="suffixPage" />
	</select> 

	<sql id="selectAllQuestion" >  
		<![CDATA[
		    from  KK_RES_RESPAPER A WHERE A.DELETE_FLAG='F' AND A.PROJECT_ID=#{project_id}
 		]]>	
		<if test="name!=null and name!=''">
		<![CDATA[
			AND A.NAME LIKE '%'||#{name}||'%'
		]]>
		</if>		
		<if test="create_time!=null and create_time!=''">
		<![CDATA[
			AND A.create_time>=#{create_time}
		]]>
		</if>
		<if test="update_time!=null and update_time!=''">
		<![CDATA[
			AND A.create_time<=#{update_time}
		]]>
		</if>
	</sql> 
	
	<sql id="suffixPage">
		<![CDATA[
		  )select a.* ,(select max(a.resultNums) from a) as RESULT_COUNT 
		  FROM a where a.resultNums between #{start}+1 
		  and #{end}
		  ]]>
	</sql>
	

</mapper>
