<?xml version="1.0" encoding="UTF-8"?>
<!DOCTYPE mapper PUBLIC "-//mybatis.org//DTD Mapper 3.0//EN" "http://mybatis.org/dtd/mybatis-3-mapper.dtd">
<mapper namespace="com.konka.job.research.model.ResProject">
	<insert id="insert" parameterType="resProject">
		<selectKey resultType="int" keyProperty="id" order="BEFORE">
			VALUES NEXTVAL FOR OPENEAP.KK_RES_PROJECT_S
		</selectKey>
		<![CDATA[ 
		 INSERT INTO "OPENEAP"."KK_RES_PROJECT" (ID,NAME,CUST_TABLE,CREATE_EMPLOYEE,CREATE_TIME,ENABLE_FLAG,DELETE_FLAG) VALUES (#{id}, #{name}, #{cust_table}, #{create_employee}, #{create_time},#{enable_flag},'F')
		]]>
	</insert>


	<resultMap type="resProject" id="resProjectResult">
		<result property="id" column="id" jdbcType="INTEGER" javaType="java.lang.Integer" />
		<result property="name" column="NAME" />
		<result property="cust_table" column="CUST_TABLE" />
		<result property="create_time" column="create_time" />  
			<result property="create_employee" column="create_employee" />
			<result property="create_dept" column="create_dept" jdbcType="INTEGER" javaType="java.lang.Integer" />
			<result property="update_time" column="update_time" />  
			<result property="update_employee" column="update_employee" />
			<result property="update_dept" column="update_dept" jdbcType="INTEGER" javaType="java.lang.Integer" />	
			<result property="enable_flag" column="enable_flag" />  
			<result property="delete_flag" column="delete_flag" />
			<result property="values3" column="project_id" />
	</resultMap>


	<select id="getProList"  parameterType="resProject" resultMap="resProjectResult">  
		<![CDATA[ 
		with a as (
		select A.*
		,rownumber() over (ORDER BY A.${orderField} ${orderDirection}) AS  resultNums
		]]>  
		<include refid="selectAllQuestion" />
		<include refid="suffixPage" />
	</select> 
	<sql id="selectAllQuestion" >  
		<![CDATA[
		  from OPENEAP.KK_RES_PROJECT A WHERE A.DELETE_FLAG='F'
 		]]>	
		<if test="name!=null and name!=''">
		<![CDATA[
			AND A.NAME LIKE '%'||#{name}||'%'
		]]>
		</if>		
		<if test="start_time!=null and start_time!=''">
		<![CDATA[
			AND A.create_time>=#{start_time}
		]]>
		</if>
		<if test="end_time!=null and end_time!=''">
		<![CDATA[
			AND A.create_time<=#{end_time}
		]]>
		</if>
	
		
	</sql> 
	
	<sql id="suffixPage">
		<![CDATA[
		  )select a.* ,(select max(a.resultNums) from a) as RESULT_COUNT 
		  FROM a where a.resultNums between #{start}+1 and #{end}
		  ]]>
	</sql>
	
	
	<select id="getMyProList"  parameterType="resProject" resultMap="resProjectResult">  
		<![CDATA[ 
		with a as (
		select A.*
		,rownumber() over (ORDER BY A.${orderField} ${orderDirection}) AS  resultNums
		]]>  
		<include refid="selectAllQuestion1" />
		<include refid="suffixPage" />
	</select> 

	
	
	
	<sql id="selectAllQuestion1" >  
		<![CDATA[
		    from  ( 
		    select C.*,B.PROJECT_ID from 
		    (select * from KK_RES_RESPRO_USER WHERE ACCEPT_USER='${values}') B
		    LEFT JOIN KK_RES_PROJECT C ON C.ID=B.PROJECT_ID
		     			)as  A WHERE A.DELETE_FLAG='F'
 		]]>	
		<if test="name!=null and name!=''">
		<![CDATA[
			AND A.NAME LIKE '%'||#{name}||'%'
		]]>
		</if>		
		<if test="create_time!=null and create_time!=''">
		<![CDATA[
			AND A.create_time>=#{create_time}
		]]>
		</if>
		<if test="update_time!=null and update_time!=''">
		<![CDATA[
			AND A.create_time<=#{update_time}
		]]>
		</if>
	
		
	</sql> 
	

	
	
	<select id="getById" parameterType="java.lang.Integer" resultMap="resProjectResult">
		<![CDATA[ 
		SELECT * FROM KK_RES_PROJECT WHERE ID=#{id}
		]]> 
	</select>
		
		
	<update id="update" parameterType="resProject">
		<![CDATA[ 
		UPDATE "OPENEAP"."KK_RES_PROJECT" SET 
		NAME = #{name}
		,CUST_TABLE = #{cust_table}
		,ENABLE_FLAG = #{enable_flag}
		,UPDATE_TIME=#{update_time}
		,UPDATE_EMPLOYEE=#{update_employee}
		]]>
		<![CDATA[
		 where id = #{id}
		]]>
	</update>
	<update id="updateStaff" parameterType="resProject">
		<![CDATA[ 
		UPDATE "OPENEAP"."KK_RES_PROJECT" SET 
		CONTAIN_STAFF=#{contain_staff}
		]]>
		<![CDATA[
		 where id = #{id}
		]]>
	</update>
	<delete id="deleteProject" parameterType="resProject">
		<![CDATA[
		DELETE FROM "OPENEAP"."KK_RES_PROJECT" WHERE ID IN (${values})
		]]> 
	</delete>
	

</mapper>
