<?xml version="1.0" encoding="UTF-8"?>
<!DOCTYPE mapper PUBLIC "-//mybatis.org//DTD Mapper 3.0//EN" "http://mybatis.org/dtd/mybatis-3-mapper.dtd">
<mapper namespace="com.konka.job.research.model.ResQuestion">
	<insert id="insert" parameterType="resQuestion">
		<selectKey resultType="int" keyProperty="id" order="BEFORE">
			VALUES NEXTVAL FOR OPENEAP.KK_RES_RESQUESTION_S
		</selectKey>
		<![CDATA[ 
		 INSERT INTO "OPENEAP"."KK_RES_RESQUESTION" (ID,PAPER_ID,TITLE,SORT,TYPE,COLUMN,CREATE_EMPLOYEE,CREATE_TIME) VALUES (#{id}, #{paper_id}, #{title}, #{sort}, #{type}, #{column}, #{create_employee}, #{create_time})
		]]>
	</insert>


	<resultMap type="resQuestion" id="resQuestionResult">
		<result property="id" column="id" jdbcType="INTEGER" javaType="java.lang.Integer" />
		<result property="paper_id" column="PAPER_ID" />
		<result property="title" column="TITLE" />
		<result property="type" column="TYPE" />
		<result property="column" column="COLUMN" />
		<result property="sort" column="SORT" />
		<result property="value" column="VALUE" />
			<result property="create_time" column="create_time" />  
			<result property="create_employee" column="create_employee" />
			<result property="create_dept" column="create_dept" jdbcType="INTEGER" javaType="java.lang.Integer" />
			<result property="update_time" column="update_time" />  
			<result property="update_employee" column="update_employee" />
			<result property="update_dept" column="update_dept" jdbcType="INTEGER" javaType="java.lang.Integer" />	
			<result property="enable_flag" column="enable_flag" />  
			<result property="delete_flag" column="delete_flag" />
	</resultMap>


	
	<select id="getPaperquestionByid" parameterType="java.lang.Integer" resultMap="resQuestionResult">
		<![CDATA[ 
		SELECT * FROM "OPENEAP"."KK_RES_RESQUESTION"
		WHERE PAPER_ID=#{id} order by SORT ASC
		]]> 
	</select>
	
	
	<select id="getPaperQuestionList" parameterType="java.lang.Integer" resultMap="resQuestionResult">
		<![CDATA[ 
		SELECT * FROM "OPENEAP"."KK_RES_RESQUESTION"
		WHERE PAPER_ID=#{paper_id} order by SORT ASC
		
		]]> 
	</select>

	
	<select id="getById" parameterType="java.lang.Integer" resultMap="resQuestionResult">
		<![CDATA[ 
		SELECT * FROM KK_RES_RESQUESTION WHERE ID=#{id}
		]]> 
	</select>
		
		
	<update id="update" parameterType="resQuestion">
		<![CDATA[ 
		UPDATE "OPENEAP"."KK_RES_RESQUESTION" SET 
		TITLE = #{title}
		,COLUMN = #{column}
		,TYPE = #{type}
		,SORT = #{sort}
		,UPDATE_TIME=#{update_time}
		,UPDATE_EMPLOYEE=#{update_employee}
		]]>
		<![CDATA[
		 where id = #{id}
		]]>
	</update>
	
	
	<delete id="deleteQuestion" parameterType="resQuestion">
		<![CDATA[
		DELETE  FROM "OPENEAP"."KK_RES_RESQUESTION" WHERE ID IN (${values})
		]]> 
	</delete>
	

</mapper>
