<?xml version="1.0" encoding="UTF-8"?>
<!DOCTYPE mapper PUBLIC "-//mybatis.org//DTD Mapper 3.0//EN" "http://mybatis.org/dtd/mybatis-3-mapper.dtd">
<mapper namespace="com.konka.job.research.model.ResRecord">
	
	<insert id="insert" parameterType="resRecord">
		<selectKey resultType="int" keyProperty="id" order="BEFORE">
			VALUES NEXTVAL FOR OPENEAP.KK_RES_RESRECORD_S
		</selectKey>
		<![CDATA[ 
		 INSERT INTO "OPENEAP"."KK_RES_RESRECORD" (ID,TASK_ID,CALLRESULT,RECALL,remark,
		 CREATE_EMPLOYEE,CREATE_TIME,ENABLE_FLAG,DELETE_FLAG)
		  VALUES (#{id}, #{task_id}, #{callResult}, #{reCall},#{remark},
		  #{create_employee}, #{create_time},'T','F')
		]]>
	</insert>

	<resultMap type="resRecord" id="resRecordResult">
		<result property="id" column="id" jdbcType="INTEGER" javaType="java.lang.Integer" />
		<result property="task_id" column="TASK_ID" />
		<result property="callResult" column="CALLRESULT" />
		<result property="resResult" column="resResult" />
		<result property="reCall" column="reCall" />
		<result property="remark" column="remark" />
			<result property="create_time" column="create_time" />  
			<result property="create_employee" column="create_employee" />
			<result property="create_dept" column="create_dept" jdbcType="INTEGER" javaType="java.lang.Integer" />
			<result property="update_time" column="update_time" />  
			<result property="update_employee" column="update_employee" />
			<result property="update_dept" column="update_dept" jdbcType="INTEGER" javaType="java.lang.Integer" />	
			<result property="enable_flag" column="enable_flag" />  
			<result property="delete_flag" column="delete_flag" />
	</resultMap>
	<select id="getRecordList"  parameterType="resRecord" resultMap="resRecordResult">  
		<![CDATA[ 
		with a as (
		select A.*
		,rownumber() over (ORDER BY A.${orderField} ${orderDirection}) AS  resultNums
		]]>  
		<include refid="selectAllQuestion" />
		<include refid="suffixPage" />
	</select> 

	<sql id="selectAllQuestion" >  
		<![CDATA[
				 from openeap.KK_RES_RESRECORD A where  A.DELETE_FLAG='F' 
 		]]>	
 		<if test="task_id!=null and task_id>=0">
			<![CDATA[
				AND A.task_id=#{task_id}
			]]>
		</if>
 		<if test="start_time!=null and start_time!=''">
		<![CDATA[
			AND A.create_time>=#{start_time}
		]]>
		</if>
		<if test="end_time!=null and end_time!=''">
		<![CDATA[
			AND A.create_time<=#{end_time}
		]]>
		</if>
	</sql> 
	
	<sql id="suffixPage">
		<![CDATA[
		  )select a.* ,(select max(a.resultNums) from a) as RESULT_COUNT 
		  FROM a where a.resultNums between #{start}+1  and #{end}
		  ]]>
	</sql>

</mapper>
