<?xml version="1.0" encoding="UTF-8"?>
<!DOCTYPE mapper PUBLIC "-//mybatis.org//DTD Mapper 3.0//EN" "http://mybatis.org/dtd/mybatis-3-mapper.dtd">
<mapper namespace="com.konka.job.research.model.ResResult">
	



	<resultMap type="resResult" id="resResultResult">
		<result property="id" column="id" jdbcType="INTEGER" javaType="java.lang.Integer" />
		<result property="task_id" column="TASK_ID" />
		<result property="project_id" column="PROJECT_ID" />
		<result property="import_id" column="IMPORT_ID" />
		<result property="question_id" column="QUESTION_ID" />
		<result property="customer_id" column="CUSTOMER_ID" />
		<result property="answer" column="ANSWER" />
			<result property="create_time" column="create_time" />  
			<result property="create_employee" column="create_employee" />
			<result property="create_dept" column="create_dept" jdbcType="INTEGER" javaType="java.lang.Integer" />
			<result property="update_time" column="update_time" />  
			<result property="update_employee" column="update_employee" />
			<result property="update_dept" column="update_dept" jdbcType="INTEGER" javaType="java.lang.Integer" />	
			<result property="enable_flag" column="enable_flag" />  
			<result property="delete_flag" column="delete_flag" />
	</resultMap>


	
		<insert id="insertBatchmap" parameterType="java.util.Map">  
		<![CDATA[ 
		 INSERT INTO ${table} 
		 (TASK_ID,PROJECT_ID,IMPORT_ID,QUESTION_ID,CUSTOMER_ID,ANSWER
		 ,CREATE_TIME,CREATE_EMPLOYEE,ENABLE_FLAG) 
		 VALUES 
		]]>  
		<foreach collection="list" item="item" index="index" separator=",">  
			<![CDATA[ 
			 (
		#{item.task_id},#{item.project_id},#{item.import_id},#{item.question_id},#{item.customer_id},#{item.answer}
		 ,#{item.create_time},#{item.create_employee},'F'
				)
			]]>  
		</foreach>  
	</insert>  
	
	
	
	<select id="getById" parameterType="java.lang.Integer" resultMap="resResultResult">
		<![CDATA[ 
		SELECT * FROM KK_RES_RESTASK WHERE ID=#{id}
		]]> 
	</select>
	
	
	
	<select id="getMyTaskList"  parameterType="resResult" resultMap="resResultResult">  
		<![CDATA[ 
		with a as (
		select A.*
		,rownumber() over (ORDER BY A.${orderField} ${orderDirection}) AS  resultNums
		]]>  
		<include refid="selectAllQuestion" />
		<include refid="suffixPage" />
	</select> 

	<sql id="selectAllQuestion" >  
		<![CDATA[
		    from  ( 
		select E.*,F.title as values2 from 
		(select B.*,C.NAME from   
		(SELECT *  FROM  ${values} WHERE ACCEPT_USER= '${update_employee}')  
		 B left join KK_RES_PROJECT  C  ON  B.PROJECT_ID = C.ID)   E      
 		left join kk_res_resimport F on E.project_id=F.project_id	
 			
 			)as  A WHERE A.ENABLE_FLAG='F'
 		]]>	
		<if test="values2!=null and values2!=''">
		<![CDATA[
			AND A.NAME LIKE '%'||#{values2}||'%'
		]]>
		</if>	
		<if test="send_customer_times!=null and send_customer_times!=''">
		<![CDATA[
			AND A.SEND_CUSTOMER_TIMES LIKE '%'||#{send_customer_times}||'%'
		]]>
		</if>	
	</sql> 
	
	<sql id="suffixPage">
		<![CDATA[
		  )select a.* ,(select max(a.resultNums) from a) as RESULT_COUNT 
		  FROM a where a.resultNums between #{start}+1 
		  and #{end}
		  ]]>
	</sql>

</mapper>
