<?xml version="1.0" encoding="UTF-8"?>
<!DOCTYPE mapper PUBLIC "-//mybatis.org//DTD Mapper 3.0//EN" "http://mybatis.org/dtd/mybatis-3-mapper.dtd">
<mapper namespace="com.konka.job.research.model.ResSendrecord">
	
	<insert id="insert" parameterType="resSendrecord">
		  <selectKey resultType="java.lang.Integer" keyProperty="id" order="BEFORE" >
		    VALUES NEXTVAL FOR KK_RES_RESSENDRECORD_S
		  </selectKey>
		<![CDATA[ 
		 		INSERT INTO "OPENEAP"."KK_RES_RESSENDRECORD" (ID,PAPER_ID,RNAME,COUNTS,ACCEPT_USER,IMPORT_ID,last,cust_table
		 ,CREATE_TIME,CREATE_EMPLOYEE,ENABLE_FLAG,DELETE_FLAG) VALUES (
		 #{id},#{paper_id},#{rname},#{counts},#{accept_user},#{import_id},#{counts},#{cust_table}
		 ,#{create_time} ,#{create_employee},'T','F')
		]]>
	</insert>
	

	<resultMap type="resSendrecord" id="resSendrecordResult">
		<result property="id" column="id" jdbcType="INTEGER" javaType="java.lang.Integer" />
		<result property="paper_id" column="paper_id" />
		<result property="import_id" column="IMPORT_ID" />
		<result property="accept_user" column="ACCEPT_USER" />
		<result property="counts" column="COUNTS" />
		<result property="last" column="last" />
		<result property="rname" column="RNAME" />
		<result property="cust_table" column="cust_table" />
			<result property="create_time" column="create_time" />  
			<result property="create_employee" column="create_employee" />
			<result property="create_dept" column="create_dept" jdbcType="INTEGER" javaType="java.lang.Integer" />
			<result property="update_time" column="update_time" />  
			<result property="update_employee" column="update_employee" />
			<result property="update_dept" column="update_dept" jdbcType="INTEGER" javaType="java.lang.Integer" />	
			<result property="enable_flag" column="enable_flag" />  
			<result property="delete_flag" column="delete_flag" /> 
			<result property="resPaper.name" column="PAPER_NAME" />
	</resultMap>


	
	<insert id="insertBatch" parameterType="java.util.List">  
		<![CDATA[ 
		 INSERT INTO "OPENEAP"."KK_RES_RESSENDRECORD" 
		 (paper_id,RNAME,COUNTS,ACCEPT_USER,CREATE_TIME,CREATE_EMPLOYEE,IMPORT_ID) 
		 VALUES 
		]]>  
		<foreach collection="list" item="item" index="index" separator=",">  
			<![CDATA[ 
			 (
		 #{item.paper_id},#{item.rname},#{item.counts},#{item.accept_user}
		 ,#{item.create_time} ,#{item.create_employee},#{item.import_id}
				)
			]]>  
		</foreach>  
	</insert>  

	
	<select id="getById" parameterType="java.lang.Integer" resultMap="resSendrecordResult">
		<![CDATA[ 
		SELECT * FROM KK_RES_RESSENDRECORD WHERE ID=#{id}
		]]> 
	</select>
	
	
	
	
	
		<select id="getSendcustomerrecord"  parameterType="resSendrecord" resultMap="resSendrecordResult">  
		<![CDATA[ 
		with a as (
		select A.*
		,rownumber() over (ORDER BY A.${orderField} ${orderDirection}) AS  resultNums
		]]>  
		<include refid="selectAllQuestion" />
		<include refid="suffixPage" />
	</select> 
	<sql id="selectAllQuestion" >  
		
			<![CDATA[ 
			 from  ( 
		SELECT A.*,B.name AS PAPER_NAME FROM "OPENEAP"."KK_RES_RESSENDRECORD" A left join
		"OPENEAP"."KK_RES_RESPAPER" B ON A.PAPER_ID=B.ID) A
		WHERE A.enable_flag='T' and A.delete_flag='F'
		]]>
		<if test="import_id!=null and import_id>0">
		<![CDATA[ 
			and A.IMPORT_ID = #{import_id}   
		]]>
		</if> 
		<if test="last!=null">
		<![CDATA[ 
			and A.last > #{last}   
		]]>
		</if> 
		<if test="accept_user!=null and accept_user!=''">
		<![CDATA[ 
			and A.accept_user = #{accept_user}   
		]]>
		</if> 
		<![CDATA[
		ORDER BY A.${orderField} ${orderDirection}
		]]>
	</sql> 
	
	<sql id="suffixPage">
		<![CDATA[
		  )select a.* ,(select max(a.resultNums) from a) as RESULT_COUNT 
		  FROM a where a.resultNums between #{start}+1 and #{end}
		  ]]>
	</sql>
	
	
	
	
	
	
	
	
	

	
	

	<update id="updateSendrecord" parameterType="java.lang.Integer">
		<![CDATA[ 
		UPDATE kk_res_ressendrecord SET 
		enable_flag = 'F'
		]]>
		<![CDATA[
		WHERE ID = #{id}
		]]> 
	</update>	
	
	<update id="updateSendrecord2" parameterType="java.lang.Integer">
		<![CDATA[ 
		UPDATE kk_res_ressendrecord SET 
		enable_flag = 'T'
		]]>
		<![CDATA[
		WHERE ID = #{id}
		]]> 
	</update>	
	<delete id="deleteSendrecord" parameterType="resSendrecord">
		<![CDATA[
		DELETE FROM "OPENEAP"."KK_RES_RESSENDRECORD" WHERE ID IN (${values})
		]]> 
	</delete>
</mapper>
