<?xml version="1.0" encoding="UTF-8"?>
<!DOCTYPE mapper PUBLIC "-//mybatis.org//DTD Mapper 3.0//EN" "http://mybatis.org/dtd/mybatis-3-mapper.dtd">
<mapper namespace="com.konka.job.research.model.ResTask">
	
	<insert id="insert" parameterType="resTask">
	
		<![CDATA[ 
		 		INSERT INTO "OPENEAP"."KK_RES_RESTASK" (CUSTOMER_ID,PROJECT_ID,PAPER_ID,ACCEPT_USER,SEND_CUSTOMER_TIMES
		 ,CREATE_TIME,CREATE_EMPLOYEE) VALUES (
		  #{customer_id},#{project_id},#{paper_id},#{accept_user},#{send_customer_times}
		 ,#{create_time},#{create_employee})
		]]>
	</insert>
	
	
	
	<insert id="insertProUser" parameterType="resTask">
	
		<![CDATA[ 
		 		INSERT INTO "OPENEAP"."KK_RES_RESPRO_USER" (PROJECT_ID,ACCEPT_USER,ENABLE_FLAG) 
		 		VALUES (#{project_id},#{accept_user},'F')
		]]>
	</insert>
	
	<resultMap type="resTask" id="resTaskResult">
		<result property="id" column="id" jdbcType="INTEGER" javaType="java.lang.Integer" />
		<result property="customer_id" column="CUSTOMER_ID" />
		<result property="paper_id" column="PAPER_ID" />
		<result property="record_id" column="RECORD_ID" />
		<result property="import_id" column="IMPORT_ID" />
		<result property="project_id" column="PROJECT_ID" />
		<result property="table" column="TABLE" />
		
		<result property="remark" column="remark" />
		
		<result property="accept_user" column="ACCEPT_USER" />
		<result property="is_called" column="IS_CALLED" />
		<result property="is_recall" column="IS_RECALL" />
		<result property="call_times" column="CALL_TIMES" />
		
		<result property="call_res" column="CALL_RES" />
		
		
		
		<result property="next_call_time" column="NEXT_CALL_TIME" />
		<result property="answer_time" column="ANSWER_TIME" />
		
		<result property="resResult" column="RESRESULT" />
			<result property="create_time" column="create_time" />  
			<result property="create_employee" column="create_employee" />
			<result property="create_dept" column="create_dept" jdbcType="INTEGER" javaType="java.lang.Integer" />
			<result property="update_time" column="update_time" />  
			<result property="update_employee" column="update_employee" />
			<result property="update_dept" column="update_dept" jdbcType="INTEGER" javaType="java.lang.Integer" />	
			<result property="enable_flag" column="enable_flag" />  
			<result property="delete_flag" column="delete_flag" />
			
			<result property="resCustomer.contactTel" column="CUST_CONTACTTEL" />
			<result property="resCustomer.fromCall" column="CUST_FROMCALL" />
	</resultMap>


	

	
	<insert id="insertBatchmap" parameterType="java.util.Map">  
		<![CDATA[ 
		 INSERT INTO ${record.cust_table}_TASK
		 (CUSTOMER_ID,IMPORT_ID,PAPER_ID,ACCEPT_USER,RECORD_ID
		 ,CREATE_TIME,CREATE_EMPLOYEE,ENABLE_FLAG,IS_CALLED,IS_RECALL,CALL_TIMES,DELETE_FLAG,PROJECT_ID,TABLE) 
		 VALUES 
		]]>  
		<foreach collection="list" item="item" index="index" separator=",">  
			<![CDATA[ 
			 (
		 #{item.id},#{record.import_id},#{record.paper_id},#{record.accept_user},#{record.id}
		 ,#{record.create_time},#{record.create_employee},'F','F','T',0,'F',#{record.project_id},#{record.cust_table})
			]]>  
		</foreach>  
	</insert>  
	<update id="update" parameterType="resTask">
		<![CDATA[ 
		UPDATE ${values} SET 
		update_time = #{update_time}
		]]>
		<if test="enable_flag!=null">
			<![CDATA[
			,enable_flag = #{enable_flag}
			]]>
		</if>
		<if test="next_call_time!=null">
			<![CDATA[
			,next_call_time = #{next_call_time}
			]]>
		</if>
		<if test="call_times!=null">
			<![CDATA[
			,call_times = #{call_times}
			]]>
		</if>
		<if test="call_res!=null">
			<![CDATA[
			,call_res = #{call_res}
			]]>
		</if>
		<if test="remark!=null">
			<![CDATA[
			,remark = #{remark}
			]]>
		</if>
		<if test="is_called!=null">
			<![CDATA[
			,is_called = #{is_called}
			]]>
		</if>
		<if test="is_recall!=null">
			<![CDATA[
			,is_recall = #{is_recall}
			]]>
		</if>
		<if test="record_id!=null">
			<![CDATA[
			,record_id = #{record_id}
			]]>
		</if>
		<if test="resResult!=null">
			<![CDATA[
			,RESRESULT = #{resResult}
			]]>
		</if>
		<![CDATA[
		WHERE ID=#{id}
		]]> 
	</update>
	
	<update id="update1" parameterType="resTask">
		<![CDATA[ 
		UPDATE ${values} SET 
		accept_user = #{update_employee}
		]]>
		<![CDATA[
		WHERE ID IN (${values2})
		]]> 
	</update>
	
	<update id="pauseTask" parameterType="resTask">
		<![CDATA[ 
		UPDATE ${values} SET 
		enable_flag = 'G'
		]]>
		<![CDATA[
		WHERE ID IN (
		select id from ${values} where import_id = ${import_id}  and id not in 
		(select id from ${values} where import_id = ${import_id} and enable_flag='T')
		)
		]]> 
	</update>	
	
	<update id="recoverTask" parameterType="resTask">
		<![CDATA[ 
		UPDATE ${values} SET 
		enable_flag = 'F'
		]]>
		<![CDATA[
		WHERE ID IN (
		select id from ${values} where import_id = ${import_id} and enable_flag='G' 
		)
		]]> 
	</update>	
	
		
	<insert id="insertBatchlist" parameterType="java.util.List">  
		<![CDATA[ 
		 INSERT INTO kk_res_respro_user
		 (PROJECT_ID,ACCEPT_USER,ENABLE_FLAG) 
		 VALUES 
		]]>  
		<foreach collection="list" item="item" index="index" separator=",">  
			<![CDATA[ 
			 (
		#{item.project_id},#{item.accept_user},'F'
				)
			]]>  
		</foreach>  
	</insert>  

	
	<select id="getById" parameterType="resTask" resultMap="resTaskResult">
		<![CDATA[ 
		SELECT * FROM ${values}_TASK WHERE ID=#{id}
		]]> 
	</select>
	
	<select id="getTaskAmountByProject" parameterType="resTask" resultType="java.lang.Integer">
		<![CDATA[ 
		select count(*) from (SELECT * FROM  ${values} WHERE import_id=${id} ) B  where B.id not in
		(select customer_id from ${values2} where import_id=${id})
		]]> 
	</select>
	
	<select id="getSendTaskNum" parameterType="resTask" resultType="java.lang.Integer">
		<![CDATA[ 
			select max(SEND_CUSTOMER_TIMES) from ${update_employee} where import_id=${import_id}
		]]> 
	</select>
		
	<select id="isExistTask" parameterType="resTask" resultType="java.lang.Integer">
		<![CDATA[ 
			select count(*) from ${values} where ACCEPT_USER='${accept_user}'
		]]> 
	</select>	
		
	<select id="getTaskid" parameterType="resTask" resultType="java.lang.Integer">
		<![CDATA[ 
			select id from ${values} where ACCEPT_USER='${accept_user}' and ENABLE_FLAG='F'
		]]> 
		<if test="call_times!=null">
			<![CDATA[
			AND call_times = #{call_times}
			]]>
		</if>
		<if test="is_called!=null">
			<![CDATA[
			AND  is_called = #{is_called}
			]]>
		</if>
		<if test="is_recall!=null">
			<![CDATA[
			AND is_recall = #{is_recall}
			]]>
		</if>
		
	</select>
	
	
	<select id="getTaskid2" parameterType="resTask" resultType="java.lang.Integer">
		<![CDATA[ 
			select id from ${values} where ACCEPT_USER='${accept_user}' and ENABLE_FLAG='F' 
			AND ID NOT IN(
			select distinct task_id from kk_res_resrecord where project_id=${project_id} 
			)
		]]> 
	</select>
	
	
	<select id="ifExitsUser" parameterType="resTask" resultType="java.lang.Integer">
		<![CDATA[ 
			select count(*) from KK_RES_RESPRO_USER where accept_user='${update_employee}' and project_id=${project_id}
		]]> 
	</select>
	
	
	<select id="getProUser" parameterType="resTask"	resultMap="resTaskResult">
		<![CDATA[ 
			 select ACCEPT_USER from KK_RES_RESPRO_USER  where project_id=${id} 
  			AND  ACCEPT_USER IN ( ]]> 
  			
  			<foreach collection="listUser" item="item" index="index" separator=",">  
			<![CDATA[ 
				#{item.accept_user}
			]]>  
		</foreach>  
  			
  			<![CDATA[ 
			 )
			  ]]> 
		
	</select>
	
	<delete id="deleteTask" parameterType="resTask">
		<![CDATA[
		DELETE FROM ${update_employee} WHERE  ACCEPT_USER='${accept_user}'
		AND  SEND_CUSTOMER_TIMES=${send_customer_times} AND IMPORT_ID=${import_id}
		]]> 
	</delete>
	
	
	<delete id="deleteProUser" parameterType="resTask">
		<![CDATA[
		DELETE FROM kk_res_respro_user  WHERE  ACCEPT_USER='${accept_user}'
		AND  PROJECT_ID=${project_id}
		]]> 
	</delete>
	
	
	
	<select id="getAllTaskList"  parameterType="resTask" resultMap="resTaskResult">  
		<![CDATA[ 
		with a as (
		select A.*,B.FROMCALL,B.CONTACTTEL
		,rownumber() over (ORDER BY A.${orderField} ${orderDirection}) AS  resultNums
		]]>  
		<include refid="selectAllQuestion2" />
		<include refid="suffixPage" />
	</select> 

	<sql id="selectAllQuestion2" >  
		<![CDATA[
		    from ${values}_TASK A LEFT JOIN ${values} B ON A.CUSTOMER_ID=B.ID WHERE A.DELETE_FLAG='F'
 		]]>	
		<if test="paper_id!=null and paper_id!=''">
		<![CDATA[
			AND A.PAPER_ID = #{paper_id}
		]]>
		</if>
		<if test="is_called!=null and is_called!=''">
		<![CDATA[
			AND A.is_called=#{is_called}
		]]>
		</if>
		<if test="is_recall!=null and is_recall!=''">
		<![CDATA[
			AND A.is_recall=#{is_recall}
		]]>
		</if>
		
		<if test="accept_user!=null and accept_user!=''">
		<![CDATA[
			AND A.accept_user= #{accept_user}
		]]>
		</if>
		<if test="call_times!=null and call_times!=''">
		<![CDATA[
			AND A.call_times=#{call_times}
		]]>
		</if>
		<if test="fromCall!=null and fromCall!=''">
		<![CDATA[
			AND (B.FROMCALL LIKE '%'||#{fromCall}||'%' or B.contactTel LIKE '%'||#{fromCall}||'%')
		]]>
		</if>
		<if test="start_time!=null and start_time!=''">
		<![CDATA[
			AND A.create_time>=#{start_time}
		]]>
		</if>
		<if test="end_time!=null and end_time!=''">
		<![CDATA[
			AND A.create_time<=#{end_time}
		]]>
		</if>	
	</sql> 
	
	
	
	
	
	
	<select id="getMyTaskList"  parameterType="resTask" resultMap="resTaskResult">  
		<![CDATA[ 
		with a as (
		select A.*,B.FROMCALL AS CUST_FROMCALL,B.CONTACTTEL AS CUST_CONTACTTEL
		,rownumber() over (ORDER BY A.${orderField} ${orderDirection}) AS  resultNums
		]]>  
		<include refid="selectAllQuestion" />
		<include refid="suffixPage" />
	</select> 

	<sql id="selectAllQuestion" >  
		<![CDATA[
		    from  ( 
		SELECT * FROM OPENEAP.${values}_TASK where
		 record_id=#{record_id} AND accept_user=#{accept_user} )as  A
		LEFT JOIN OPENEAP.${values} B ON A.CUSTOMER_ID=B.ID
		 WHERE A.ENABLE_FLAG='F' and A.delete_flag='F' 
 		]]>	
		<if test="is_called!=null and is_called!=''">
		<![CDATA[
			AND A.IS_CALLED=#{is_called}
		]]>
		</if>
		<if test="is_recall!=null and is_recall!=''">
		<![CDATA[
			AND A.is_recall=#{is_recall}
		]]>
		</if>
		<if test="fromCall!=null and fromCall!=''">
		<![CDATA[
			AND (B.FROMCALL LIKE '%'||#{fromCall}||'%' OR B.CONTACTTEL LIKE '%'||#{contactTel}||'%')
		]]>
		</if>
		<if test="start_time!=null and start_time!=''">
		<![CDATA[
			AND A.next_call_time>=#{start_time}
		]]>
		</if>
		<if test="end_time!=null and end_time!=''">
		<![CDATA[
			AND A.next_call_time<=#{end_time}
		]]>
		</if>	
		<![CDATA[
		ORDER BY A.${orderField} ${orderDirection}
		]]>
	</sql> 
	
	<sql id="suffixPage">
		<![CDATA[
		  )select a.* ,(select max(a.resultNums) from a) as RESULT_COUNT 
		  FROM a where a.resultNums between #{start}+1 and #{end}
		  ]]>
	</sql>
	
	<select id="getRecoverUser" parameterType="resTask" resultMap="resTaskResult">
		<![CDATA[ 
			SELECT DISTINCT ACCEPT_USER  FROM ${values} where ACCEPT_USER NOT IN(
				SELECT ACCEPT_USER FROM KK_RES_RESPRO_USER WHERE PROJECT_ID=${project_id} 
				)
		]]> 
	</select>
	
	<delete id="deleteBatch" parameterType="resTask">
		<![CDATA[
		DELETE FROM ${values2} WHERE ID IN (${values})
		]]> 
	</delete>
</mapper>
