<?xml version="1.0" encoding="UTF-8"?>
<!DOCTYPE mapper PUBLIC "-//mybatis.org//DTD Mapper 3.0//EN" "http://mybatis.org/dtd/mybatis-3-mapper.dtd">
<mapper namespace="com.konka.database.model.Area">
	<insert id="insert" parameterType="area">  
	  <selectKey resultType="int" keyProperty="id" order="BEFORE">
	   VALUES NEXTVAL FOR OPENEAP.KK_DATABASE_AREA_S
	  </selectKey>
		<![CDATA[ 
		 INSERT INTO "OPENEAP"."KK_DATABASE_AREA" (ID,PARENT_ID,NUM,NAME
		 ,CREATE_TIME,CREATE_EMPLOYEE,CREATE_DEPT,ENABLE_FLAG,DELETE_FLAG) VALUES (
		 #{id},#{parent_id},#{num},#{name}
		 ,#{create_time},#{create_employee},#{create_dept},'T','F')
		]]>  
	</insert>  
	<update id="update" parameterType="area">
		<![CDATA[ 
		UPDATE "OPENEAP"."KK_DATABASE_AREA" SET 
		update_time = #{update_time}
		,update_employee = #{update_employee}
		,update_dept = #{update_dept}
		]]>
		<if test="name!=null and name!=''">
			<![CDATA[
			,name = #{name}
			]]>
		</if>
		<if test="enable_flag!=null and enable_flag!=''">
			<![CDATA[
			,enable_flag = #{enable_flag}
			]]>
		</if>
		<if test="delete_flag!=null and delete_flag!=''">
			<![CDATA[
			,delete_flag = #{delete_flag}
			]]>
		</if>
		<![CDATA[
		WHERE ID=#{id}
		]]> 
	</update>
	<delete id="delete" parameterType="java.lang.Integer">
		<![CDATA[
		DELETE FROM "OPENEAP"."KK_DATABASE_AREA" WHERE ID=#{id}
		]]>
	</delete>
	<resultMap type="area" id="areaResult">  
		<result property="id" column="id" jdbcType="INTEGER" javaType="java.lang.Integer" />
		<result property="parent_id" column="parent_id" jdbcType="INTEGER" javaType="java.lang.Integer" />
		<result property="num" column="num" />  
		<result property="name" column="name" />  
			<result property="create_time" column="create_time" />  
			<result property="create_employee" column="create_employee" />
			<result property="create_dept" column="create_dept" jdbcType="INTEGER" javaType="java.lang.Integer" />
			<result property="update_time" column="update_time" />  
			<result property="update_employee" column="update_employee" />
			<result property="update_dept" column="update_dept" jdbcType="INTEGER" javaType="java.lang.Integer" />	
			<result property="enable_flag" column="enable_flag" />  
			<result property="delete_flag" column="delete_flag" />
	</resultMap>  
	<select id="getById" parameterType="java.lang.Integer" resultMap="areaResult">
		<![CDATA[ 
		SELECT * FROM "OPENEAP"."KK_DATABASE_AREA"
		WHERE ID=#{id}
		]]> 
	</select>
	<select id="getAllList"  parameterType="area" resultMap="areaResult">  
		<![CDATA[ 
		SELECT * FROM "OPENEAP"."KK_DATABASE_AREA"
		WHERE DELETE_FLAG='F'
		]]>  
		<if test="parent_id != null and parent_id>0">
		<![CDATA[
		AND PARENT_ID=#{parent_id} 
		]]>
		</if>
		<if test="enable_flag!= null and enable_flag!=''">
		<![CDATA[
		AND enable_flag=#{enable_flag} 
		]]>
		</if>
		<if test="num != null and num != ''">
		<![CDATA[
		AND num like ''||#{num}||'%'
		]]>
		</if>
		<![CDATA[
		ORDER BY parent_id asc,ID ASC
		]]>
	</select> 
	<select id="getNewObject"  parameterType="area" resultMap="areaResult">  
		<![CDATA[
		SELECT * FROM "OPENEAP"."KK_DATABASE_AREA" 
		WHERE PARENT_ID=#{parent_id} ORDER BY ID DESC FETCH FIRST 1 ROWS ONLY
		]]>
	</select>
	<select id="isExist" parameterType="area" resultMap="areaResult">
		<![CDATA[ 
		SELECT * FROM "OPENEAP"."KK_DATABASE_AREA"
		WHERE 1=1
		]]> 
		<if test="name!=null and name!=''">
		<![CDATA[
			and name = #{name}
		]]>
		</if>
		<if test="id!=null and id>0">
		<![CDATA[
			and id <> #{id}
		]]>
		</if>
	</select>
</mapper>