<?xml version="1.0" encoding="UTF-8"?>
<!DOCTYPE mapper PUBLIC "-//mybatis.org//DTD Mapper 3.0//EN" "http://mybatis.org/dtd/mybatis-3-mapper.dtd">
<mapper namespace="com.konka.database.model.ConsultArea">
	<resultMap type="consultarea" id="consultareaResult"> 
		<result property="area_id" column="area_id" jdbcType="INTEGER" javaType="java.lang.Integer" />
		<result property="area_desc" column="area_desc" />  
		<result property="parent_area_id" column="parent_area_id" jdbcType="INTEGER" javaType="java.lang.Integer" />  
		<result property="area_level" column="area_level" jdbcType="INTEGER" javaType="java.lang.Integer" />  
	</resultMap>  
	
	
	<select id="getAllList"  parameterType="consultarea" resultMap="consultareaResult">  
		<![CDATA[ 
		select AREA_ID,AREA_DESC,PARENT_AREA_ID,AREA_LEVEL 
		from ECC_FND.AREA_INFO where delete_flag='F' and enable_flag='T' and area_level<3
		]]>  
		<if test="parent_area_id!=null and parent_area_id>0">
			<![CDATA[
			AND parent_area_id=#{parent_area_id} 
			]]>
		</if>
		<if test="area_desc != null and area_desc != ''">
			<![CDATA[
			AND area_desc like ''||#{area_desc}||'%'
			]]>
		</if>
		<![CDATA[
		ORDER BY AREA_ID ASC
		]]>
	</select> 
	
</mapper>