<?xml version="1.0" encoding="UTF-8"?>
<!DOCTYPE mapper PUBLIC "-//mybatis.org//DTD Mapper 3.0//EN" "http://mybatis.org/dtd/mybatis-3-mapper.dtd">
<mapper namespace="com.konka.database.model.LookupCode">
	<insert id="insert" parameterType="lookupcode">  
	  <selectKey resultType="int" keyProperty="id" order="BEFORE">
	   VALUES NEXTVAL FOR OPENEAP.KK_DATABASE_LUCODE_S
	  </selectKey>
		<![CDATA[ 
		 INSERT INTO "OPENEAP"."KK_DATABASE_LUCODE" (ID,NAME,CODE,MODULE
		 ,CREATE_TIME,CREATE_EMPLOYEE,CREATE_DEPT,ENABLE_FLAG,DELETE_FLAG) VALUES (
		 #{id},#{name},#{code},#{module}
		 ,#{create_time},#{create_employee},#{create_dept},'T','F')
		]]>  
	</insert>  
	<delete id="delete" parameterType="java.lang.Integer">
		<![CDATA[
		DELETE FROM "OPENEAP"."KK_DATABASE_LUCODE" WHERE ID=#{id}
		]]>
	</delete>
	<update id="update" parameterType="lookupcode">
		<![CDATA[ 
		UPDATE "OPENEAP"."KK_DATABASE_LUCODE" SET 
		update_time = #{update_time}
		,update_employee = #{update_employee}
		,update_dept = #{update_dept}
		]]>
		<if test="name!=null and name!=''">
			<![CDATA[
			,name = #{name}
			]]>
		</if>
		<if test="code!=null and code!=''">
			<![CDATA[
			,code = #{code}
			]]>
		</if>
		<if test="module!=null and module!=''">
			<![CDATA[
			,module = #{module}
			]]>
		</if>
		<if test="enable_flag!=null and enable_flag!=''">
			<![CDATA[
			,enable_flag = #{enable_flag}
			]]>
		</if>
		<if test="delete_flag!=null and delete_flag!=''">
			<![CDATA[
			,delete_flag = #{delete_flag}
			]]>
		</if>
		<![CDATA[
		WHERE ID=#{id}
		]]> 
	</update>
	<resultMap type="lookupcode" id="lookupcodeResult">  
		<result property="id" column="id" jdbcType="INTEGER" javaType="java.lang.Integer" />
		<result property="name" column="name" />  
		<result property="code" column="code" />  
		<result property="module" column="module" />  
			<result property="create_time" column="create_time" />  
			<result property="create_employee" column="create_employee" />
			<result property="create_dept" column="create_dept" jdbcType="INTEGER" javaType="java.lang.Integer" />
			<result property="update_time" column="update_time" />  
			<result property="update_employee" column="update_employee" />
			<result property="update_dept" column="update_dept" jdbcType="INTEGER" javaType="java.lang.Integer" />	
			<result property="enable_flag" column="enable_flag" />  
			<result property="delete_flag" column="delete_flag" />
	</resultMap>  
	<select id="getById" parameterType="java.lang.Integer" resultMap="lookupcodeResult">
		<![CDATA[ 
		SELECT * FROM "OPENEAP"."KK_DATABASE_LUCODE"
		WHERE ID=#{id}
		]]> 
	</select>
	<resultMap type="lookupcode" id="cacheResult">  
		<result property="code" column="code" /> 
		<result property="lookupItem.name" column="name" /> 
		<result property="lookupItem.value" column="value" /> 
		<result property="lookupItem.color" column="color" /> 
		<result property="lookupItem.sort" column="sort" /> 
	</resultMap>
	<select id="getLookupCodeForCache" resultMap="cacheResult">  
		<![CDATA[ 
			SELECT A.CODE AS CODE,
			B.NAME AS NAME,
			B.VALUE AS VALUE,
			B.COLOR AS COLOR,
			B.SORT AS SORT FROM "OPENEAP"."KK_DATABASE_LUCODE" A 
			INNER JOIN "OPENEAP"."KK_DATABASE_LUITEM" B ON A.ID=B.PARENT_ID
			WHERE B.DELETE_FLAG='F' AND B.ENABLE_FLAG='T' 
			AND A.DELETE_FLAG='F' AND A.ENABLE_FLAG='T'
			ORDER BY A.ID ASC,B.SORT ASC
		]]>
	</select>
	<select id="getAllLookupcodeList"  parameterType="lookupcode" resultMap="lookupcodeResult">  
		<![CDATA[ 
			SELECT * FROM "OPENEAP"."KK_DATABASE_LUCODE"
			WHERE DELETE_FLAG='F'
		]]>
		<if test="enable_flag!=null and enable_flag!=''">
			<![CDATA[
			AND ENABLE_FLAG = #{enable_flag}
			]]>
		</if>
		<![CDATA[ 
		ORDER BY MODULE ASC
		]]>
	</select>  
	<sql id="suffixwhere">
		<![CDATA[
			FROM "OPENEAP"."KK_DATABASE_LUCODE" A  WHERE A.DELETE_FLAG='F'
		]]>
		<if test="name!=null and name!=''">
		<![CDATA[
			AND A.NAME LIKE '%'||#{name}||'%'
		]]>
		</if>
		<if test="code!=null and code!=''">
		<![CDATA[
			AND A.CODE LIKE '%'||#{code}||'%'
		]]>
		</if>
		<if test="module!=null and module!=''">
		<![CDATA[
			AND A.MODULE LIKE '%'||#{module}||'%'
		]]>
		</if>
		<![CDATA[
			ORDER BY A.${orderField} ${orderDirection}
		]]>
	</sql> 
	<sql id="suffixPage">
		<![CDATA[
	  )select a.* ,(select max(a.resultNums) from a) as RESULT_COUNT 
	  FROM a where a.resultNums between #{start}+1 and #{end}
	  ]]>
	</sql>
	<select id="getObjectList"  parameterType="lookupcode" resultMap="lookupcodeResult">  
		<![CDATA[ 
		with a as (
		SELECT 
		A.*
		,rownumber() over (ORDER BY A.${orderField} ${orderDirection} ) AS  resultNums
		]]>  
		<include refid="suffixwhere" />
		<include refid="suffixPage" />
	</select> 
	<select id="isExist" parameterType="lookupcode" resultMap="lookupcodeResult">
		<![CDATA[ 
		SELECT * FROM "OPENEAP"."KK_DATABASE_LUCODE"
		WHERE 1=1 and (name = #{name} or code=#{code})
		]]> 
		<if test="id!=null and id>0">
		<![CDATA[
			and id <> #{id}
		]]>
		</if>
	</select>
</mapper>