<?xml version="1.0" encoding="UTF-8"?>
<!DOCTYPE mapper PUBLIC "-//mybatis.org//DTD Mapper 3.0//EN" "http://mybatis.org/dtd/mybatis-3-mapper.dtd">
<mapper namespace="com.konka.database.model.LookupItem">
	<insert id="insert" parameterType="lookupitem">  
	  <selectKey resultType="int" keyProperty="id" order="BEFORE">
	   VALUES NEXTVAL FOR OPENEAP.KK_DATABASE_LUITEM_S
	  </selectKey>
		<![CDATA[ 
		 INSERT INTO "OPENEAP"."KK_DATABASE_LUITEM" (ID,PARENT_ID,NAME,VALUE,COLOR,SORT
		 ,CREATE_TIME,CREATE_EMPLOYEE,CREATE_DEPT,ENABLE_FLAG,DELETE_FLAG) VALUES (
		 #{id},#{parent_id},#{name},#{value},#{color},#{sort}
		 ,#{create_time},#{create_employee},#{create_dept},'T','F')
		]]>  
	</insert>  
	<delete id="delete" parameterType="java.lang.Integer">
		<![CDATA[
		DELETE FROM "OPENEAP"."KK_DATABASE_LUITEM" WHERE ID=#{id}
		]]>
	</delete>
	<update id="update" parameterType="lookupitem">
		<![CDATA[ 
		UPDATE "OPENEAP"."KK_DATABASE_LUITEM" SET 
		update_time = #{update_time}
		,update_employee = #{update_employee}
		,update_dept = #{update_dept}
		]]>
		<if test="name!=null and name!=''">
			<![CDATA[
			,name = #{name}
			]]>
		</if>
		<if test="value!=null and value!=''">
			<![CDATA[
			,value = #{value}
			]]>
		</if>
		<if test="sort!=null and sort>0">
			<![CDATA[
			,sort = #{sort}
			]]>
		</if>
		<if test="color!=null and color!=''">
			<![CDATA[
			,color = #{color}
			]]>
		</if>
		<if test="enable_flag!=null and enable_flag!=''">
			<![CDATA[
			,enable_flag = #{enable_flag}
			]]>
		</if>
		<if test="delete_flag!=null and delete_flag!=''">
			<![CDATA[
			,delete_flag = #{delete_flag}
			]]>
		</if>
		<![CDATA[
		WHERE ID=#{id}
		]]> 
	</update>
	<resultMap type="lookupitem" id="lookupitemResult">  
		<result property="id" column="id" jdbcType="INTEGER" javaType="java.lang.Integer" />
		<result property="parent_id" column="parent_id" jdbcType="INTEGER" javaType="java.lang.Integer" />
		<result property="name" column="name" />  
		<result property="value" column="value" />
		<result property="color" column="color" />
		<result property="sort" column="sort" jdbcType="INTEGER" javaType="java.lang.Integer" />
			<result property="create_time" column="create_time" />  
			<result property="create_employee" column="create_employee" />
			<result property="create_dept" column="create_dept" jdbcType="INTEGER" javaType="java.lang.Integer" />
			<result property="update_time" column="update_time" />  
			<result property="update_employee" column="update_employee" />
			<result property="update_dept" column="update_dept" jdbcType="INTEGER" javaType="java.lang.Integer" />	
			<result property="enable_flag" column="enable_flag" />  
			<result property="delete_flag" column="delete_flag" />
	</resultMap>  
	<select id="getById" parameterType="java.lang.Integer" resultMap="lookupitemResult">
		<![CDATA[ 
		SELECT * FROM "OPENEAP"."KK_DATABASE_LUITEM"
		WHERE ID=#{id}
		]]> 
	</select>
	<select id="getAllList"  parameterType="lookupitem" resultMap="lookupitemResult">  
		<![CDATA[ 
			SELECT * FROM "OPENEAP"."KK_DATABASE_LUITEM"
			WHERE DELETE_FLAG='F'
		]]>
		<if test="parent_id!=null and parent_id>0">
			<![CDATA[
			AND parent_id = #{parent_id} 
			]]>
		</if>
		<if test="enable_flag!=null and enable_flag!=''">
			<![CDATA[
			AND enable_flag = #{enable_flag}
			]]>
		</if>
		<![CDATA[ 
		ORDER BY SORT ASC
		]]>
	</select>  
	<select id="getAllListByCode"  parameterType="lookupcode" resultMap="lookupitemResult">  
		<![CDATA[ 
			SELECT * FROM "OPENEAP"."KK_DATABASE_LUITEM"
			WHERE DELETE_FLAG='F' AND enable_flag='T'
		]]>
		<if test="code!=null and code!=''">
			<![CDATA[
			AND parent_id in (select id from "OPENEAP"."KK_DATABASE_LUCODE" WHERE CODE = #{code} AND DELETE_FLAG='F' AND ENABLE_FLAG='T')
			]]>
		</if>
		<![CDATA[ 
		ORDER BY SORT ASC
		]]>
	</select>  
	<select id="isExist" parameterType="lookupitem" resultMap="lookupitemResult">
		<![CDATA[ 
		SELECT * FROM "OPENEAP"."KK_DATABASE_LUITEM"
		WHERE 1=1 and parent_id = #{parent_id} 
		and (name = #{name} or value=#{value}) 
		]]> 
		<if test="id!=null and id>0">
		<![CDATA[
			and id <> #{id}
		]]>
		</if>
	</select>
</mapper>