<?xml version="1.0" encoding="UTF-8"?>
<!DOCTYPE mapper PUBLIC "-//mybatis.org//DTD Mapper 3.0//EN" "http://mybatis.org/dtd/mybatis-3-mapper.dtd">
<mapper namespace="com.konka.database.model.Seat">
	<insert id="insert" parameterType="seat">  
	  <selectKey resultType="int" keyProperty="id" order="BEFORE">
	   VALUES NEXTVAL FOR OPENEAP.KK_DATABASE_SEAT_S
	  </selectKey>
		<![CDATA[ 
		 INSERT INTO "OPENEAP"."KK_DATABASE_SEAT" (ID,AREA,NAME,IP,mac,in_phone,out_phone
		 ,CREATE_TIME,CREATE_EMPLOYEE,CREATE_DEPT,ENABLE_FLAG,DELETE_FLAG) VALUES (
		 #{id},#{area},#{name},#{ip},#{mac},#{in_phone},#{out_phone}
		 ,#{create_time},#{create_employee},#{create_dept},'T','F')
		]]>  
	</insert>  
	<update id="update" parameterType="seat">
		<![CDATA[ 
		UPDATE "OPENEAP"."KK_DATABASE_SEAT" SET 
		update_time = #{update_time}
		,update_employee = #{update_employee}
		,update_dept = #{update_dept}
		]]>
		<if test="area!=null and area!=''">
			<![CDATA[
			,area = #{area}
			]]>
		</if>
		<if test="name!=null and name!=''">
			<![CDATA[
			,name = #{name}
			]]>
		</if>
		<if test="ip!=null and ip!=''">
			<![CDATA[
			,ip = #{ip}
			]]>
		</if>
		<if test="mac!=null and mac!=''">
			<![CDATA[
			,mac = #{mac}
			]]>
		</if>
		<if test="in_phone!=null">
			<![CDATA[
			,in_phone = #{in_phone}
			]]>
		</if>
		<if test="out_phone!=null">
			<![CDATA[
			,out_phone = #{out_phone}
			]]>
		</if>
		<if test="enable_flag!=null and enable_flag!=''">
			<![CDATA[
			,enable_flag = #{enable_flag}
			]]>
		</if>
		<if test="delete_flag!=null and delete_flag!=''">
			<![CDATA[
			,delete_flag = #{delete_flag}
			]]>
		</if>
		<![CDATA[
		WHERE ID=#{id}
		]]> 
	</update>
	<delete id="delete" parameterType="java.lang.Integer">
		<![CDATA[
		DELETE FROM "OPENEAP"."KK_DATABASE_SEAT" WHERE ID=#{id}
		]]>
	</delete>
	<resultMap type="seat" id="seatResult">  
		<result property="id" column="id" jdbcType="INTEGER" javaType="java.lang.Integer" />
		<result property="area" column="area" />  
		<result property="name" column="name" />
		<result property="ip" column="ip" />  
		<result property="mac" column="mac" />
		<result property="in_phone" column="in_phone" />  
		<result property="out_phone" column="out_phone" />      
			<result property="create_time" column="create_time" />  
			<result property="create_employee" column="create_employee" />
			<result property="create_dept" column="create_dept" jdbcType="INTEGER" javaType="java.lang.Integer" />
			<result property="update_time" column="update_time" />  
			<result property="update_employee" column="update_employee" />
			<result property="update_dept" column="update_dept" jdbcType="INTEGER" javaType="java.lang.Integer" />	
			<result property="enable_flag" column="enable_flag" />  
			<result property="delete_flag" column="delete_flag" />
	</resultMap>  
	<select id="getById" parameterType="java.lang.Integer" resultMap="seatResult">
		<![CDATA[ 
		SELECT * FROM "OPENEAP"."KK_DATABASE_SEAT"
		WHERE ID=#{id}
		]]> 
	</select>
	<sql id="suffixwhere">
		<![CDATA[
			FROM "OPENEAP"."KK_DATABASE_SEAT" A  WHERE A.DELETE_FLAG='F'
		]]>
		<if test="name!=null and name!=''">
		<![CDATA[
			AND A.NAME LIKE '%'||#{name}||'%'
		]]>
		</if>
		<if test="area!=null and area!=''">
		<![CDATA[
			AND A.area = #{area}
		]]>
		</if>
		<if test="ip!=null and ip!=''">
		<![CDATA[
			AND A.CODE LIKE '%'||#{code}||'%'
		]]>
		</if>
		<![CDATA[
			ORDER BY A.${orderField} ${orderDirection}
		]]>
	</sql> 
	<sql id="suffixPage">
		<![CDATA[
	  )select a.* ,(select max(a.resultNums) from a) as RESULT_COUNT 
	  FROM a where a.resultNums between #{start}+1 and #{end}
	  ]]>
	</sql>
	<select id="getObjectList"  parameterType="seat" resultMap="seatResult">  
		<![CDATA[ 
		with a as (
		SELECT 
		A.*
		,rownumber() over (ORDER BY A.${orderField} ${orderDirection} ) AS  resultNums
		]]>  
		<include refid="suffixwhere" />
		<include refid="suffixPage" />
	</select> 
	<select id="getAllList"  parameterType="seat" resultMap="seatResult">  
		<![CDATA[ 
		SELECT * FROM "OPENEAP"."KK_DATABASE_SEAT"
		WHERE DELETE_FLAG='F'
		]]>  
		<if test="area != null and area!=''">
		<![CDATA[
		AND area=#{area} 
		]]>
		</if>
		<if test="enable_flag!= null and enable_flag!=''">
		<![CDATA[
		AND enable_flag=#{enable_flag} 
		]]>
		</if>
		<![CDATA[
		ORDER BY parent_id asc,ID ASC
		]]>
	</select> 
	<select id="getAllListForOpeneap" resultType="seat">  
		<![CDATA[ 
		SELECT AGENTIP as ip,MACHINEID as name,AGENTPHONE as in_phone FROM "OPENEAP"."SYS_AGENTTELEPHONE"
		]]>  
	</select> 
	<select id="isExist" parameterType="seat" resultMap="seatResult">
		<![CDATA[ 
		SELECT * FROM "OPENEAP"."KK_DATABASE_SEAT"
		WHERE 1=1
		]]> 
		<if test="name!=null and name!=''">
		<![CDATA[
			and name = #{name}
		]]>
		</if>
		<if test="id!=null and id>0">
		<![CDATA[
			and id <> #{id}
		]]>
		</if>
	</select>
</mapper>