<?xml version="1.0" encoding="UTF-8"?>
<!DOCTYPE mapper PUBLIC "-//mybatis.org//DTD Mapper 3.0//EN" "http://mybatis.org/dtd/mybatis-3-mapper.dtd">
<mapper namespace="com.konka.database.model.Series">
	<resultMap type="series" id="seriesResult"> 
		<result property="series_id" column="series_id" jdbcType="INTEGER" javaType="java.lang.Integer" />
		<result property="series_name" column="series_name" />  
		<result property="has_children_flag" column="has_children_flag" />
		<result property="parent_series_id" column="parent_series_id" jdbcType="INTEGER" javaType="java.lang.Integer" />  
	</resultMap>  
	<select id="getAllList"  parameterType="series" resultMap="seriesResult">  
		<![CDATA[ 
		select a.series_id, b.series_name ,a.parent_series_id,a.has_children_flag from "ECC_MBOM"."PRODUCT_SERIES" a  
		left join "ECC_MBOM"."PRODUCT_SERIES_PROP" b on   a.series_id=b.series_id     
		where  a.delete_flag='F' and a.enable_flag='T'and b.LANGUAGE_LOOKUP_CODE='CHINESE' 
		]]>  
		
		<if test="parent_series_id!=null ">
			<![CDATA[
			AND a.parent_series_id=#{parent_series_id} 
			]]>
		</if>
		<if test="series_name != null and series_name != ''">
			<![CDATA[
			AND b.series_name like '%'||#{series_name}||'%'
			]]>
		</if>
		
		<![CDATA[
		order by series_id ASC
		]]>
	</select> 
	
</mapper>