<?xml version="1.0" encoding="UTF-8" ?>
<!DOCTYPE mapper PUBLIC "-//mybatis.org//DTD Mapper 3.0//EN" "http://mybatis.org/dtd/mybatis-3-mapper.dtd" >
<mapper namespace="com.konka.office.calen.model.Calen" >
    <insert id="insert" parameterType="calen" >
  <selectKey resultType="int" keyProperty="id" order="BEFORE">
	   VALUES NEXTVAL FOR OPENEAP.KK_OFFICE_CALEN_S
  </selectKey>
    insert into OPENEAP.KK_OFFICE_CALEN (ID, SUBJECT, LOCATION, 
      MASTERID, DESCRIPTION, CALENDARTYPE, 
      STARTTIME, ENDTIME, ISALLDAYEVENT, 
      HASATTACHMENT, CATEGORY, INSTANCETYPE, 
      ATTENDEES, ATTENDEENAMES, OTHERATTENDEE, 
      UPACCOUNT, UPNAME, UPTIME, 
      RECURRINGRULE, CREATE_TIME, CREATE_EMPLOYEE, 
      CREATE_DEPT, UPDATE_TIME, UPDATE_EMPLOYEE, 
      UPDATE_DEPT, ENABLE_FLAG, DELETE_FLAG
      )
   values (#{id,jdbcType=INTEGER}, #{subject,jdbcType=VARCHAR}, #{location,jdbcType=VARCHAR}, 
      #{masterid,jdbcType=INTEGER}, #{description,jdbcType=VARCHAR}, #{calendartype,jdbcType=SMALLINT}, 
      #{starttime,jdbcType=TIMESTAMP}, #{endtime,jdbcType=TIMESTAMP}, #{isalldayevent,jdbcType=SMALLINT}, 
      #{hasattachment,jdbcType=SMALLINT}, #{category,jdbcType=VARCHAR}, #{instancetype,jdbcType=SMALLINT}, 
      #{attendees,jdbcType=VARCHAR}, #{attendeenames,jdbcType=VARCHAR}, #{otherattendee,jdbcType=VARCHAR}, 
      #{upaccount,jdbcType=VARCHAR}, #{upname,jdbcType=VARCHAR}, #{uptime,jdbcType=TIMESTAMP}, 
      #{recurringrule,jdbcType=VARCHAR}, #{create_time,jdbcType=TIMESTAMP}, #{create_employee,jdbcType=VARCHAR}, 
      #{create_dept,jdbcType=INTEGER}, #{update_time,jdbcType=TIMESTAMP}, #{update_employee,jdbcType=VARCHAR}, 
      #{update_dept,jdbcType=INTEGER}, '', ''
      )
  </insert>
  
  
  
  
  <insert id="insertuserlist" parameterType="map" >
  <![CDATA[
    insert into OPENEAP.KK_OFFICE_CALEN_USER (CALEN_ID, USERNAME
      )
   values (#{calen_id}, #{username}
      )
      ]]> 
  </insert>
  
  
  
  
  
    <resultMap id="calenResult" type="com.konka.office.calen.model.Calen" >
    <id column="ID" property="id" jdbcType="INTEGER" />
    <result column="SUBJECT" property="subject" jdbcType="VARCHAR" />
    <result column="LOCATION" property="location" jdbcType="VARCHAR" />
    <result column="MASTERID" property="masterid" jdbcType="INTEGER" />
    <result column="DESCRIPTION" property="description" jdbcType="VARCHAR" />
    <result column="CALENDARTYPE" property="calendartype" jdbcType="INTEGER" />
    <result column="STARTTIME" property="starttime" jdbcType="TIMESTAMP" />
    <result column="ENDTIME" property="endtime" jdbcType="TIMESTAMP" />
    <result column="ISALLDAYEVENT" property="isalldayevent" jdbcType="INTEGER" />
    <result column="HASATTACHMENT" property="hasattachment" jdbcType="INTEGER" />
    <result column="CATEGORY" property="category" jdbcType="VARCHAR" />
    <result column="INSTANCETYPE" property="instancetype" jdbcType="INTEGER" />
    <result column="ATTENDEES" property="attendees" jdbcType="VARCHAR" />
    <result column="ATTENDEENAMES" property="attendeenames" jdbcType="VARCHAR" />
    <result column="OTHERATTENDEE" property="otherattendee" jdbcType="VARCHAR" />
    <result column="UPACCOUNT" property="upaccount" jdbcType="INTEGER" />
    <result column="UPNAME" property="upname" jdbcType="VARCHAR" />
    <result column="UPTIME" property="uptime" jdbcType="TIMESTAMP" />
    <result column="RECURRINGRULE" property="recurringrule" jdbcType="VARCHAR" />
    <result column="CREATE_TIME" property="createTime" jdbcType="TIMESTAMP" />
    <result column="CREATE_EMPLOYEE" property="createEmployee" jdbcType="VARCHAR" />
    <result column="CREATE_DEPT" property="createDept" jdbcType="INTEGER" />
    <result column="UPDATE_TIME" property="updateTime" jdbcType="TIMESTAMP" />
    <result column="UPDATE_EMPLOYEE" property="updateEmployee" jdbcType="VARCHAR" />
    <result column="UPDATE_DEPT" property="updateDept" jdbcType="INTEGER" />
    <result column="ENABLE_FLAG" property="enableFlag" jdbcType="CHAR" />
    <result column="DELETE_FLAG" property="deleteFlag" jdbcType="CHAR" />
    <result column="CALEN_ID" property="calen_id" jdbcType="INTEGER" />
    <result column="USERNAME" property="username" jdbcType="VARCHAR" />
  </resultMap>
  
  <select id="getByCid" parameterType="calen" resultMap="calenResult">
		<![CDATA[
		SELECT * FROM "OPENEAP"."KK_OFFICE_CALEN" where id = #{id}
		]]> 
	</select>
  
   <select id="getByUid" parameterType="Map" resultMap="calenResult">
		<![CDATA[
		SELECT * FROM "OPENEAP"."KK_OFFICE_CALEN" C
		LEFT JOIN "OPENEAP"."KK_OFFICE_CALEN_USER" U ON C.ID=U.CALEN_ID
		WHERE char(C.STARTTIME)<#{qend} and char(C.EndTime)>#{qstart} 
		AND C.DELETE_FLAG !='T' AND C.ENABLE_FLAG !='F'
		AND U.USERNAME=#{username} 
		order by C.STARTTIME,C.ENDTIME
		]]> 
	</select>
	
   <update id="deleteCalen" parameterType="calen">
   		<![CDATA[ 
		UPDATE "OPENEAP"."KK_OFFICE_CALEN" SET 
		UPDATE_TIME = #{update_time}
		,UPDATE_EMPLOYEE = #{update_employee}
		,UPDATE_DEPT = #{update_dept}
		,enable_flag = 'F'
		,delete_flag = 'T'
		where id = #{id}
		]]>   
	</update>
	<!-- 
	<update id="deleteRemind" parameterType="calen">
   		<![CDATA[ 
		DELETE FROM "OPENEAP"."KK_SYSTEM_REMIND" WHERE MODEL = 'calen_${id}';
		]]>   
	</update>
	
	<update id="updateRemind" parameterType="calen">
   		<![CDATA[ 
		UPDATE "OPENEAP"."KK_SYSTEM_REMIND" SET 
		REMIND_START_TIME = #{starttime}
		,REMIND_END_TIME = #{endtime}
		,UPDATE_TIME = #{update_time}
		,UPDATE_EMPLOYEE = #{update_employee}
		,UPDATE_DEPT = #{update_dept}		
		WHERE MODEL = 'calen_${id}'
		]]>   
	</update>
   -->
   
   
   
   
  	<update id="updateCalen" parameterType="calen">
   		<![CDATA[ 
		UPDATE "OPENEAP"."KK_OFFICE_CALEN" SET 
		STARTTIME = #{starttime}
		,ENDTIME = #{endtime}
		,UPDATE_TIME = #{update_time}
		,UPDATE_EMPLOYEE = #{update_employee}
		,UPDATE_DEPT = #{update_dept}		
		where id = #{id}
		]]>   
	</update>
  
  
  
  
  
  
  
  
  
  
  
  
  
  
</mapper>