<?xml version="1.0" encoding="UTF-8"?>
<!DOCTYPE mapper PUBLIC "-//mybatis.org//DTD Mapper 3.0//EN" "http://mybatis.org/dtd/mybatis-3-mapper.dtd">
<mapper namespace="com.konka.affairs.message.model.Message">
	<insert id="insert" parameterType="message">  
	  <selectKey resultType="int" keyProperty="id" order="BEFORE">
	   VALUES NEXTVAL FOR OPENEAP.KK_MESSAGE_INFO_S
	  </selectKey>
		<![CDATA[ 
		 INSERT INTO "OPENEAP"."KK_MESSAGE_INFO" (ID,MESSAGE_TYPE,TITLE,CONTENT,RECEIVERS
		 ,COPYERS,RECEIVERSCHINA,COPYERSCHINA,DELETE_FLAG,ENABLE_FLAG,CREATE_TIME,CREATE_EMPLOYEE,UPDATE_DEPT,update_employee,is_rough) VALUES (
		 #{id},#{message_Type},#{title},#{content}
		 ,#{receivers},#{copyers},#{receiversChina},#{copyersChina},'F','T',#{create_time},#{create_employee},#{update_dept},#{update_employee},#{is_rough})
		]]>  
	</insert>  

	
	<resultMap type="message" id="messageResult">  
		<result property="id" column="id" jdbcType="INTEGER" javaType="java.lang.Integer" />
		<result property="message_Type" column="MESSAGE_TYPE" />  
		<result property="title" column="TITLE" />  
		<result property="content" column="CONTENT" />  
		<result property="receivers" column="RECEIVERS" />  
		<result property="copyers" column="COPYERS" />  
		<result property="delete_flag" column="DELETE_FLAG" />
		<result property="is_rough" column="is_rough" />
		<result property="receiversChina" column="RECEIVERSCHINA" />
		<result property="copyersChina" column="COPYERSCHINA" />
		
		<result property="create_time" column="create_time" />  
		<result property="writer" column="setter" />
		<result property="receiver" column="receiver" />
		<result property="d1" column="d1" />
		<result property="is_Star" column="is_Star" />
		<result property="is_Check" column="IS_READ" />
		<result property="is_Retreat" column="is_Retreat" />
			<result property="create_employee" column="create_employee" />
			<result property="create_dept" column="create_dept" jdbcType="INTEGER" javaType="java.lang.Integer" />
			<result property="update_time" column="update_time" />  
			<result property="update_employee" column="update_employee" />
			<result property="update_dept" column="update_dept" jdbcType="INTEGER" javaType="java.lang.Integer" />	
			<result property="enable_flag" column="enable_flag" />  
	</resultMap>  
	
	<delete id="deleteReceiver" parameterType="message">
		<![CDATA[
		UPDATE "OPENEAP"."KK_MESSAGE_RECEIVER" SET 
		DELETE_FLAG = 'T' WHERE INFO_ID IN (${values})
		]]> 
	</delete>
	<delete id="deleteWriter" parameterType="message">
		<![CDATA[
		UPDATE "OPENEAP"."KK_MESSAGE_WRITER" SET 
		DELETE_FLAG = 'T' WHERE INFO_ID IN (${values})
		]]> 
	</delete>
	<delete id="deleteRough" parameterType="message">
		<![CDATA[
		UPDATE "OPENEAP"."KK_MESSAGE_INFO" SET 
		DELETE_FLAG = 'T' WHERE ID IN (${values})
		]]> 
	</delete>
	
	<delete id="deleteMessage" parameterType="message">
		<![CDATA[
		delte "OPENEAP"."KK_MESSAGE_INFO"  WHERE ID IN (${values})
		]]> 
	</delete>
	 
	 
	<update id="toDeleteMessage" parameterType="java.lang.Integer" >
		<![CDATA[ 
		UPDATE "OPENEAP"."KK_MESSAGE_INFO" SET 
		DELETE_FLAG = 'T'
		WHERE ID=#{id}
		]]> 
	</update>
	
	
	<update id="UpdateMessage" parameterType="message" >
		<![CDATA[ 
		UPDATE "OPENEAP"."KK_MESSAGE_RECEIVER" SET 
		IS_READ = 'T' , UPDATE_EMPLOYEE = 'F'
		WHERE INFO_ID=#{id} and USERNAME=#{content}
		]]> 
	</update>
	
	<update id="UpdateHfMessage" parameterType="message" >
		<![CDATA[ 
		UPDATE "OPENEAP"."KK_MESSAGE_RECEIVER" SET 
		IS_READ = 'H'
		WHERE INFO_ID=#{id} and USERNAME=#{content}
		]]> 
	</update>
	
	<update id="UndoMessage" parameterType="message" >
		<![CDATA[ 
		UPDATE "OPENEAP"."KK_MESSAGE_RECEIVER" SET 
		DELETE_FLAG='T' WHERE info_id=#{id} and  USERNAME=#{content}
		]]> 
	</update>
	
	
	
	<update id="lightStar" parameterType="message" >
		<![CDATA[ 
		UPDATE "OPENEAP"."KK_MESSAGE_RECEIVER" SET 
		CREATE_EMPLOYEE = 'T'
		WHERE INFO_ID=#{id} AND USERNAME=#{username}
		]]> 
	</update>
	
	<update id="cancelStar" parameterType="message" >
		<![CDATA[ 
		UPDATE "OPENEAP"."KK_MESSAGE_RECEIVER" SET 
		CREATE_EMPLOYEE = 'F'
		WHERE INFO_ID=#{id}AND USERNAME=#{username}
		]]> 
	</update>
	
	<update id="cancelStarGroup" parameterType="message" >
		<![CDATA[ 
		UPDATE "OPENEAP"."KK_MESSAGE_RECEIVER" SET 
		CREATE_EMPLOYEE = 'F'
		WHERE INFO_ID IN (${values}) AND USERNAME=#{content}
		]]> 
	</update>
	
	<update id="addStarGroup" parameterType="message" >
		<![CDATA[ 
		UPDATE "OPENEAP"."KK_MESSAGE_RECEIVER" SET 
		CREATE_EMPLOYEE = 'T'
		WHERE INFO_ID IN (${values}) AND USERNAME=#{content}
		]]> 
	</update>
	
	<select id="getReceiver"  parameterType="message" resultType="java.lang.String" >
		<![CDATA[                                                              
			select IS_READ from "OPENEAP"."KK_MESSAGE_RECEIVER" where info_id=#{id} and USERNAME=#{content}
		]]>
	</select>
	
	
	
	<select id="selectAllSetMessageList"  parameterType="java.lang.String" resultMap="messageResult" >
		<![CDATA[                                                              
		select S.CONTENT from "OPENEAP"."KK_MESSAGE_INFO" S where S.CREATE_EMPLOYEE  =  #{username}
		]]>
	</select>
	
	
	
	<select id="selectUnreadMessage"  parameterType="java.lang.String" resultType="java.lang.Integer" >
		<![CDATA[                                                              
		select count(*) from "OPENEAP"."KK_MESSAGE_RECEIVER" S where S.USERNAME  =  #{username} AND S.IS_READ='F'
		]]>
	</select>
	
	
	<!-- 
		1.收件页面需要匹配 
			(1). 收件人，且需要弄出发件者是谁
			(2). 查询条件，固定发件者，主题LIKE
			(3). 分页
		2.发件箱页面
			(1).发件人，收件者在message中就能看到
			(2).查询条件，主题，like 匹配 收件者
			
		3.放弃页面
			(1).收件人发件人 都有自己且  为放弃状态
			(2).查询条件 主题  
	 -->
	 
	 
	 
	 
	 
	 
	 
	<select id="getObjectList5"  parameterType="message" resultMap="messageResult">  
		<![CDATA[ 
		with a as (
		select A.*
		,rownumber() over (ORDER BY A.${orderField} ${orderDirection}) AS  resultNums
		]]>  
		<include refid="selectStarMessage" />
		<include refid="suffixPage" />
	</select> 
	
	
	<sql id="selectStarMessage" >  
		<![CDATA[
		    from  ( 
		
		select e.update_employee,e.message_Type,e.id,e.receivers,e.content,e.create_employee,e.title,e.create_time from kk_message_receiver d left join  kk_message_info e  on  d.info_id = e.id 
		where d.create_employee='T' and d.username=#{receiver} and e.delete_flag='F'
		
 			)as  A WHERE A.title!='F'
 		]]>	
 		<if test="title!=null and title!=''">
		<![CDATA[
		AND	A.TITLE LIKE '%'||#{title}||'%'
		]]>
		</if>	
		<if test="update_employee!=null and update_employee!=''">
		<![CDATA[
			AND A.update_employee LIKE '%'||#{update_employee}||'%'
		]]>
		</if>	
		<if test="create_time!=null and create_time!=''">
		<![CDATA[
			AND A.create_time>=#{create_time}
		]]>
		</if>
		<if test="update_time!=null and update_time!=''">
		<![CDATA[
			AND A.create_time<=#{update_time}
		]]>
		</if>
		
		
	</sql>
	
	
	
	
	
	
	 
	 
	 
	 
	 
	 
	 
	 
	 
	 
	 
	 
	 
	 
	 
	 
	 <select id="getObjectList4"  parameterType="message" resultMap="messageResult">  
		<![CDATA[ 
		with a as (
		select A.*
		,rownumber() over (ORDER BY A.${orderField} ${orderDirection}) AS  resultNums
		]]>  
		<include refid="selectReceiverMessage3" />
		<include refid="suffixPage" />
	</select> 
	
	
	<sql id="selectReceiverMessage3" >  
		<![CDATA[
		    from  ( 
		select c.message_Type,c.id,c.receivers,c.content,c.create_employee,c.title,c.create_time from kk_message_writer b left join  kk_message_info c  on  b.info_id = c.id 
		where b.delete_flag='T' and b.username=#{receiver} and c.delete_flag='F'
		union all 
		select e.message_Type,e.id,e.receivers,e.content,e.create_employee,e.title,e.create_time from kk_message_receiver d left join  kk_message_info e  on  d.info_id = e.id 
		where d.delete_flag='T' and d.username=#{receiver} and e.delete_flag='F'
		
 			)as  A WHERE A.title!='F'
 		]]>	
 		<if test="title!=null and title!=''">
		<![CDATA[
		AND	A.TITLE LIKE '%'||#{title}||'%'
		]]>
		</if>	
		<if test="writer!=null and writer!=''">
		<![CDATA[
			AND A.create_employee LIKE '%'||#{writer}||'%'
		]]>
		</if>	
		<if test="create_time!=null and create_time!=''">
		<![CDATA[
			AND A.create_time>=#{create_time}
		]]>
		</if>
		<if test="update_time!=null and update_time!=''">
		<![CDATA[
			AND A.create_time<=#{update_time}
		]]>
		</if>
		
		
	</sql> 
	 
	 
	 
	 
	 
	 
	 
	 
	 
	 
	 
	 
	 
	 
	 
	 
	 
	 <select id="getObjectList3"  parameterType="message" resultMap="messageResult">  
		<![CDATA[ 
		with a as (
		select A.*
		,rownumber() over (ORDER BY A.${orderField} ${orderDirection}) AS  resultNums
		]]>  
		<include refid="selectReceiverMessage2" />
		<include refid="suffixPage" />
	</select> 
	
	
	<sql id="selectReceiverMessage2" >  
		<![CDATA[
 			 from  ( 
		  select  c.*,b.create_employee as is_Star  from kk_message_writer  b left join kk_message_info c on   
		  b.info_id=c.id where b.username=#{writer} and b.DELETE_FLAG='F' and c.UPDATE_DEPT = 1
 			)as  A WHERE A.DELETE_FLAG='F'	
 		]]>	
 		<if test="title!=null and title!=''">
		<![CDATA[
		AND	A.TITLE LIKE '%'||#{title}||'%'
		]]>
		</if>	
		<if test="receivers!=null and receivers!=''">
		<![CDATA[
			AND A.RECEIVERS LIKE '%'||#{receivers}||'%'
		]]>
		</if>	
		<if test="create_time!=null and create_time!=''">
		<![CDATA[
			AND A.create_time>=#{create_time}
		]]>
		</if>
		<if test="update_time!=null and update_time!=''">
		<![CDATA[
			AND A.create_time<=#{update_time}
		]]>
		</if>
		
	</sql> 
	 
	 
	 
	 
	 
	
	 
	 
	 
	
	<select id="getObjectList2"  parameterType="message" resultMap="messageResult">  
		<![CDATA[ 
		with a as (
		select A.*
		,rownumber() over (ORDER BY A.${orderField} ${orderDirection}) AS  resultNums
		]]>  
		<include refid="selectReceiverMessage1" />
		<include refid="suffixPage" />
	</select> 
	
	
	<sql id="selectReceiverMessage1" >  
		<![CDATA[
		    from  ( 
		  select  c.*,b.create_employee as is_Star  from kk_message_writer  b left join     kk_message_info  c    on   b.info_id=c.id where b.username=#{writer} and b.DELETE_FLAG='F'
 			and c.UPDATE_DEPT = 0 )as  A WHERE A.DELETE_FLAG='F'
 		]]>	
 		<if test="title!=null and title!=''">
		<![CDATA[
			AND A.TITLE LIKE '%'||#{title}||'%'
		]]>
		</if>	
		<if test="receiver!=null and receiver!=''">
		<![CDATA[
			AND A.RECEIVERS LIKE '%'||#{receiver}||'%'
		]]>
		</if>	
		<if test="create_time!=null and create_time!=''">
		<![CDATA[
			AND A.create_time>=#{create_time}
		]]>
		</if>
		<if test="update_time!=null and update_time!=''">
		<![CDATA[
			AND A.create_time<=#{update_time}
		]]>
		</if>
		
		
	</sql> 
	

	
	
	
	
	
	
	
	
	
	



	
	<select id="getObjectList1"  parameterType="message" resultMap="messageResult">  
		<![CDATA[ 
		with a as (
		select A.*
		,rownumber() over (ORDER BY A.${orderField} ${orderDirection}) AS  resultNums
		]]>  
		<include refid="selectReceiverMessage" />
		<include refid="suffixPage" />
	</select> 
	
	
	<sql id="selectReceiverMessage" >  
		<![CDATA[
		    from  ( 
		    select c.*,d.username as setter from  (		
			select   e.*,b.DELETE_FLAG as d1,b.create_employee as is_Star,b.username as receiver,b.is_read as IS_READ,b.update_employee as is_Retreat  from  kk_message_info e LEFT JOIN  kk_message_receiver   b     on e.id=b.info_id  where b.userName=#{receiver} and b.DELETE_FLAG = 'F'and e.DELETE_FLAG = 'F') as c
			left join kk_message_writer as d on c.id = d.info_id
 			)as  A WHERE A.D1='F'
 		]]>	
 		<if test="title!=null and title!=''">
		<![CDATA[
			AND A.TITLE LIKE '%'||#{title}||'%'
		]]>
		</if>		
		<if test="update_employee!=null and update_employee!=''">
		<![CDATA[
			AND A.update_employee LIKE '%'||#{update_employee}||'%'
		]]>
		</if>
		<if test="create_time!=null and create_time!=''">
		<![CDATA[
			AND A.create_time>=#{create_time}
		]]>
		</if>
		<if test="update_time!=null and update_time!=''">
		<![CDATA[
			AND A.create_time<=#{update_time}
		]]>
		</if>
		
		
	</sql> 
	
	<sql id="suffixPage">
		<![CDATA[
		  )select a.* ,(select max(a.resultNums) from a) as RESULT_COUNT 
		  FROM a where a.resultNums between #{start}+1 
		  and #{end}
		  ]]>
	</sql>
	




	
	
	
	
	<select id="getById" parameterType="java.lang.Integer" resultMap="messageResult">
		<![CDATA[ 
		SELECT * FROM KK_MESSAGE_INFO
		WHERE ID=#{id}
		]]> 
	</select>
	
	<select id="getByReceiver" parameterType="message" resultMap="messageResult">
		<![CDATA[ 
		SELECT a.*,b.update_employee as is_Retreat FROM KK_MESSAGE_INFO a left  join KK_MESSAGE_RECEIVER b on a.id=b.info_id 
		WHERE a.ID=#{id} and username=#{content}
		]]> 
	</select>
	


</mapper>
