<?xml version="1.0" encoding="UTF-8"?>
<!DOCTYPE mapper PUBLIC "-//mybatis.org//DTD Mapper 3.0//EN" "http://mybatis.org/dtd/mybatis-3-mapper.dtd">
<mapper namespace="com.konka.affairs.message.model.Receiver">
	<insert id="insert" parameterType="receiver">  
	  <selectKey resultType="int" keyProperty="id" order="BEFORE">
	   VALUES NEXTVAL FOR OPENEAP.KK_MESSAGE_RECEIVER_S
	  </selectKey>
		<![CDATA[ 
		 INSERT INTO "OPENEAP"."KK_MESSAGE_RECEIVER" (ID,USERNAME,INFO_ID,IS_READ,DELETE_FLAG,ENABLE_FLAG,UPDATE_EMPLOYEE
		) VALUES (
		 #{id},#{userName},#{INFO_ID},#{is_read}
		 ,#{delete_flag},#{enable_flag},#{update_employee})
		]]>  
	</insert>  

	<insert id="insertBatch" parameterType="java.util.List">  
		<![CDATA[ 
		 INSERT INTO "OPENEAP"."KK_MESSAGE_RECEIVER" (USERNAME,INFO_ID,CREATE_EMPLOYEE,IS_READ,DELETE_FLAG,ENABLE_FLAG,UPDATE_EMPLOYEE) VALUES 
		]]>  
		<foreach collection="list" item="item" index="index" separator=",">  
			<![CDATA[ 
			 (#{item.userName},#{item.INFO_ID},'F',#{item.is_read}
		 ,#{item.delete_flag},#{item.enable_flag},#{item.update_employee})
			]]>  
		</foreach>  
	</insert>  
	<resultMap type="receiver" id="receiverResult">  
		<result property="id" column="id" jdbcType="INTEGER" javaType="java.lang.Integer" />
		<result property="userName" column="USERNAME" />  
		<result property="INFO_ID" column="INFO_ID" />  
		<result property="is_read" column="is_read" />  
		<result property="delete_flag" column="delete_flag" />
		<result property="enable_flag" column="ENABLE_FLAG" />
		<result property="update_employee" column="update_employee" />
	</resultMap>  
	
	


</mapper>
