<?xml version="1.0" encoding="UTF-8"?>
<!DOCTYPE mapper PUBLIC "-//mybatis.org//DTD Mapper 3.0//EN" "http://mybatis.org/dtd/mybatis-3-mapper.dtd">
<mapper namespace="com.konka.affairs.message.model.Writer">
	<insert id="insert" parameterType="writer">  
	  <selectKey resultType="int" keyProperty="id" order="BEFORE">
	   VALUES NEXTVAL FOR OPENEAP.KK_MESSAGE_WRITER_S
	  </selectKey>
		<![CDATA[ 
		 INSERT INTO "OPENEAP"."KK_MESSAGE_WRITER" (ID,CREATE_EMPLOYEE,USERNAME,INFO_ID,DELETE_FLAG) VALUES (
		 #{id},'F',#{userName},#{INFO_ID},'F')
		]]>  
	</insert>  
	
	<resultMap type="writer" id="writerResult">  
		<result property="id" column="id" jdbcType="INTEGER" javaType="java.lang.Integer" />
		<result property="userName" column="USERNAME" />  
		<result property="INFO_ID" column="INFO_ID" />  
		<result property="delete_flag" column="delete_flag" />
	</resultMap>  
	
	


</mapper>
