<?xml version="1.0" encoding="UTF-8"?>
<!DOCTYPE mapper PUBLIC "-//mybatis.org//DTD Mapper 3.0//EN" "http://mybatis.org/dtd/mybatis-3-mapper.dtd">
<mapper namespace="com.konka.affairs.workers.model.Employees">

	<insert id="insert" parameterType="employees">
		<![CDATA[ 
		 INSERT INTO "OPENEAP"."KK_WORKERS_EMPLOYEES" ( 
		 BATCHNUM,TRANSFERTIME_START,TRANSFERTIME_END,CONTRACT_STARTTIME,CONTRACT_ENDTIME,TRANSFERSCORE,DEPTID,JOBNAME,JOBSKILL,NATION,EDUCATION,FILESNUM,HOUSEHOLD,MARRY_FLAG,BORN_FLAG,POLITICAL,HEIGHT,
		IDENTITYNUM,CENSUS,PREJOB,AT_JOB_TIME,AT_INSURE_TIME,MAJOR,EDUCATION_SCHOOL,JOBTITLE,WORKERSKILL,LANGUAGE,IDENTITY_ADDRESS,BANK_NUM,                                   
		USERNAME,SEX,BIRTHDAY,HOME_CALL,LEAVE_REASON,LEAVE_NUM,PRIVATE_CALL,OFFICE_CALL,ENTRY_TIME,QUIT_TIME,CREATE_EMPLOYEE,CREATE_TIME,QUIT_FLAG,ENABLE_FLAG,DELETE_FLAG) VALUES 
		( 
		#{batchnum}, #{transfertime_start}, #{transfertime_end}, #{contract_starttime},#{contract_endtime} ,#{transferscore}, #{dept_id}, #{jobname}, #{jobskill}, #{nation}, #{edution}, #{filesnum}, #{household}, #{marry_flag}, #{born_flag}, #{political}, #{height}, #{identitynum}, #{census}, 
		#{prejob}, #{at_job_time}, #{at_insure_time}, #{major}, #{education_school}, #{jobtitle}, #{workskill}, #{language}, #{identity_address}, #{bank_num}
		,#{username}, #{sex}, #{birthday}, #{home_call}, #{leave_reason}, #{leave_num}, #{private_call}, #{office_call}, #{entry_time}, #{quit_time}, #{create_employee}, #{create_time}, #{quit_flag},'T','F')
		]]>
	</insert>

	<resultMap type="employees" id="employeesResult">
		<result property="id" column="id" jdbcType="INTEGER" javaType="java.lang.Integer" />
		<result property="username" column="USERNAME" />
		<result property="sex" column="SEX" />
		<result property="age" column="AGE" />
		<result property="birthday" column="BIRTHDAY" />
		<result property="home_call" column="HOME_CALL" />
		<result property="private_call" column="PRIVATE_CALL" />
		<result property="office_call" column="OFFICE_CALL" />
		<result property="entry_time" column="ENTRY_TIME" />  
		<result property="quit_time" column="QUIT_TIME" />  
		<result property="quit_flag" column="QUIT_FLAG" />  
		
		<result property="leave_reason" column="LEAVE_REASON" />  
		<result property="leave_num" column="LEAVE_NUM" /> 
		
		<result  property="batchnum"		column="BATCHNUM"			/>
		<result  property="transfertime_start"		column="TRANSFERTIME_START"	/>
		<result  property="transfertime_end"		column="TRANSFERTIME_END"	/>
		
		
		<result  property="contract_starttime"		column="CONTRACT_STARTTIME"	/>
		<result  property="contract_endtime"		column="CONTRACT_ENDTIME"	/>
		
		<result  property="transferscore"		column="TRANSFERSCORE"	/>
		<result  property="dept_id"		column="DEPTID"				/>
		<result  property="jobname"		column="JOBNAME"			/>
		<result  property="jobskill"		column="JOBSKILL"			/>
		<result  property="nation"		column="NATION"				/>
		<result  property="edution"		column="EDUCATION"			/>
		<result  property="filesnum"		column="FILESNUM"			/>
		<result  property="household"		column="HOUSEHOLD"			/>
		<result  property="marry_flag"		column="MARRY_FLAG"		/>
		<result  property="born_flag"		column="BORN_FLAG"			/>
		<result  property="political"		column="POLITICAL"			/>
		<result  property="height"		column="HEIGHT"				/>
		<result  property="identitynum"		column="IDENTITYNUM"	/>
		<result  property="census"		column="CENSUS"				/>
		<result  property="prejob"		column="PREJOB"				/>
		<result  property="at_job_time"		column="AT_JOB_TIME"	/>
		<result  property="at_insure_time"	column="AT_INSURE_TIME"	/>
		<result  property="major"			column="MAJOR"				/>
		<result  property="jobtitle"		column="JOBTITLE"			/>
		<result  property="workskill"		column="WORKERSKILL"		/>
		<result  property="language"		column="LANGUAGE"			/>
		<result  property="bank_num"		column="BANK_NUM"			/>
		<result  property="identity_address"	column="IDENTITY_ADDRESS"	/>
		<result  property="education_school"	column="EDUCATION_SCHOOL"	/>
		
		
		<result property="create_time" column="create_time" />  
			<result property="create_employee" column="create_employee" />
			<result property="create_dept" column="create_dept" jdbcType="INTEGER" javaType="java.lang.Integer" />
			<result property="update_time" column="update_time" />  
			<result property="update_employee" column="update_employee" />
			<result property="update_dept" column="update_dept" jdbcType="INTEGER" javaType="java.lang.Integer" />	
			<result property="enable_flag" column="enable_flag" />  
			<result property="delete_flag" column="delete_flag" />
			<result property="happentime" column="happentime" />  
			<result property="endtime" column="endtime" />
	</resultMap>

	<select id="getObjectList1"  parameterType="employees" resultMap="employeesResult">  
		<![CDATA[ 
		with a as (
		select A.*
		,rownumber() over (ORDER BY A.${orderField} ${orderDirection}) AS  resultNums
		]]>  
		<include refid="suffixwhere1" />
		<include refid="suffixPage" />
	</select> 


		<sql id="suffixwhere1" >  
		<![CDATA[
		    from  ( 
			select ISMANAGER, BATCHNUM, TRANSFERTIME_END, CONTRACT_ENDTIME, 
    CONTRACT_STARTTIME, TRANSFERTIME_START, TRANSFERSCORE, DEPTID, 
    JOBNAME, JOBSKILL, NATION, EDUCATION, FILESNUM, HOUSEHOLD, 
    MARRY_FLAG, QUIT_FLAG, BORN_FLAG, POLITICAL, HEIGHT, 
    IDENTITYNUM, CENSUS, PREJOB, AT_JOB_TIME, AT_INSURE_TIME, 
    MAJOR, EDUCATION_SCHOOL, JOBTITLE, WORKERSKILL, LANGUAGE, 
    IDENTITY_ADDRESS, BANK_NUM, LEAVE_REASON, LEAVE_NUM, ID, 
    USERNAME, SEX, ADDRESS, BIRTHDAY, HOME_CALL, PRIVATE_CALL,DELETE_FLAG, 
    OFFICE_CALL, ENTRY_TIME, QUIT_TIME, year (current date) - year (date(BIRTHDAY)) as AGE from 
			KK_WORKERS_EMPLOYEES 
 			)as  A WHERE A.DELETE_FLAG='F'  
 		]]>	
		<if test="username!=null and username!=''">
		<![CDATA[
			AND A.USERNAME LIKE '%'||#{username}||'%'
		]]>
		</if>
		<if test="jobname!=null and jobname!=''">
		<![CDATA[
			AND A.JOBNAME LIKE  '%'||#{jobname}||'%'
		]]>
		</if>
		<if test="private_call!=null and private_call!=''">
		<![CDATA[
			AND A.private_call LIKE  '%'||#{private_call}||'%'
		]]>
		</if>		
		<if test="dept_id!=null and dept_id!=''">
		<![CDATA[
			AND A.DEPTID= #{dept_id}
		]]>
		</if>	
		<if test="entry_start!=null and entry_start!=''">
		<![CDATA[
			AND A.ENTRY_TIME>=#{entry_start}
		]]>
		</if>
		<if test="entry_end!=null and entry_end!=''">
		<![CDATA[
			AND A.ENTRY_TIME<=#{entry_end}
		]]>
		</if>
		
		<if test="quit_start!=null and quit_start!=''">
		<![CDATA[
			AND A.QUIT_TIME>=#{quit_start}
		]]>
		</if>
		<if test="quit_end!=null and quit_end!=''">
		<![CDATA[
			AND A.QUIT_TIME<=#{quit_end}
		]]>
		</if>
		
		<if test="bir_start!=null and bir_start!=''">
		<![CDATA[
			AND A.BIRTHDAY>=#{bir_start}
		]]>
		</if>
		<if test="bir_end!=null and bir_end!=''">
		<![CDATA[
			AND A.BIRTHDAY<=#{bir_end}
		]]>
		</if>
		
		<if test="insure_start!=null and insure_start!=''">
		<![CDATA[
			AND A.AT_INSURE_TIME>=#{insure_start}
		]]>
		</if>
		<if test="insure_end!=null and insure_end!=''">
		<![CDATA[
			AND A.AT_INSURE_TIME<=#{insure_end}
		]]>
		</if>
		
		
		<if test="jobskill!=null and jobskill!=''">
		<![CDATA[
			AND A.JOBSKILL=#{jobskill}
		]]>
		</if>
		<if test="major!=null and major!=''">
		<![CDATA[
			AND A.MAJOR=#{major}
		]]>
		</if>
		<if test="batchnum!=null and batchnum!=''">
		<![CDATA[
			AND A.BATCHNUM=#{batchnum}
		]]>
		</if>
		<if test="edution!=null and edution!=''">
		<![CDATA[
			AND A.EDUCATION=#{edution}
		]]>
		</if>
		<if test="quit_flag!=null and quit_flag!=''">
		<![CDATA[
			AND A.QUIT_FLAG=#{quit_flag}
		]]>
		</if>
	</sql> 



	<select id="getObjectList"  parameterType="employees" resultMap="employeesResult">  
		<![CDATA[ 
		with a as (
		select A.*
		,rownumber() over (ORDER BY A.${orderField} ${orderDirection}) AS  resultNums
		]]>  
		<include refid="suffixwhere" />
		<include refid="suffixPage" />
	</select> 

	
	
	
	<sql id="suffixwhere" >  
		<![CDATA[
		    from  ( 
			select ID,USERNAME,ISMANAGER,PRIVATE_CALL,DEPTID,JOBNAME,JOBSKILL,MAJOR,BATCHNUM,EDUCATION,AT_INSURE_TIME,ENTRY_TIME,QUIT_TIME,DELETE_FLAG,QUIT_FLAG,BIRTHDAY, year (current date) - year (date(BIRTHDAY)) as AGE from 
			KK_WORKERS_EMPLOYEES 
 			)as  A WHERE A.DELETE_FLAG='F'  
 		]]>	
		<if test="username!=null and username!=''">
		<![CDATA[
			AND A.USERNAME LIKE '%'||#{username}||'%'
		]]>
		</if>
		<if test="jobname!=null and jobname!=''">
		<![CDATA[
			AND A.JOBNAME LIKE  '%'||#{jobname}||'%'
		]]>
		</if>
		<if test="private_call!=null and private_call!=''">
		<![CDATA[
			AND A.private_call LIKE  '%'||#{private_call}||'%'
		]]>
		</if>		
		<if test="dept_id!=null and dept_id!=''">
		<![CDATA[
			AND A.DEPTID= #{dept_id}
		]]>
		</if>	
		<if test="entry_start!=null and entry_start!=''">
		<![CDATA[
			AND A.ENTRY_TIME>=#{entry_start}
		]]>
		</if>
		<if test="entry_end!=null and entry_end!=''">
		<![CDATA[
			AND A.ENTRY_TIME<=#{entry_end}
		]]>
		</if>
		
		<if test="quit_start!=null and quit_start!=''">
		<![CDATA[
			AND A.QUIT_TIME>=#{quit_start}
		]]>
		</if>
		<if test="quit_end!=null and quit_end!=''">
		<![CDATA[
			AND A.QUIT_TIME<=#{quit_end}
		]]>
		</if>
		
		<if test="bir_start!=null and bir_start!=''">
		<![CDATA[
			AND A.BIRTHDAY>=#{bir_start}
		]]>
		</if>
		<if test="bir_end!=null and bir_end!=''">
		<![CDATA[
			AND A.BIRTHDAY<=#{bir_end}
		]]>
		</if>
		
		<if test="insure_start!=null and insure_start!=''">
		<![CDATA[
			AND A.AT_INSURE_TIME>=#{insure_start}
		]]>
		</if>
		<if test="insure_end!=null and insure_end!=''">
		<![CDATA[
			AND A.AT_INSURE_TIME<=#{insure_end}
		]]>
		</if>
		
		
		<if test="jobskill!=null and jobskill!=''">
		<![CDATA[
			AND A.JOBSKILL=#{jobskill}
		]]>
		</if>
		<if test="major!=null and major!=''">
		<![CDATA[
			AND A.MAJOR=#{major}
		]]>
		</if>
		<if test="batchnum!=null and batchnum!=''">
		<![CDATA[
			AND A.BATCHNUM=#{batchnum}
		]]>
		</if>
		<if test="edution!=null and edution!=''">
		<![CDATA[
			AND A.EDUCATION=#{edution}
		]]>
		</if>
		<if test="quit_flag!=null and quit_flag!=''">
		<![CDATA[
			AND A.QUIT_FLAG=#{quit_flag}
		]]>
		</if>
	</sql> 
	
	<sql id="suffixPage">
		<![CDATA[
		  )select a.* ,(select max(a.resultNums) from a) as RESULT_COUNT 
		  FROM a where a.resultNums between #{start}+1 
		  and #{end}
		  ]]>
	</sql>
	
	
	<select id="getById" parameterType="java.lang.Integer" resultMap="employeesResult">
		<![CDATA[ 
		SELECT  BATCHNUM, TRANSFERTIME_END, CONTRACT_ENDTIME, 
			    CONTRACT_STARTTIME, TRANSFERTIME_START, TRANSFERSCORE, DEPTID, 
			    JOBNAME, JOBSKILL, NATION, EDUCATION, FILESNUM, HOUSEHOLD, 
			    MARRY_FLAG, QUIT_FLAG, BORN_FLAG, POLITICAL, HEIGHT, 
			    IDENTITYNUM, CENSUS, PREJOB, AT_JOB_TIME, AT_INSURE_TIME, 
			    MAJOR, EDUCATION_SCHOOL, JOBTITLE, WORKERSKILL, LANGUAGE, 
			    IDENTITY_ADDRESS, BANK_NUM, LEAVE_REASON, LEAVE_NUM, ID, 
			    USERNAME, SEX, ADDRESS, BIRTHDAY, HOME_CALL, PRIVATE_CALL, 
    			OFFICE_CALL, ENTRY_TIME, QUIT_TIME, IMPORT_ID,year (current date) - year (date(BIRTHDAY)) as AGE FROM KK_WORKERS_EMPLOYEES WHERE ID=#{id}
		]]> 
	</select>
		
		
	<update id="update" parameterType="employees">
		<![CDATA[ 
		UPDATE  KK_WORKERS_EMPLOYEES SET 
		update_time = #{update_time}
		,update_employee = #{update_employee}
		]]>
		<if test="username!=null and username!=''">
			<![CDATA[
			,username = #{username}
			]]>
		</if>
		<if test="sex!=null and sex!=''">
			<![CDATA[
			,sex = #{sex}
			]]>
		</if>
		<if test="birthday!=null and birthday!=''">
			<![CDATA[
			,birthday = #{birthday}
			]]>
		</if>
		<if test="home_call!=null and home_call!=''">
			<![CDATA[
			,home_call = #{home_call}
			]]>
		</if>
		<if test="office_call!=null and office_call!=''">
			<![CDATA[
			,office_call = #{office_call}
			]]>
		</if>
		<if test="private_call!=null and private_call!=''">
			<![CDATA[
			,private_call = #{private_call}
			]]>
		</if>
		<if test="entry_time!=null and entry_time!=''">
			<![CDATA[
			,entry_time = #{entry_time}
			]]>
		</if>
		<if test="quit_time!=null and quit_time!=''">
			<![CDATA[
			,quit_time = #{quit_time}
			]]>
		</if>
		<if test="enable_flag!=null and enable_flag!=''">
			<![CDATA[
			,enable_flag = #{enable_flag}
			]]>
		</if>
		
		<if test="quit_flag!=null and quit_flag!=''">
			<![CDATA[
			,quit_flag = #{quit_flag}
			]]>
		</if>
		<if test="batchnum!=null and batchnum!=''">
			<![CDATA[
			,batchnum = #{batchnum}
			]]>
		</if>
		<if test="transfertime_start!=null and transfertime_start!=''">
			<![CDATA[
			,transfertime_start = #{transfertime_start}
			]]>
		</if>
		<if test="transfertime_end!=null and transfertime_end!=''">
			<![CDATA[
			,transfertime_end = #{transfertime_end}
			]]>
		</if>
		<if test="transferscore!=null and transferscore!=''">
			<![CDATA[
			,transferscore = #{transferscore}
			]]>
		</if>
		<if test="dept_id!=null and dept_id!=''">
			<![CDATA[
			,deptid = #{dept_id}
			]]>
		</if>
		<if test="jobname!=null and jobname!=''">
			<![CDATA[
			,jobname = #{jobname}
			]]>
		</if>
		<if test="jobskill!=null and jobskill!=''">
			<![CDATA[
			,jobskill = #{jobskill}
			]]>
		</if>
		<if test="nation!=null and nation!=''">
			<![CDATA[
			,nation = #{nation}
			]]>
		</if>
		<if test="edution!=null and edution!=''">
			<![CDATA[
			,education = #{edution}
			]]>
		</if>
		<if test="filesnum!=null and filesnum!=''">
			<![CDATA[
			,filesnum = #{filesnum}
			]]>
		</if>
		<if test="household!=null and household!=''">
			<![CDATA[
			,household = #{household}
			]]>
		</if>
		<if test="marry_flag!=null and marry_flag!=''">
			<![CDATA[
			,marry_flag = #{marry_flag}
			]]>
		</if>
		<if test="born_flag!=null and born_flag!=''">
			<![CDATA[
			,born_flag = #{born_flag}
			]]>
		</if>
		<if test="political!=null and political!=''">
			<![CDATA[
			,political = #{political}
			]]>
		</if>
		<if test="height!=null and height!=''">
			<![CDATA[
			,height = #{height}
			]]>
		</if>
		<if test="identitynum!=null and identitynum!=''">
			<![CDATA[
			,identitynum = #{identitynum}
			]]>
		</if>
		<if test="census!=null and census!=''">
			<![CDATA[
			,census = #{census}
			]]>
		</if>
		<if test="prejob!=null and prejob!=''">
			<![CDATA[
			,prejob = #{prejob}
			]]>
		</if>
		<if test="at_job_time!=null and at_job_time!=''">
			<![CDATA[
			,at_job_time = #{at_job_time}
			]]>
		</if>
		
		
		<if test="contract_starttime!=null and contract_starttime!=''">
			<![CDATA[
			,contract_starttime = #{contract_starttime}
			]]>
		</if>
		<if test="contract_endtime!=null and contract_endtime!=''">
			<![CDATA[
			,contract_endtime = #{contract_endtime}
			]]>
		</if>
		
		
		
		
		<if test="at_insure_time!=null and at_insure_time!=''">
			<![CDATA[
			,at_insure_time = #{at_insure_time}
			]]>
		</if>
		<if test="major!=null and major!=''">
			<![CDATA[
			,major = #{major}
			]]>
		</if>
		<if test="education_school!=null and education_school!=''">
			<![CDATA[
			,education_school = #{education_school}
			]]>
		</if>
		<if test="jobtitle!=null and jobtitle!=''">
			<![CDATA[
			,jobtitle = #{jobtitle}
			]]>
		</if>
		<if test="workskill!=null and workskill!=''">
			<![CDATA[
			,workerskill = #{workskill}
			]]>
		</if>
		<if test="language!=null and language!=''">
			<![CDATA[
			,language = #{language}
			]]>
		</if>
		<if test="identity_address!=null and identity_address!=''">
			<![CDATA[
			,identity_address = #{identity_address}
			]]>
		</if>
		<if test="bank_num!=null and bank_num!=''">
			<![CDATA[
			,bank_num = #{bank_num}
			]]>
		</if>
		<if test="leave_reason!=null and leave_reason!=''">
			<![CDATA[
			,leave_reason = #{leave_reason}
			]]>
		</if>
		<if test="leave_num!=null and leave_num!=''">
			<![CDATA[
			,leave_num = #{leave_num}
			]]>
		</if>
		<![CDATA[
		WHERE ID=#{id}
		]]> 
	</update>
	
	<update id="updateBatch" parameterType="employees">
		<![CDATA[ 
		UPDATE  KK_WORKERS_EMPLOYEES SET 
		BATCHNUM = '${batchnum}'
		where id in(${values})
		]]>
	</update>
	
	
	<update id="updateBatchJob" parameterType="employees">
		<![CDATA[ 
		UPDATE  KK_WORKERS_EMPLOYEES SET 
		JOBNAME = '${jobname}'
		where id in(${values})
		]]>
	</update>
	
	<delete id="deleteIds" parameterType="employees">
		<![CDATA[
			delete from  KK_WORKERS_EMPLOYEES where id in (${values})
		]]> 
	</delete>
	
	<select id="getMonitor1" parameterType="employees" resultMap="employeesResult">
		<![CDATA[ 
		select COUNT(*) as ID from (select * from KK_WORKERS_EMPLOYEES where quit_flag='在职' AND  JOBSKILL='${values}'    )  
		C  GROUP BY   DEPTID
		]]> 
	</select>
	
	<select id="getMonitor2" parameterType="employees" resultMap="employeesResult">
		<![CDATA[ 
		select COUNT(*)  as ID from (select * from KK_WORKERS_EMPLOYEES where quit_flag='在职' AND  JOBSKILL='${values}' AND DEPTID= ${values2}  )  
		C  
		]]> 
	</select>
	
	
	<select id="getMonitor3" parameterType="employees" resultMap="employeesResult">
		<![CDATA[ 
		select COUNT(*)  as ID from (select * from KK_WORKERS_EMPLOYEES where quit_flag='在职' AND   DEPTID= ${values2}  )  
		C  
		]]> 
	</select>
	
	<select id="getMonitor4" parameterType="employees" resultMap="employeesResult">
		<![CDATA[ 
		select COUNT(*)  as ID from (select * from KK_WORKERS_EMPLOYEES where quit_flag='在职'   )  
		C  
		]]> 
	</select>
	
		

</mapper>