<?xml version="1.0" encoding="UTF-8"?>
<!DOCTYPE mapper PUBLIC "-//mybatis.org//DTD Mapper 3.0//EN" "http://mybatis.org/dtd/mybatis-3-mapper.dtd">
<mapper namespace="com.konka.affairs.workers.model.EmployeesNum">

	<insert id="insert" parameterType="employeesNum">
		<![CDATA[ 
		 INSERT INTO "OPENEAP"."KK_WORKERS_EMPLOYEESNUM" (NUM,NUMTYPE,EID,CREATE_EMPLOYEE,CREATE_TIME,ENABLE_FLAG,DELETE_FLAG) VALUES (#{num}, #{numType},#{eid} ,#{create_employee}, #{create_time},'T','F')
		]]>
	</insert>


	<resultMap type="employeesNum" id="employeesNumResult">
		<result property="id" column="id" jdbcType="INTEGER" javaType="java.lang.Integer" />
		<result property="num" column="NUM" />
		<result property="numType" column= "NUMTYPE"/>
		<result property="eid" column= "EID"/>
		<result property="create_time" column="create_time" />  
			<result property="create_employee" column="create_employee" />
			<result property="create_dept" column="create_dept" jdbcType="INTEGER" javaType="java.lang.Integer" />
			<result property="update_time" column="update_time" />  
			<result property="update_employee" column="update_employee" />
			<result property="update_dept" column="update_dept" jdbcType="INTEGER" javaType="java.lang.Integer" />	
			<result property="enable_flag" column="enable_flag" />  
			<result property="delete_flag" column="delete_flag" />
	</resultMap>


	<select id="getObjectList"  parameterType="employeesNum" resultMap="employeesNumResult">  
		<![CDATA[ 
		with a as (
		select A.*
		,rownumber() over (ORDER BY A.${orderField} ${orderDirection}) AS  resultNums
		]]>  
		<include refid="suffixwhere" />
		<include refid="suffixPage" />
	</select> 

	
	
	
	<sql id="suffixwhere" >  
		<![CDATA[
		    from  ( 
		    select * from KK_WORKERS_EMPLOYEESNUM    
 			)as  A WHERE A.DELETE_FLAG='F'
 		]]>	
	</sql> 
	
	<sql id="suffixPage">
		<![CDATA[
		  )select a.* ,(select max(a.resultNums) from a) as RESULT_COUNT 
		  FROM a where a.resultNums between #{start}+1 
		  and #{end}
		  ]]>
	</sql>
	
	
	<select id="getById" parameterType="java.lang.Integer" resultMap="employeesNumResult">
		<![CDATA[ 
		SELECT * FROM KK_WORKERS_EMPLOYEESNUM WHERE ID=#{id}
		]]> 
	</select>
		
		
	<update id="update" parameterType="employeesNum">
		<![CDATA[ 
		UPDATE  KK_WORKERS_EMPLOYEESNUM SET 
		update_time = #{update_time}
		,update_employee = #{update_employee}
		]]>
		<if test="num!=null and num!=''">
			<![CDATA[
			,num = #{num}
			]]>
		</if>
		<if test="numType!=null and numType!=''">
			<![CDATA[
			,NUMTYPE = #{numType}
			]]>
		</if>
		<![CDATA[
		WHERE ID=#{id}
		]]> 
	</update>
		
		
	<delete id="deleteIds" parameterType="employeesNum">
		<![CDATA[
			delete from  KK_WORKERS_EMPLOYEESNUM where eid in (${values})
		]]> 
	</delete>
	
	<delete id="deleteIds2" parameterType="employeesNum">
		<![CDATA[
			delete from  KK_WORKERS_EMPLOYEESNUM where id in (${values})
		]]> 
	</delete>

</mapper>