<?xml version="1.0" encoding="UTF-8"?>
<!DOCTYPE mapper PUBLIC "-//mybatis.org//DTD Mapper 3.0//EN" "http://mybatis.org/dtd/mybatis-3-mapper.dtd">
<mapper namespace="com.konka.affairs.workers.model.KeyEvent">

	<insert id="insert" parameterType="keyEvent">
		<![CDATA[ 
		 INSERT INTO "OPENEAP"."KK_WORKERS_KEYEVENT" (CONTENT,KEYTYPE,EID,HAPPENTIME,ENDTIME,CREATE_EMPLOYEE,CREATE_TIME,ENABLE_FLAG,DELETE_FLAG,PATH) VALUES (#{content}, #{keyType}, #{eid}, #{happentime}, #{endtime}, #{create_employee}, #{create_time},#{enable_flag},'F',#{path})
		]]>
	</insert>


	<resultMap type="keyEvent" id="keyEventResult">
		<result property="id" column="id" jdbcType="INTEGER" javaType="java.lang.Integer" />
		<result property="content" column="CONTENT" />
		<result property="keyType" column= "KEYTYPE"/>
		<result property="eid" column="EID" />
		<result property="happentime" column="HAPPENTIME" />
		<result property="endtime" column="ENDTIME" />
		<result property="path" column="PATH" />
		
		
		
		<result property="create_time" column="create_time" />  
			<result property="create_employee" column="create_employee" />
			<result property="create_dept" column="create_dept" jdbcType="INTEGER" javaType="java.lang.Integer" />
			<result property="update_time" column="update_time" />  
			<result property="update_employee" column="update_employee" />
			<result property="update_dept" column="update_dept" jdbcType="INTEGER" javaType="java.lang.Integer" />	
			<result property="enable_flag" column="enable_flag" />  
			<result property="delete_flag" column="delete_flag" />
			<result property="username" column="USERNAME" />
			
			
			<result  property="contract_starttime"		column="CONTRACT_STARTTIME"	/>
			<result  property="contract_endtime"		column="CONTRACT_ENDTIME"	/>
			
	</resultMap>


	<select id="getObjectList"  parameterType="keyEvent" resultMap="keyEventResult">  
		<![CDATA[ 
		with a as (
		select A.*
		,rownumber() over (ORDER BY A.${orderField} ${orderDirection}) AS  resultNums
		]]>  
		<include refid="suffixwhere" />
		<include refid="suffixPage" />
	</select> 
	
	<select id="getObjectList1"  parameterType="keyEvent" resultMap="keyEventResult">  
		<![CDATA[ 
		with a as (
		select A.*
		,rownumber() over (ORDER BY A.${orderField} ${orderDirection}) AS  resultNums
		]]>  
		<include refid="suffixwhere1" />
		<include refid="suffixPage" />
	</select> 
	
	

	<select id="getAllList" parameterType="keyEvent" resultMap="keyEventResult">
		<![CDATA[ 
		SELECT * FROM "OPENEAP"."KK_WORKERS_KEYEVENT"
		WHERE eid=${eid}  order by KEYTYPE
		]]> 
	</select>
	<select id="getAllListByContract" parameterType="keyEvent" resultMap="keyEventResult">
		<![CDATA[ 
		SELECT * FROM "OPENEAP"."KK_WORKERS_KEYEVENT"
		WHERE eid=${eid} AND KEYTYPE NOT IN ('reward','punishment','keyhiatus','keycontribution','remark')
		]]> 
	</select>
	
	<sql id="suffixwhere" >  
		<![CDATA[
		    from  ( 
		    select B.*,C.USERNAME from(
		    select * from KK_WORKERS_KEYEVENT where KEYTYPE  IN ('reward','punishment','keyhiatus','keycontribution','remark') 
		    ) B LEFT JOIN  KK_WORKERS_EMPLOYEES C ON B.EID=C.ID
		    
 			)as  A WHERE A.DELETE_FLAG='F'
 		]]>	
		<if test="content!=null and content!=''">
		<![CDATA[
			AND A.CONTENT LIKE '%'||#{content}||'%'
		]]>
		</if>
		<if test="keyType!=null and keyType!=''">
		<![CDATA[
			AND A.KEYTYPE =#{keyType}
		]]>
		</if>
		<if test="username!=null and username!=''">
		<![CDATA[
			AND A.USERNAME =#{username}
		]]>
		</if>
		<if test="eid!=null and eid!=''">
		<![CDATA[
			AND A.eid =#{eid}
		]]>
		</if>
		
	</sql> 
	
	
		<sql id="suffixwhere1" >  
		<![CDATA[
		    from  ( 
		    select B.*,C.USERNAME,C.CONTRACT_STARTTIME,C.CONTRACT_ENDTIME from(
		    select * from KK_WORKERS_KEYEVENT where KEYTYPE NOT IN ('reward','punishment','keyhiatus','keycontribution','remark') 
		    ) B LEFT JOIN  KK_WORKERS_EMPLOYEES C ON B.EID=C.ID
		    
 			)as  A WHERE A.DELETE_FLAG='F'
 		]]>	
		<if test="content!=null and content!=''">
		<![CDATA[
			AND A.CONTENT LIKE '%'||#{content}||'%'
		]]>
		</if>
		<if test="keyType!=null and keyType!=''">
		<![CDATA[
			AND A.KEYTYPE =#{keyType}
		]]>
		</if>
		<if test="username!=null and username!=''">
		<![CDATA[
			AND A.USERNAME =#{username}
		]]>
		</if>
		<if test="enable_flag!=null and enable_flag!=''">
		<![CDATA[
			AND A.enable_flag =#{enable_flag}
		]]>
		</if>
		<if test="start_time!=null and start_time!=''">
		<![CDATA[
			AND A.endtime >=#{start_time}
		]]>
		</if>
		<if test="end_time!=null and end_time!=''">
		<![CDATA[
			AND A.endtime <=#{end_time}
		]]>
		</if>
		
	</sql> 
	
	
	
	
	
	<sql id="suffixPage">
		<![CDATA[
		  )select a.* ,(select max(a.resultNums) from a) as RESULT_COUNT 
		  FROM a where a.resultNums between #{start}+1 
		  and #{end}
		  ]]>
	</sql>
	
	
	<select id="getById" parameterType="java.lang.Integer" resultMap="keyEventResult">
		<![CDATA[ 
		SELECT * FROM KK_WORKERS_KEYEVENT WHERE ID=#{id}
		]]> 
	</select>
		
		
	<update id="update" parameterType="keyEvent">
		<![CDATA[ 
		UPDATE  KK_WORKERS_KEYEVENT SET 
		update_time = #{update_time}
		,update_employee = #{update_employee}
		]]>
		<if test="content!=null and content!=''">
			<![CDATA[
			,content = #{content}
			]]>
		</if>
		<if test="keyType!=null and keyType!=''">
			<![CDATA[
			,KEYTYPE = #{keyType}
			]]>
		</if>
		<if test="happentime!=null and happentime!=''">
			<![CDATA[
			,HAPPENTIME = #{happentime}
			]]>
		</if>
		<if test="endtime!=null and endtime!=''">
			<![CDATA[
			,ENDTIME = #{endtime}
			]]>
		</if>
		<if test="path!=null and path!=''">
			<![CDATA[
			,PATH = #{path}
			]]>
		</if>
		<![CDATA[
		WHERE ID=#{id}
		]]> 
	</update>
		
		
	<delete id="deleteIds" parameterType="keyEvent">
		<![CDATA[
			delete from  KK_WORKERS_KEYEVENT where eid in (${values})
		]]> 
	</delete>
	
	<delete id="deleteIds2" parameterType="keyEvent">
		<![CDATA[
			delete from  KK_WORKERS_KEYEVENT where id in (${values})
		]]> 
	</delete>

</mapper>