<?xml version="1.0" encoding="UTF-8"?>
<!DOCTYPE mapper PUBLIC "-//mybatis.org//DTD Mapper 3.0//EN" "http://mybatis.org/dtd/mybatis-3-mapper.dtd">
<mapper namespace="com.konka.electric.model.EleFreeWry">

	
	<delete id="deleteWry" parameterType="eleFreeWry">
		<![CDATA[
		DELETE FROM "OPENEAP"."KK_ELECTRIC_FREEWRY" WHERE id in (${values})
		]]> 
	</delete>
	
	
	<select id="getById" parameterType="java.lang.Integer" resultMap="eleFreeWryResult">
		<![CDATA[ 
		SELECT * FROM KK_ELECTRIC_FREEWRY WHERE ID=#{id}
		]]> 
	</select>
	
	<update id="updateWry" parameterType="eleFreeWry">
		<![CDATA[ 
		UPDATE  KK_ELECTRIC_FREEWRY SET 
		STATUS = '${status}'
		where id in(${values})
		]]>
	</update>
	
	<update id="saveWry" parameterType="eleFreeWry">
		<![CDATA[ 
		UPDATE  KK_ELECTRIC_FREEWRY SET 
		update_time = #{update_time}
		,update_employee = #{update_employee}
		]]>
		<if test="status!=null and status!=''">
			<![CDATA[
			,status = #{status}
			]]>
		</if>
		<if test="order_num!=null and order_num!=''">
			<![CDATA[
			,order_num = #{order_num}
			]]>
		</if>
		<if test="name!=null and name!=''">
			<![CDATA[
			,name = #{name}
			]]>
		</if>
		<if test="contact_call!=null and contact_call!=''">
			<![CDATA[
			,contact_call = #{contact_call}
			]]>
		</if>
		<if test="invoice!=null and invoice!=''">
			<![CDATA[
			,invoice = #{invoice}
			]]>
		</if>
		<if test="address!=null and address!=''">
			<![CDATA[
			,address = #{address}
			]]>
		</if>
		<if test="product_num!=null and product_num!=''">
			<![CDATA[
			,product_num = #{product_num}
			]]>
		</if>
		<if test="buy_date!=null and buy_date!=''">
			<![CDATA[
			,buy_date = #{buy_date}
			]]>
		</if>
		<if test="remark!=null and remark!=''">
			<![CDATA[
			,remark = #{remark}
			]]>
		</if>
		<if test="remark_check!=null and remark_check!=''">
			<![CDATA[
			,remark_check = #{remark_check}
			]]>
		</if>
		
		
		
		
		
		
		
		
		<![CDATA[
		WHERE ID=#{id}
		]]> 
	</update>
	
	
	<resultMap type="eleFreeWry" id="eleFreeWryResult">
		<result column="id" property="id"/>
		<result column="status" property="status"/>
		<result column="order_num" property="order_num"/>
		<result column="name" property="name"/>
		<result column="contact_call" property="contact_call"/>
		<result column="invoice" property="invoice"/>
		<result column="invoice_pic" property="invoice_pic"/>
		<result column="address" property="address"/>
		<result column="product_num" property="product_num"/>
		<result column="buy_date" property="buy_date"/>
		<result column="remark" property="remark"/>
		<result column="remark_check" property="remark_check"/>
		
			<result property="create_time" column="create_time" />  
			<result property="create_employee" column="create_employee" />
			<result property="create_dept" column="create_dept" jdbcType="INTEGER" javaType="java.lang.Integer" />
			<result property="update_time" column="update_time" />  
			<result property="update_employee" column="update_employee" />
			<result property="update_dept" column="update_dept" jdbcType="INTEGER" javaType="java.lang.Integer" />	
			<result property="enable_flag" column="enable_flag" />  
			<result property="delete_flag" column="delete_flag" />
	</resultMap>
	<sql id="suffixwhere">
		<![CDATA[
			FROM "OPENEAP"."KK_ELECTRIC_FREEWRY" A  WHERE 1=1
		]]>
		<if test="status!=null and status!=''">
		<![CDATA[
			AND A.status = #{status}
		]]>
		</if>
		<if test="order_num!=null and order_num!=''">
		<![CDATA[
			AND A.order_num = #{order_num}
		]]>
		</if>
		<if test="name!=null and name!=''">
		<![CDATA[
			AND A.name = #{name}
		]]>
		</if>
		<if test="contact_call!=null and contact_call!=''">
		<![CDATA[
			AND A.contact_call = #{contact_call}
		]]>
		</if>
		<if test="invoice!=null and invoice!=''">
		<![CDATA[
			AND A.invoice = #{invoice}
		]]>
		</if>
		<if test="product_num!=null and product_num!=''">
		<![CDATA[
			AND A.product_num = #{product_num}
		]]>
		</if>
		
		<if test="start_time1!=null and start_time1!=''">
			<![CDATA[
			and A.BUY_DATE>=#{start_time1}
			]]>
		</if>
		<if test="end_time1!=null and end_time1!=''">
			<![CDATA[
			and A.BUY_DATE<=#{end_time1}
			]]>
		</if>
		
		<if test="start_time!=null and start_time!=''">
			<![CDATA[
			and A.CREATE_TIME>=#{start_time}
			]]>
		</if>
		<if test="end_time!=null and end_time!=''">
			<![CDATA[
			and A.CREATE_TIME<=#{end_time}
			]]>
		</if>
		<![CDATA[
			ORDER BY A.${orderField} ${orderDirection}
		]]>
	</sql> 
	<sql id="suffixPage">
		<![CDATA[
	  )select a.* ,(select max(a.resultNums) from a) as RESULT_COUNT 
	  FROM a where a.resultNums between #{start}+1 and #{end}
	  ]]>
	</sql>
	<select id="getObjectList"  parameterType="eleFreeWry" resultMap="eleFreeWryResult">  
		<![CDATA[ 
		with a as (
		SELECT 
		A.*
		,rownumber() over (ORDER BY A.${orderField} ${orderDirection} ) AS  resultNums
		]]>  
		<include refid="suffixwhere" />
		<include refid="suffixPage" />
	</select> 
</mapper>