<?xml version="1.0" encoding="UTF-8"?>
<!DOCTYPE mapper PUBLIC "-//mybatis.org//DTD Mapper 3.0//EN" "http://mybatis.org/dtd/mybatis-3-mapper.dtd">
<mapper namespace="com.konka.electric.model.EleImport">
	<insert id="insert" parameterType="eleImport">  
	  <selectKey resultType="int" keyProperty="id" order="BEFORE">
	   VALUES NEXTVAL FOR OPENEAP.KK_ELECTRIC_IMPORT_S
	  </selectKey>
		<![CDATA[ 
		 INSERT INTO "OPENEAP"."KK_ELECTRIC_IMPORT" (ID,COUNT
		 ,CREATE_TIME,CREATE_EMPLOYEE,CREATE_DEPT,ENABLE_FLAG,DELETE_FLAG) VALUES (
		 #{id},0
		 ,#{create_time},#{create_employee},#{create_dept},'T','F')
		]]>  
	</insert>
	<update id="update">
		<![CDATA[ 
		UPDATE "OPENEAP"."KK_ELECTRIC_IMPORT" SET 
		update_time = #{update_time}
		,update_employee = #{update_employee}
		,update_dept = #{update_dept}
		]]>
		<if test="count!=null and count>0">
			<![CDATA[
			,count = #{count}
			]]>
		</if>
		<if test="enable_flag!=null and enable_flag!=''">
			<![CDATA[
			,enable_flag = #{enable_flag}
			]]>
		</if>
		<![CDATA[
		where id = #{id} 
		]]>
	</update>
	<resultMap type="eleImport" id="eleImportResult">
		<result column="id" property="id"/>
		<result column="count" property="count"/>
			<result property="create_time" column="create_time" />  
			<result property="create_employee" column="create_employee" />
			<result property="create_dept" column="create_dept" jdbcType="INTEGER" javaType="java.lang.Integer" />
			<result property="update_time" column="update_time" />  
			<result property="update_employee" column="update_employee" />
			<result property="update_dept" column="update_dept" jdbcType="INTEGER" javaType="java.lang.Integer" />	
			<result property="enable_flag" column="enable_flag" />  
			<result property="delete_flag" column="delete_flag" />
	</resultMap>
	<sql id="suffixwhere">
		<![CDATA[
			FROM "OPENEAP"."KK_ELECTRIC_IMPORT" A  WHERE A.DELETE_FLAG='F'
		]]>
		<if test="start_time!=null and start_time!=''">
			<![CDATA[
			and A.create_time>=#{start_time}
			]]>
		</if>
		<if test="end_time!=null and end_time!=''">
			<![CDATA[
			and A.create_time<=#{end_time}
			]]>
		</if>
		<if test="enable_flag!=null and enable_flag!=''">
			<![CDATA[
			and A.enable_flag=#{enable_flag}
			]]>
		</if>
		<if test="create_employee!=null and create_employee!=''">
			<![CDATA[
			and A.create_employee=#{create_employee}
			]]>
		</if>
		<![CDATA[
			ORDER BY A.${orderField} ${orderDirection}
		]]>
	</sql> 
	<sql id="suffixPage">
		<![CDATA[
	  )select a.* ,(select max(a.resultNums) from a) as RESULT_COUNT 
	  FROM a where a.resultNums between #{start}+1 and #{end}
	  ]]>
	</sql>
	<select id="getObjectList"  parameterType="eleImport" resultMap="eleImportResult">  
		<![CDATA[ 
		with a as (
		SELECT 
		A.*
		,rownumber() over (ORDER BY A.${orderField} ${orderDirection} ) AS  resultNums
		]]>  
		<include refid="suffixwhere" />
		<include refid="suffixPage" />
	</select> 
</mapper>