<?xml version="1.0" encoding="UTF-8"?>
<!DOCTYPE mapper PUBLIC "-//mybatis.org//DTD Mapper 3.0//EN" "http://mybatis.org/dtd/mybatis-3-mapper.dtd">
<mapper namespace="com.konka.electric.model.EleOrder">
	<delete id="deleteByObject" parameterType="eleOrder">
		<![CDATA[
			DELETE FROM "OPENEAP"."KK_ELECTRIC_ORDER" WHERE IMPORT_ID=#{import_id}
		]]>
	</delete>
	<resultMap type="eleOrder" id="eleOrderResult">
		<result column="id" property="id"/>
		<result column="import_id" property="import_id"/>
		<result column="channel" property="channel"/>
		<result column="order_num" property="order_num"/>
		<result column="phone" property="phone"/>
		<result column="product_num" property="product_num"/>
		<result column="buy_date" property="buy_date"/>
		<result column="cust_name" property="cust_name"/>
		<result column="numbers" property="numbers"/>
		<result column="address" property="address"/>
			<result property="create_time" column="create_time" />  
			<result property="create_employee" column="create_employee" />
			<result property="create_dept" column="create_dept" jdbcType="INTEGER" javaType="java.lang.Integer" />
			<result property="update_time" column="update_time" />  
			<result property="update_employee" column="update_employee" />
			<result property="update_dept" column="update_dept" jdbcType="INTEGER" javaType="java.lang.Integer" />	
			<result property="enable_flag" column="enable_flag" />  
			<result property="delete_flag" column="delete_flag" />
	</resultMap>
	<sql id="suffixwhere">
		<![CDATA[
			FROM "OPENEAP"."KK_ELECTRIC_ORDER" A  WHERE A.DELETE_FLAG='F'
		]]>
		<if test="phone!=null and phone!=''">
		<![CDATA[
			AND A.phone LIKE '%'||#{phone}||'%'
		]]>
		</if>
		<if test="cust_name!=null and cust_name!=''">
		<![CDATA[
			AND A.cust_name LIKE '%'||#{cust_name}||'%'
		]]>
		</if>
		<if test="order_num!=null and order_num!=''">
		<![CDATA[
			AND A.order_num LIKE '%'||#{order_num}||'%'
		]]>
		</if>
		<if test="start_time!=null and start_time!=''">
			<![CDATA[
			and A.create_time>=#{start_time}
			]]>
		</if>
		<if test="end_time!=null and end_time!=''">
			<![CDATA[
			and A.create_time<=#{end_time}
			]]>
		</if>
		<![CDATA[
			ORDER BY A.${orderField} ${orderDirection}
		]]>
	</sql> 
	<sql id="suffixPage">
		<![CDATA[
	  )select a.* ,(select max(a.resultNums) from a) as RESULT_COUNT 
	  FROM a where a.resultNums between #{start}+1 and #{end}
	  ]]>
	</sql>
	<select id="getObjectList"  parameterType="eleOrder" resultMap="eleOrderResult">  
		<![CDATA[ 
		with a as (
		SELECT 
		A.*
		,rownumber() over (ORDER BY A.${orderField} ${orderDirection} ) AS  resultNums
		]]>  
		<include refid="suffixwhere" />
		<include refid="suffixPage" />
	</select> 
</mapper>