<?xml version="1.0" encoding="UTF-8"?>
<!DOCTYPE mapper PUBLIC "-//mybatis.org//DTD Mapper 3.0//EN" "http://mybatis.org/dtd/mybatis-3-mapper.dtd">
<mapper namespace="com.konka.flow.daily.model.Dinspect">
	<insert id="insert" parameterType="dinspect">  
		<selectKey resultType="int" keyProperty="id" order="BEFORE">
			VALUES NEXTVAL FOR OPENEAP.KK_INSPECT_DIRECTORY_S
		</selectKey>
		<![CDATA[ 
			INSERT INTO OPENEAP.KK_INSPECT_DIRECTORY (
			ID,PARENT_ID,NUM,NAME,SORT,CREATE_TIME,CREATE_EMPLOYEE,CREATE_DEPT,ENABLE_FLAG,DELETE_FLAG)
			VALUES (#{id},#{parent_id},#{num},#{name},#{sort},#{create_time},#{create_employee},#{create_dept},'T','F')
		]]>  
	</insert>  
	<update id="update" parameterType="dinspect">
		<![CDATA[ 
		UPDATE OPENEAP.KK_INSPECT_DIRECTORY SET 
		update_time = #{update_time}
		,update_employee = #{update_employee}
		,update_dept = #{update_dept}
		]]>
		<if test="parent_id!=null and parent_id>0">
			<![CDATA[
			,PARENT_ID = #{parent_id}
			]]>
		</if>
		<if test="num!=null and num!=''">
			<![CDATA[
			,NUM = #{num}
			]]>
		</if>
		<if test="name!=null and name!=''">
			<![CDATA[
			,NAME = #{name}
			]]>
		</if>
		<if test="sort!=null and sort>0">
			<![CDATA[
			,SORT = #{sort}
			]]>
		</if>
		<if test="create_time!=null and create_time!=''">
			<![CDATA[
			,CREATE_TIME = #{create_time}
			]]>
		</if>
		<if test="create_employee!=null and create_employee!=''">
			<![CDATA[
			,CREATE_EMPLOYEE = #{create_employee}
			]]>
		</if>
		<if test="create_dept!=null and create_dept>0">
			<![CDATA[
			,CREATE_DEPT = #{create_dept}
			]]>
		</if>
		<if test="enable_flag!=null and enable_flag!=''">
			<![CDATA[
			,ENABLE_FLAG = #{enable_flag}
			]]>
		</if>
		<if test="delete_flag!=null and delete_flag!=''">
			<![CDATA[
			,DELETE_FLAG = #{delete_flag}
			]]>
		</if>
		<![CDATA[
		WHERE id=#{id}
		]]> 
	</update>
	<delete id="delete" parameterType="dinspect">
		<![CDATA[
		DELETE FROM OPENEAP.KK_INSPECT_DIRECTORY WHERE ID = #{id}
		]]> 
	</delete>
	<resultMap type="dinspect" id="dinspectResult"> 
		<result property="id" column="ID" jdbcType="INTEGER" javaType="java.lang.Integer" ></result>
		<result property="parent_id" column="PARENT_ID" jdbcType="INTEGER" javaType="java.lang.Integer" ></result>
		<result property="num" column="NUM"></result>
		<result property="name" column="NAME"></result>
		<result property="sort" column="SORT" jdbcType="INTEGER" javaType="java.lang.Integer" ></result>
		<result property="create_time" column="CREATE_TIME"></result>
		<result property="create_employee" column="CREATE_EMPLOYEE"></result>
		<result property="create_dept" column="CREATE_DEPT" jdbcType="INTEGER" javaType="java.lang.Integer" ></result>
		<result property="update_time" column="UPDATE_TIME"></result>
		<result property="update_employee" column="UPDATE_EMPLOYEE"></result>
		<result property="update_dept" column="UPDATE_DEPT" jdbcType="INTEGER" javaType="java.lang.Integer" ></result>
		<result property="enable_flag" column="ENABLE_FLAG"></result>
		<result property="delete_flag" column="DELETE_FLAG"></result>
	</resultMap>
	<sql id="suffixwhere">
		<![CDATA[
			FROM OPENEAP.KK_INSPECT_DIRECTORY A  
			WHERE A.DELETE_FLAG='F' 
		]]>
		<if test="parent_id!=null">
		<![CDATA[
			AND A.PARENT_ID = #{parent_id}
		]]>
		</if>
		<if test="num!=null">
		<![CDATA[
			AND A.NUM = #{num}
		]]>
		</if>
		<if test="name!=null">
		<![CDATA[
			AND A.NAME = #{name}
		]]>
		</if>
		<if test="sort!=null">
		<![CDATA[
			AND A.SORT = #{sort}
		]]>
		</if>
		<if test="create_time!=null">
		<![CDATA[
			AND A.CREATE_TIME = #{create_time}
		]]>
		</if>
		<if test="create_employee!=null">
		<![CDATA[
			AND A.CREATE_EMPLOYEE = #{create_employee}
		]]>
		</if>
		<if test="create_dept!=null">
		<![CDATA[
			AND A.CREATE_DEPT = #{create_dept}
		]]>
		</if>
		<if test="enable_flag!=null">
		<![CDATA[
			AND A.ENABLE_FLAG = #{enable_flag}
		]]>
		</if>
		<![CDATA[
			ORDER BY A.${orderField} ${orderDirection}
		]]>
	</sql> 
	<sql id="suffixPage">
		<![CDATA[
	  )select a.* ,(select max(a.resultNums) from a) as RESULT_COUNT 
	  FROM a where a.resultNums between #{start}+1 and #{end}
	  ]]>
	</sql>
	<select id="getObjectList"  parameterType="dinspect" resultMap="dinspectResult">  
		<![CDATA[ 
		with a as (
		SELECT 
		A.*
		,rownumber() over (ORDER BY A.${orderField} ${orderDirection} ) AS  resultNums
		]]>  
		<include refid="suffixwhere" ></include>
		<include refid="suffixPage" ></include>
	</select> 
	<select id="getById" parameterType="java.lang.Integer" resultMap="dinspectResult">
		<![CDATA[ 
		SELECT * FROM OPENEAP.KK_INSPECT_DIRECTORY
		WHERE ID=#{id}
		]]> 
	</select>
	











	<select id="getAllList"  parameterType="dinspect" resultMap="dinspectResult">  
		<![CDATA[ 
		SELECT * FROM "OPENEAP"."KK_INSPECT_DIRECTORY"
		WHERE DELETE_FLAG='F'
		]]>  
		<if test="parent_id != null">
		<![CDATA[
		AND PARENT_ID=#{parent_id} 
		]]>
		</if>
		<if test="enable_flag!= null and enable_flag!=''">
		<![CDATA[
		AND enable_flag=#{enable_flag} 
		]]>
		</if>
		<if test="num != null and num != ''">
		<![CDATA[
		AND num like ''||#{num}||'%'
		]]>
		</if>
		<![CDATA[
		ORDER BY parent_id asc,sort ASC
		]]>
	</select>








	
	
	
	
	
	
	<select id="getNewObject"  parameterType="dinspect" resultMap="dinspectResult">  
		<![CDATA[
		SELECT * FROM "OPENEAP"."KK_INSPECT_DIRECTORY" 
		WHERE PARENT_ID=#{parent_id} ORDER BY ID DESC FETCH FIRST 1 ROWS ONLY
		]]>
	</select>
	
	
	
	
	
	
</mapper>
