<?xml version="1.0" encoding="UTF-8"?>
<!DOCTYPE mapper PUBLIC "-//mybatis.org//DTD Mapper 3.0//EN" "http://mybatis.org/dtd/mybatis-3-mapper.dtd">
<mapper namespace="com.konka.flow.daily.model.Inspect">
	<insert id="insert" parameterType="inspect">  
		<selectKey resultType="int" keyProperty="id" order="BEFORE">
			VALUES NEXTVAL FOR OPENEAP.KK_INSPECT_INFO_S
		</selectKey>
		<![CDATA[ 
			INSERT INTO OPENEAP.KK_INSPECT_INFO (
			ID,NUM,TYPE,DIR_ID,TITLE,UPLOAD_ID,PATH,OTHER,RECORD_TIME,CREATE_TIME,CREATE_EMPLOYEE,CREATE_DEPT,ENABLE_FLAG,DELETE_FLAG)
			VALUES (#{id},#{num},#{type},#{dir_id},#{title},#{upload_id},#{path},#{other},#{record_time},#{create_time},#{create_employee},#{create_dept},'T','F')
		]]>  
	</insert>  
	<update id="update" parameterType="inspect">
		<![CDATA[ 
		UPDATE OPENEAP.KK_INSPECT_INFO SET 
		update_time = #{update_time}
		,update_employee = #{update_employee}
		,update_dept = #{update_dept}
		]]>
		<if test="num!=null and num!=''">
			<![CDATA[
			,NUM = #{num}
			]]>
		</if>
		<if test="type!=null and type!=''">
			<![CDATA[
			,TYPE = #{type}
			]]>
		</if>
		<if test="dir_id!=null and dir_id>0">
			<![CDATA[
			,DIR_ID = #{dir_id}
			]]>
		</if>
		<if test="title!=null and title!=''">
			<![CDATA[
			,TITLE = #{title}
			]]>
		</if>
		<if test="upload_id!=null and upload_id>0">
			<![CDATA[
			,UPLOAD_ID = #{upload_id}
			]]>
		</if>
		<if test="path!=null and path!=''">
			<![CDATA[
			,PATH = #{path}
			]]>
		</if>
		<if test="other!=null and other!=''">
			<![CDATA[
			,OTHER = #{other}
			]]>
		</if>
		<if test="record_time!=null and record_time!=''">
			<![CDATA[
			,RECORD_TIME = #{record_time}
			]]>
		</if>
		<if test="create_time!=null and create_time!=''">
			<![CDATA[
			,CREATE_TIME = #{create_time}
			]]>
		</if>
		<if test="create_employee!=null and create_employee!=''">
			<![CDATA[
			,CREATE_EMPLOYEE = #{create_employee}
			]]>
		</if>
		<if test="create_dept!=null and create_dept>0">
			<![CDATA[
			,CREATE_DEPT = #{create_dept}
			]]>
		</if>
		<if test="enable_flag!=null and enable_flag!=''">
			<![CDATA[
			,ENABLE_FLAG = #{enable_flag}
			]]>
		</if>
		<if test="delete_flag!=null and delete_flag!=''">
			<![CDATA[
			,DELETE_FLAG = #{delete_flag}
			]]>
		</if>
		<![CDATA[
		WHERE id=#{id}
		]]> 
	</update>
	<delete id="delete" parameterType="inspect">
		<![CDATA[
		DELETE FROM OPENEAP.KK_INSPECT_INFO WHERE ID = #{id}
		]]> 
	</delete>
	<resultMap type="inspect" id="inspectResult"> 
		<result property="id" column="ID" jdbcType="INTEGER" javaType="java.lang.Integer" ></result>
		<result property="num" column="NUM"></result>
		<result property="type" column="TYPE"></result>
		<result property="dir_id" column="DIR_ID" jdbcType="INTEGER" javaType="java.lang.Integer" ></result>
		<result property="title" column="TITLE"></result>
		<result property="upload_id" column="UPLOAD_ID" jdbcType="INTEGER" javaType="java.lang.Integer" ></result>
		<result property="path" column="PATH"></result>
		<result property="other" column="OTHER"></result>
		<result property="record_time" column="RECORD_TIME"></result>
		<result property="create_time" column="CREATE_TIME"></result>
		<result property="create_employee" column="CREATE_EMPLOYEE"></result>
		<result property="create_dept" column="CREATE_DEPT" jdbcType="INTEGER" javaType="java.lang.Integer" ></result>
		<result property="update_time" column="UPDATE_TIME"></result>
		<result property="update_employee" column="UPDATE_EMPLOYEE"></result>
		<result property="update_dept" column="UPDATE_DEPT" jdbcType="INTEGER" javaType="java.lang.Integer" ></result>
		<result property="enable_flag" column="ENABLE_FLAG"></result>
		<result property="delete_flag" column="DELETE_FLAG"></result>
	</resultMap>
	<sql id="suffixwhere">
		<![CDATA[
			FROM OPENEAP.KK_INSPECT_INFO A  
			WHERE A.DELETE_FLAG='F' 
		]]>
		<if test="num!=null">
		<![CDATA[
			AND A.NUM = #{num}
		]]>
		</if>
		<if test="type!=null">
		<![CDATA[
			AND A.TYPE = #{type}
		]]>
		</if>
		<if test="dir_id!=null">
		<![CDATA[
			AND A.DIR_ID = #{dir_id}
		]]>
		</if>
		<if test="title!=null and title!=''">
		<![CDATA[
			AND A.TITLE LIKE '%'||#{title}||'%'
		]]>
		</if>
		<if test="upload_id!=null">
		<![CDATA[
			AND A.UPLOAD_ID = #{upload_id}
		]]>
		</if>
		<if test="path!=null">
		<![CDATA[
			AND A.PATH = #{path}
		]]>
		</if>
		<if test="other!=null">
		<![CDATA[
			AND A.OTHER = #{other}
		]]>
		</if>
		<if test="record_time!=null">
		<![CDATA[
			AND A.RECORD_TIME = #{record_time}
		]]>
		</if>		
		<if test="start_time!=null and start_time!=''">
		<![CDATA[
			AND A.RECORD_TIME>=#{start_time}
		]]>
		</if>
		<if test="end_time!=null and end_time!=''">
		<![CDATA[
			AND A.RECORD_TIME<=#{end_time}
		]]>
		</if>
		<if test="create_time!=null">
		<![CDATA[
			AND A.CREATE_TIME = #{create_time}
		]]>
		</if>
		<if test="create_employee!=null">
		<![CDATA[
			AND A.CREATE_EMPLOYEE = #{create_employee}
		]]>
		</if>
		<if test="create_dept!=null">
		<![CDATA[
			AND A.CREATE_DEPT = #{create_dept}
		]]>
		</if>
		<if test="enable_flag!=null">
		<![CDATA[
			AND A.ENABLE_FLAG = #{enable_flag}
		]]>
		</if>
		<![CDATA[
			ORDER BY A.${orderField} ${orderDirection}
		]]>
	</sql> 
	<sql id="suffixPage">
		<![CDATA[
	  )select a.* ,(select max(a.resultNums) from a) as RESULT_COUNT 
	  FROM a where a.resultNums between #{start}+1 and #{end}
	  ]]>
	</sql>
	<select id="getObjectList"  parameterType="inspect" resultMap="inspectResult">  
		<![CDATA[ 
		with a as (
		SELECT 
		A.*
		,rownumber() over (ORDER BY A.${orderField} ${orderDirection} ) AS  resultNums
		]]>  
		<include refid="suffixwhere" ></include>
		<include refid="suffixPage" ></include>
	</select> 
	<select id="getById" parameterType="java.lang.Integer" resultMap="inspectResult">
		<![CDATA[ 
		SELECT * FROM OPENEAP.KK_INSPECT_INFO
		WHERE ID=#{id}
		]]> 
	</select>
	<select id="getAllList"  parameterType="inspect" resultMap="inspectResult">  
		<![CDATA[ 
			SELECT * FROM OPENEAP.KK_INSPECT_INFO
			WHERE DELETE_FLAG='F' AND ENABLE_FLAG='T'
		]]>
		<if test="num!=null">
		<![CDATA[
			AND NUM = #{num}
		]]>
		</if>
		<if test="type!=null">
		<![CDATA[
			AND TYPE = #{type}
		]]>
		</if>
		<if test="dir_id!=null">
		<![CDATA[
			AND DIR_ID = #{dir_id}
		]]>
		</if>
		<if test="title!=null">
		<![CDATA[
			AND TITLE = #{title}
		]]>
		</if>
		<if test="upload_id!=null">
		<![CDATA[
			AND UPLOAD_ID = #{upload_id}
		]]>
		</if>
		<if test="path!=null">
		<![CDATA[
			AND PATH = #{path}
		]]>
		</if>
		<if test="other!=null">
		<![CDATA[
			AND OTHER = #{other}
		]]>
		</if>
		<if test="record_time!=null">
		<![CDATA[
			AND RECORD_TIME = #{record_time}
		]]>
		</if>
		<if test="create_time!=null">
		<![CDATA[
			AND CREATE_TIME = #{create_time}
		]]>
		</if>
		<if test="create_employee!=null">
		<![CDATA[
			AND CREATE_EMPLOYEE = #{create_employee}
		]]>
		</if>
		<if test="create_dept!=null">
		<![CDATA[
			AND CREATE_DEPT = #{create_dept}
		]]>
		</if>
		<if test="enable_flag!=null">
		<![CDATA[
			AND ENABLE_FLAG = #{enable_flag}
		]]>
		</if>
		<![CDATA[ 
		ORDER BY ID ASC
		]]>
	</select>  
</mapper>
