<?xml version="1.0" encoding="UTF-8" ?>
<!DOCTYPE mapper PUBLIC "-//mybatis.org//DTD Mapper 3.0//EN" "http://mybatis.org/dtd/mybatis-3-mapper.dtd" >
<mapper namespace="com.konka.flow.daily.model.Repair" >
  <resultMap id="repairResult" type="repair" >
    <id column="ID" property="id" jdbcType="INTEGER" />
    <result column="POSITION" property="position" jdbcType="VARCHAR" />
    <result column="DESC" property="desc" jdbcType="VARCHAR" />
    <result column="DEPT" property="dept" jdbcType="VARCHAR" />
    <result column="FIX_MAN" property="fix_man" jdbcType="VARCHAR" />
    <result column="FIX_TIME" property="fix_time" jdbcType="TIMESTAMP" />
    <result column="SEND_TIME" property="send_time" jdbcType="TIMESTAMP" />
    <result column="RESULT" property="result" jdbcType="VARCHAR" />
    <result column="OTHER" property="other" jdbcType="VARCHAR" />
    <result column="TOTALTIME" property="totaltime" jdbcType="INTEGER" />
    <result column="FIX_RESULT" property="fix_result" jdbcType="INTEGER" />
    <result column="CREATE_TIME" property="create_time" jdbcType="TIMESTAMP" />
    <result column="CREATE_EMPLOYEE" property="create_employee" jdbcType="VARCHAR" />
    <result column="CREATE_DEPT" property="create_dept" jdbcType="INTEGER" />
    <result column="UPDATE_TIME" property="update_time" jdbcType="TIMESTAMP" />
    <result column="UPDATE_EMPLOYEE" property="update_employee" jdbcType="VARCHAR" />
    <result column="UPDATE_DEPT" property="update_dept" jdbcType="INTEGER" />
    <result column="ENABLE_FLAG" property="enable_flag" jdbcType="CHAR" />
    <result column="DELETE_FLAG" property="delete_flag" jdbcType="CHAR" />
  </resultMap>
  
  
  

  <sql id="suffixwhere">
		<![CDATA[
			FROM "OPENEAP"."KK_REPAIR_INFO" A  WHERE A.DELETE_FLAG='F'
		]]>
		<if test="id!=null and id!=''">
		<![CDATA[
			AND A.id = #{id}
		]]>
		</if>
		<if test="position!=null and position!=''">
		<![CDATA[
			AND A.POSITION LIKE '%'||#{position}||'%'
		]]>
		</if>
		<if test="fix_result!=null and fix_result!=''">
		<![CDATA[
			AND A.FIX_RESULT = #{fix_result}
		]]>
		</if>
		<if test="start_time!=null and start_time!=''">
		<![CDATA[
			and char(A.send_time)>=#{start_time}
		]]>
		</if>
		<if test="end_time!=null and end_time!=''">
		<![CDATA[
			and char(A.send_time)<=#{end_time}
		]]>
		</if>
		<if test="enable_flag!=null and enable_flag!=''">
		<![CDATA[
			AND A.ENABLE_FLAG = #{enable_flag}
		]]>
		</if>
		<if test="create_employee!=null and create_employee!=''">
		<![CDATA[
			AND A.CREATE_EMPLOYEE = #{create_employee}
		]]>
		</if>		
		<if test="create_employee==null and create_employee==''">
		<![CDATA[
			AND 1 = 1
		]]>
		</if>
		<![CDATA[
			ORDER BY A.${orderField} ${orderDirection}
		]]>
	</sql> 
	<sql id="suffixPage">
		<![CDATA[
	  )select a.* ,(select max(a.resultNums) from a) as RESULT_COUNT 
	  FROM a where a.resultNums between #{start}+1 
	  and #{end}
	  ]]>
	</sql>
	
	<select id="getObjectList"  parameterType="repair" resultMap="repairResult">  
		<![CDATA[ 
		with a as (
		SELECT 
		A.*
		,rownumber() over (ORDER BY A.${orderField} ${orderDirection} ) AS  resultNums
		]]>  
		<include refid="suffixwhere" />
		<include refid="suffixPage" />
	</select> 


	<select id="getById" parameterType="java.lang.Integer" resultMap="repairResult">
		<![CDATA[ 
		SELECT * FROM "OPENEAP"."KK_REPAIR_INFO"
		WHERE ID=#{id}
		]]> 
	</select>
	

   
   <insert id="insert" parameterType="repair" >
  <selectKey resultType="int" keyProperty="id" order="BEFORE">
	   VALUES NEXTVAL FOR OPENEAP.KK_REPAIR_INFO_S
  </selectKey>
   insert into OPENEAP.KK_REPAIR_INFO (ID, POSITION, DESC, 
      DEPT, FIX_MAN,send_time,fix_result,totaltime,
      CREATE_TIME, 
      CREATE_EMPLOYEE, CREATE_DEPT, UPDATE_TIME, 
      UPDATE_EMPLOYEE, UPDATE_DEPT, ENABLE_FLAG, 
      DELETE_FLAG)
    values (#{id}, #{position,jdbcType=VARCHAR}, #{desc,jdbcType=VARCHAR}, 
      #{dept,jdbcType=VARCHAR}, #{fix_man,jdbcType=VARCHAR}, #{send_time},'P',0,   
      #{create_time,jdbcType=TIMESTAMP}, 
      #{create_employee,jdbcType=VARCHAR}, #{create_dept,jdbcType=INTEGER}, #{update_time,jdbcType=TIMESTAMP}, 
      #{update_employee,jdbcType=VARCHAR}, #{update_dept,jdbcType=INTEGER}, 'T', 
      'F')
  </insert>
  
  
  <update id="update" parameterType="user">
		<![CDATA[ 
		UPDATE "OPENEAP"."KK_REPAIR_INFO" SET 
		enable_flag = 'T'
		]]>
		<if test="position!=null and position!=''">
			<![CDATA[
			,position = #{position}
			]]>
		</if>
		<if test="desc and desc!=''">
			<![CDATA[
			,desc = #{desc}
			]]>
		</if>
		<if test="dept!=null and dept!=''">
			<![CDATA[
			,dept = #{dept}
			]]>
		</if>
		<if test="send_time!=null and send_time!=''">
			<![CDATA[
			,send_time = #{send_time}
			]]>
		</if>
		
		<if test="totaltime!=null and totaltime!=''">
			<![CDATA[
			,totaltime = #{totaltime}
			]]>
		</if>
		<if test="fix_man!=null and fix_man!=''">
			<![CDATA[
			,fix_man = #{fix_man}
			]]>
		</if>
		
		<if test="fix_time!=null and fix_time!=''">
			<![CDATA[
			,fix_time = #{fix_time}
			]]>
		</if>
		<if test="result!=null and result!=''">
			<![CDATA[
			,result = #{result}
			]]>
		</if>
		<if test="fix_result!=null and fix_result!=''">
			<![CDATA[
			,fix_result = #{fix_result}
			]]>
		</if>
		<if test="other!=null and other!=''">
			<![CDATA[
			,other = #{other}
			]]>
		</if>
		<if test="update_time!=null and update_time!=''">
			<![CDATA[
			,update_time = #{update_time}
			]]>
		</if>
		<if test="update_employee!=null and update_employee!=''">
			<![CDATA[
			,update_employee = #{update_employee}
			]]>
		</if>
		<if test="update_dept!=null and update_dept!=''">
			<![CDATA[
			,update_dept = #{update_dept}
			]]>
		</if>
		<if test="enable_flag!=null and enable_flag!=''">
			<![CDATA[
			,enable_flag = #{enable_flag}
			]]>
		</if>
		<if test="delete_flag!=null and delete_flag!=''">
			<![CDATA[
			,delete_flag = #{delete_flag}
			]]>
		</if>
		<![CDATA[
		WHERE ID=#{id}
		]]> 
	</update>
  
  
  
  
 
  
</mapper>