<?xml version="1.0" encoding="UTF-8"?>
<!DOCTYPE mapper PUBLIC "-//mybatis.org//DTD Mapper 3.0//EN" "http://mybatis.org/dtd/mybatis-3-mapper.dtd">
<mapper namespace="com.konka.affairs.survey.model.Asw">
	<insert id="insert" parameterType="asw">  
		<selectKey resultType="int" keyProperty="id" order="BEFORE">
			VALUES NEXTVAL FOR OPENEAP.KK_SURVEY_ASW_S
		</selectKey>
		<![CDATA[ 
			INSERT INTO OPENEAP.KK_SURVEY_ASW (
			ID,U_ID,A_ID,Q_ID,O_ID,ANSWER,SCORE,OTHER,CREATE_TIME,CREATE_EMPLOYEE,CREATE_DEPT,UPDATE_TIME,UPDATE_EMPLOYEE,UPDATE_DEPT,ENABLE_FLAG,DELETE_FLAG)
			VALUES (#{id},#{u_id},#{a_id},#{q_id},#{o_id},#{answer},#{score},#{other},#{create_time},#{create_employee},#{create_dept},#{update_time},#{update_employee},#{update_dept},#{enable_flag},'F')
		]]>  
	</insert> 
	
	

	<insert id="insertBatch" parameterType="java.util.List">  
		<![CDATA[ 
		 INSERT INTO "OPENEAP"."KK_SURVEY_ASW" 
(U_ID,A_ID,O_ID,Q_ID,SCORE,ANSWER,CREATE_TIME,CREATE_EMPLOYEE,CREATE_DEPT,ENABLE_FLAG,DELETE_FLAG) VALUES 
		]]>  
		<foreach collection="list" item="item" index="index" separator=",">  
			<![CDATA[ 
			(#{item.u_id},#{item.a_id},#{item.o_id},#{item.q_id},#{item.score},#{item.answer},#{item.create_time},#{item.create_employee},#{item.create_dept},'T','F')
			]]>  
		</foreach>  
	</insert> 

	
	
	
	 
	<update id="update" parameterType="asw">
		<![CDATA[ 
		UPDATE OPENEAP.KK_SURVEY_ASW SET 
		update_time = #{update_time}
		,update_employee = #{update_employee}
		,update_dept = #{update_dept}
		]]>
		<if test="u_id!=null and u_id!=''">
			<![CDATA[
			,U_ID = #{u_id}
			]]>
		</if>
		<if test="a_id!=null and a_id>0">
			<![CDATA[
			,A_ID = #{a_id}
			]]>
		</if>
		<if test="q_id!=null and q_id>0">
			<![CDATA[
			,Q_ID = #{q_id}
			]]>
		</if>
		<if test="o_id!=null and o_id>0">
			<![CDATA[
			,O_ID = #{o_id}
			]]>
		</if>
		<if test="answer!=null and answer!=''">
			<![CDATA[
			,ANSWER = #{answer}
			]]>
		</if>
		<if test="score!=null and score>0">
			<![CDATA[
			,SCORE = #{score}
			]]>
		</if>
		<if test="other!=null and other!=''">
			<![CDATA[
			,OTHER = #{other}
			]]>
		</if>
		<if test="create_time!=null and create_time!=''">
			<![CDATA[
			,CREATE_TIME = #{create_time}
			]]>
		</if>
		<if test="create_employee!=null and create_employee!=''">
			<![CDATA[
			,CREATE_EMPLOYEE = #{create_employee}
			]]>
		</if>
		<if test="create_dept!=null and create_dept>0">
			<![CDATA[
			,CREATE_DEPT = #{create_dept}
			]]>
		</if>
		<if test="enable_flag!=null and enable_flag!=''">
			<![CDATA[
			,ENABLE_FLAG = #{enable_flag}
			]]>
		</if>
		<if test="delete_flag!=null and delete_flag!=''">
			<![CDATA[
			,DELETE_FLAG = #{delete_flag}
			]]>
		</if>
		<![CDATA[
		WHERE id=#{id}
		]]> 
	</update>
	<delete id="delete" parameterType="asw">
		<![CDATA[
		DELETE FROM OPENEAP.KK_SURVEY_ASW WHERE ID = #{id}
		]]> 
	</delete>
	<resultMap type="asw" id="aswResult"> 
		<result property="id" column="ID" jdbcType="INTEGER" javaType="java.lang.Integer" ></result>
		<result property="u_id" column="U_ID"></result>
		<result property="a_id" column="A_ID" jdbcType="INTEGER" javaType="java.lang.Integer" ></result>
		<result property="q_id" column="Q_ID" jdbcType="INTEGER" javaType="java.lang.Integer" ></result>
		<result property="o_id" column="O_ID" jdbcType="INTEGER" javaType="java.lang.Integer" ></result>
		<result property="answer" column="ANSWER"></result>
		<result property="score" column="SCORE" jdbcType="INTEGER" javaType="java.lang.Integer" ></result>
		<result property="other" column="OTHER"></result>
		<result property="create_time" column="CREATE_TIME"></result>
		<result property="create_employee" column="CREATE_EMPLOYEE"></result>
		<result property="create_dept" column="CREATE_DEPT" jdbcType="INTEGER" javaType="java.lang.Integer" ></result>
		<result property="update_time" column="UPDATE_TIME"></result>
		<result property="update_employee" column="UPDATE_EMPLOYEE"></result>
		<result property="update_dept" column="UPDATE_DEPT" jdbcType="INTEGER" javaType="java.lang.Integer" ></result>
		<result property="enable_flag" column="ENABLE_FLAG"></result>
		<result property="delete_flag" column="DELETE_FLAG"></result>
	</resultMap>
	<sql id="suffixwhere">
		<![CDATA[
			FROM OPENEAP.KK_SURVEY_ASW A  
			WHERE A.DELETE_FLAG='F' 
		]]>
		<if test="u_id!=null">
		<![CDATA[
			AND A.U_ID = #{u_id}
		]]>
		</if>
		<if test="a_id!=null">
		<![CDATA[
			AND A.A_ID = #{a_id}
		]]>
		</if>
		<if test="q_id!=null">
		<![CDATA[
			AND A.Q_ID = #{q_id}
		]]>
		</if>
		<if test="o_id!=null">
		<![CDATA[
			AND A.O_ID = #{o_id}
		]]>
		</if>
		<if test="answer!=null">
		<![CDATA[
			AND A.ANSWER = #{answer}
		]]>
		</if>
		<if test="score!=null">
		<![CDATA[
			AND A.SCORE = #{score}
		]]>
		</if>
		<if test="other!=null">
		<![CDATA[
			AND A.OTHER = #{other}
		]]>
		</if>
		<if test="create_time!=null">
		<![CDATA[
			AND A.CREATE_TIME = #{create_time}
		]]>
		</if>
		<if test="create_employee!=null">
		<![CDATA[
			AND A.CREATE_EMPLOYEE = #{create_employee}
		]]>
		</if>
		<if test="create_dept!=null">
		<![CDATA[
			AND A.CREATE_DEPT = #{create_dept}
		]]>
		</if>
		<if test="enable_flag!=null">
		<![CDATA[
			AND A.ENABLE_FLAG = #{enable_flag}
		]]>
		</if>
		<![CDATA[
			ORDER BY A.${orderField} ${orderDirection}
		]]>
	</sql> 
	<sql id="suffixPage">
		<![CDATA[
	  )select a.* ,(select max(a.resultNums) from a) as RESULT_COUNT 
	  FROM a where a.resultNums between #{start}+1 and #{end}
	  ]]>
	</sql>
	<select id="getObjectList"  parameterType="asw" resultMap="aswResult">  
		<![CDATA[ 
		with a as (
		SELECT 
		A.*
		,rownumber() over (ORDER BY A.${orderField} ${orderDirection} ) AS  resultNums
		]]>  
		<include refid="suffixwhere" ></include>
		<include refid="suffixPage" ></include>
	</select> 
	
	
	
	<select id="getByObject" parameterType="asw" resultMap="aswResult">
		<![CDATA[ 
		SELECT * FROM "OPENEAP"."KK_SURVEY_ASW" A
		WHERE 1=1
		]]> 
		<if test="u_id!=null">
		<![CDATA[
			AND A.U_ID = #{u_id}
		]]>
		</if>
		<if test="a_id!=null">
		<![CDATA[
			AND A.A_ID = #{a_id}
		]]>
		</if>
		<if test="q_id!=null">
		<![CDATA[
			AND A.Q_ID = #{q_id}
		]]>
		</if>
		<if test="o_id!=null">
		<![CDATA[
			AND A.O_ID = #{o_id}
		]]>
		</if>
		<if test="answer!=null">
		<![CDATA[
			AND A.ANSWER = #{answer}
		]]>
		</if>
		<if test="score!=null">
		<![CDATA[
			AND A.SCORE = #{score}
		]]>
		</if>
		<if test="other!=null">
		<![CDATA[
			AND A.OTHER = #{other}
		]]>
		</if>
		<if test="create_time!=null">
		<![CDATA[
			AND A.CREATE_TIME = #{create_time}
		]]>
		</if>
		<if test="create_employee!=null">
		<![CDATA[
			AND A.CREATE_EMPLOYEE = #{create_employee}
		]]>
		</if>
		<if test="create_dept!=null">
		<![CDATA[
			AND A.CREATE_DEPT = #{create_dept}
		]]>
		</if>
		<if test="enable_flag!=null">
		<![CDATA[
			AND A.ENABLE_FLAG = #{enable_flag}
		]]>
		</if>
		order by id desc fetch first 1 row only 
	</select>
	
	
	
	
	
	<select id="getById" parameterType="java.lang.Integer" resultMap="aswResult">
		<![CDATA[ 
		SELECT * FROM OPENEAP.KK_SURVEY_ASW
		WHERE ID=#{id}
		]]> 
	</select>
	<select id="getAllList"  parameterType="asw" resultMap="aswResult">  
		<![CDATA[ 
			SELECT * FROM OPENEAP.KK_SURVEY_ASW
			WHERE DELETE_FLAG='F' AND ENABLE_FLAG='T'
		]]>
		<if test="u_id!=null">
		<![CDATA[
			AND U_ID = #{u_id}
		]]>
		</if>
		<if test="a_id!=null">
		<![CDATA[
			AND A_ID = #{a_id}
		]]>
		</if>
		<if test="q_id!=null">
		<![CDATA[
			AND Q_ID = #{q_id}
		]]>
		</if>
		<if test="o_id!=null">
		<![CDATA[
			AND O_ID = #{o_id}
		]]>
		</if>
		<if test="answer!=null">
		<![CDATA[
			AND ANSWER = #{answer}
		]]>
		</if>
		<if test="score!=null">
		<![CDATA[
			AND SCORE = #{score}
		]]>
		</if>
		<if test="other!=null">
		<![CDATA[
			AND OTHER = #{other}
		]]>
		</if>
		<if test="create_time!=null">
		<![CDATA[
			AND CREATE_TIME = #{create_time}
		]]>
		</if>
		<if test="create_employee!=null">
		<![CDATA[
			AND CREATE_EMPLOYEE = #{create_employee}
		]]>
		</if>
		<if test="create_dept!=null">
		<![CDATA[
			AND CREATE_DEPT = #{create_dept}
		]]>
		</if>
		<if test="enable_flag!=null">
		<![CDATA[
			AND ENABLE_FLAG = #{enable_flag}
		]]>
		</if>
		<![CDATA[ 
		ORDER BY CREATE_EMPLOYEE ASC
		]]>
	</select>  
</mapper>
