<?xml version="1.0" encoding="UTF-8"?>
<!DOCTYPE mapper PUBLIC "-//mybatis.org//DTD Mapper 3.0//EN" "http://mybatis.org/dtd/mybatis-3-mapper.dtd">
<mapper namespace="com.konka.affairs.survey.model.Opt">
	<insert id="insert" parameterType="record">  
		<selectKey resultType="int" keyProperty="id" order="BEFORE">
			VALUES NEXTVAL FOR OPENEAP.KK_SURVEY_OPT_S
		</selectKey>
		<![CDATA[ 
			INSERT INTO OPENEAP.KK_SURVEY_OPT (
			ID,A_ID,Q_ID,CONTENT,SCORE,TYPE,CREATE_TIME,CREATE_EMPLOYEE,CREATE_DEPT,ENABLE_FLAG,DELETE_FLAG)
			VALUES (#{id},#{a_id},#{q_id},#{content},#{score},#{type},#{create_time},#{create_employee},#{create_dept},'T','F')
		]]>  
	</insert>  
	<update id="update" parameterType="opt">
		<![CDATA[ 
		UPDATE OPENEAP.KK_SURVEY_OPT SET 
		update_time = #{update_time}
		,update_employee = #{update_employee}
		,update_dept = #{update_dept}
		]]>
		<if test="a_id!=null and a_id>0">
			<![CDATA[
			,A_ID = #{a_id}
			]]>
		</if>
		<if test="q_id!=null and q_id>0">
			<![CDATA[
			,Q_ID = #{q_id}
			]]>
		</if>
		<if test="content!=null and content!=''">
			<![CDATA[
			,CONTENT = #{content}
			]]>
		</if>
		<if test="score!=null and score>0">
			<![CDATA[
			,SCORE = #{score}
			]]>
		</if>
		<if test="type!=null and type!=''">
			<![CDATA[
			,TYPE = #{type}
			]]>
		</if>
		<if test="create_time!=null and create_time!=''">
			<![CDATA[
			,CREATE_TIME = #{create_time}
			]]>
		</if>
		<if test="create_employee!=null and create_employee!=''">
			<![CDATA[
			,CREATE_EMPLOYEE = #{create_employee}
			]]>
		</if>
		<if test="create_dept!=null and create_dept>0">
			<![CDATA[
			,CREATE_DEPT = #{create_dept}
			]]>
		</if>
		<if test="enable_flag!=null and enable_flag!=''">
			<![CDATA[
			,ENABLE_FLAG = #{enable_flag}
			]]>
		</if>
		<if test="delete_flag!=null and delete_flag!=''">
			<![CDATA[
			,DELETE_FLAG = #{delete_flag}
			]]>
		</if>
		<![CDATA[
		WHERE id=#{id}
		]]> 
	</update>
	<delete id="delete" parameterType="opt">
		<![CDATA[
		DELETE FROM OPENEAP.KK_SURVEY_OPT WHERE A_ID = #{id}
		]]> 
	</delete>
	<resultMap type="opt" id="optResult"> 
		<result property="id" column="ID" jdbcType="INTEGER" javaType="java.lang.Integer" ></result>
		<result property="a_id" column="A_ID" jdbcType="INTEGER" javaType="java.lang.Integer" ></result>
		<result property="q_id" column="Q_ID" jdbcType="INTEGER" javaType="java.lang.Integer" ></result>
		<result property="content" column="CONTENT"></result>
		<result property="score" column="SCORE" jdbcType="INTEGER" javaType="java.lang.Integer" ></result>
		<result property="type" column="TYPE"></result>
		<result property="create_time" column="CREATE_TIME"></result>
		<result property="create_employee" column="CREATE_EMPLOYEE"></result>
		<result property="create_dept" column="CREATE_DEPT" jdbcType="INTEGER" javaType="java.lang.Integer" ></result>
		<result property="update_time" column="UPDATE_TIME"></result>
		<result property="update_employee" column="UPDATE_EMPLOYEE"></result>
		<result property="update_dept" column="UPDATE_DEPT" jdbcType="INTEGER" javaType="java.lang.Integer" ></result>
		<result property="enable_flag" column="ENABLE_FLAG"></result>
		<result property="delete_flag" column="DELETE_FLAG"></result>
	</resultMap>
	<sql id="suffixwhere">
		<![CDATA[
			FROM OPENEAP.KK_SURVEY_OPT A  
			WHERE A.DELETE_FLAG='F' 
		]]>
		<if test="a_id!=null">
		<![CDATA[
			AND A.A_ID = #{a_id}
		]]>
		</if>
		<if test="q_id!=null">
		<![CDATA[
			AND A.Q_ID = #{q_id}
		]]>
		</if>
		<if test="content!=null">
		<![CDATA[
			AND A.CONTENT = #{content}
		]]>
		</if>
		<if test="score!=null">
		<![CDATA[
			AND A.SCORE = #{score}
		]]>
		</if>
		<if test="type!=null">
		<![CDATA[
			AND A.TYPE = #{type}
		]]>
		</if>
		<if test="create_time!=null">
		<![CDATA[
			AND A.CREATE_TIME = #{create_time}
		]]>
		</if>
		<if test="create_employee!=null">
		<![CDATA[
			AND A.CREATE_EMPLOYEE = #{create_employee}
		]]>
		</if>
		<if test="create_dept!=null">
		<![CDATA[
			AND A.CREATE_DEPT = #{create_dept}
		]]>
		</if>
		<if test="enable_flag!=null">
		<![CDATA[
			AND A.ENABLE_FLAG = #{enable_flag}
		]]>
		</if>
		<![CDATA[
			ORDER BY A.${orderField} ${orderDirection}
		]]>
	</sql> 
	<sql id="suffixPage">
		<![CDATA[
	  )select a.* ,(select max(a.resultNums) from a) as RESULT_COUNT 
	  FROM a where a.resultNums between #{start}+1 and #{end}
	  ]]>
	</sql>
	<select id="getObjectList"  parameterType="opt" resultMap="optResult">  
		<![CDATA[ 
		with a as (
		SELECT 
		A.*
		,rownumber() over (ORDER BY A.${orderField} ${orderDirection} ) AS  resultNums
		]]>  
		<include refid="suffixwhere" ></include>
		<include refid="suffixPage" ></include>
	</select> 
	<select id="getById" parameterType="java.lang.Integer" resultMap="optResult">
		<![CDATA[ 
		SELECT * FROM OPENEAP.KK_SURVEY_OPT
		WHERE ID=#{id}
		]]> 
	</select>
	
	<select id="getByQid" parameterType="java.lang.Integer" resultMap="optResult">
		<![CDATA[ 
		SELECT * FROM OPENEAP.KK_SURVEY_OPT
		WHERE Q_ID=#{id} 
		order by SCORE desc
		]]> 
	</select>
	
	<select id="getAllList"  parameterType="opt" resultMap="optResult">  
		<![CDATA[ 
			SELECT * FROM OPENEAP.KK_SURVEY_OPT
			WHERE DELETE_FLAG='F' AND ENABLE_FLAG='T'
		]]>
		<if test="a_id!=null">
		<![CDATA[
			AND A_ID = #{a_id}
		]]>
		</if>
		<if test="q_id!=null">
		<![CDATA[
			AND Q_ID = #{q_id}
		]]>
		</if>
		<if test="content!=null">
		<![CDATA[
			AND CONTENT = #{content}
		]]>
		</if>
		<if test="score!=null">
		<![CDATA[
			AND SCORE = #{score}
		]]>
		</if>
		<if test="type!=null">
		<![CDATA[
			AND TYPE = #{type}
		]]>
		</if>
		<if test="create_time!=null">
		<![CDATA[
			AND CREATE_TIME = #{create_time}
		]]>
		</if>
		<if test="create_employee!=null">
		<![CDATA[
			AND CREATE_EMPLOYEE = #{create_employee}
		]]>
		</if>
		<if test="create_dept!=null">
		<![CDATA[
			AND CREATE_DEPT = #{create_dept}
		]]>
		</if>
		<if test="enable_flag!=null">
		<![CDATA[
			AND ENABLE_FLAG = #{enable_flag}
		]]>
		</if>
		<![CDATA[ 
		ORDER BY ID ASC
		]]>
	</select>  
</mapper>
