<?xml version="1.0" encoding="UTF-8"?>
<!DOCTYPE mapper PUBLIC "-//mybatis.org//DTD Mapper 3.0//EN" "http://mybatis.org/dtd/mybatis-3-mapper.dtd">
<mapper namespace="com.konka.affairs.survey.model.Qst">
	<insert id="insert" parameterType="qst">  
		<selectKey resultType="int" keyProperty="id" order="BEFORE">
			VALUES NEXTVAL FOR OPENEAP.KK_SURVEY_QST_S
		</selectKey>
		<![CDATA[ 
			INSERT INTO OPENEAP.KK_SURVEY_QST (
			ID,TITLE,TYPE,A_ID,CREATE_TIME,CREATE_EMPLOYEE,CREATE_DEPT,ENABLE_FLAG,DELETE_FLAG)
			VALUES (#{id},#{title},#{type},#{a_id},#{create_time},#{create_employee},#{create_dept},'T','F')
		]]> 		 
	</insert>  
	<update id="update" parameterType="qst">
		<![CDATA[ 
		UPDATE OPENEAP.KK_SURVEY_QST SET 
		update_time = #{update_time}
		,update_employee = #{update_employee}
		,update_dept = #{update_dept}
		]]>
		<if test="title!=null and title!=''">
			<![CDATA[
			,title = #{title}
			]]>
		</if>
		<if test="type!=null and type!=''">
			<![CDATA[
			,TYPE = #{type}
			]]>
		</if>
		<if test="o_id!=null and o_id>0">
			<![CDATA[
			,O_ID = #{o_id}
			]]>
		</if>
		<if test="a_id!=null and a_id>0">
			<![CDATA[
			,A_ID = #{a_id}
			]]>
		</if>
		<if test="create_time!=null and create_time!=''">
			<![CDATA[
			,CREATE_TIME = #{create_time}
			]]>
		</if>
		<if test="create_employee!=null and create_employee!=''">
			<![CDATA[
			,CREATE_EMPLOYEE = #{create_employee}
			]]>
		</if>
		<if test="create_dept!=null and create_dept>0">
			<![CDATA[
			,CREATE_DEPT = #{create_dept}
			]]>
		</if>
		<if test="enable_flag!=null and enable_flag!=''">
			<![CDATA[
			,ENABLE_FLAG = #{enable_flag}
			]]>
		</if>
		<if test="delete_flag!=null and delete_flag!=''">
			<![CDATA[
			,DELETE_FLAG = #{delete_flag}
			]]>
		</if>
		<![CDATA[
		WHERE id=#{id}
		]]> 
	</update>
	<delete id="delete" parameterType="qst">
		<![CDATA[
		DELETE FROM OPENEAP.KK_SURVEY_QST WHERE A_ID = #{id}
		]]> 
	</delete>
	<resultMap type="qst" id="qstResult"> 
		<result property="id" column="ID" jdbcType="INTEGER" javaType="java.lang.Integer" ></result>
		<result property="title" column="TITLE"></result>
		<result property="type" column="TYPE"></result>
		<result property="o_id" column="O_ID" jdbcType="INTEGER" javaType="java.lang.Integer" ></result>
		<result property="a_id" column="A_ID" jdbcType="INTEGER" javaType="java.lang.Integer" ></result>
		<result property="create_time" column="CREATE_TIME"></result>
		<result property="create_employee" column="CREATE_EMPLOYEE"></result>
		<result property="create_dept" column="CREATE_DEPT" jdbcType="INTEGER" javaType="java.lang.Integer" ></result>
		<result property="update_time" column="UPDATE_TIME"></result>
		<result property="update_employee" column="UPDATE_EMPLOYEE"></result>
		<result property="update_dept" column="UPDATE_DEPT" jdbcType="INTEGER" javaType="java.lang.Integer" ></result>
		<result property="enable_flag" column="ENABLE_FLAG"></result>
		<result property="delete_flag" column="DELETE_FLAG"></result>
	</resultMap>
	<sql id="suffixwhere">
		<![CDATA[
			FROM OPENEAP.KK_SURVEY_QST A  
			WHERE A.DELETE_FLAG='F' 
		]]>
		<if test="title!=null">
		<![CDATA[
			AND A.TITLE = #{title}
		]]>
		</if>
		<if test="type!=null">
		<![CDATA[
			AND A.TYPE = #{type}
		]]>
		</if>
		<if test="o_id!=null">
		<![CDATA[
			AND A.O_ID = #{o_id}
		]]>
		</if>
		<if test="a_id!=null">
		<![CDATA[
			AND A.A_ID = #{a_id}
		]]>
		</if>
		<if test="create_time!=null">
		<![CDATA[
			AND A.CREATE_TIME = #{create_time}
		]]>
		</if>
		<if test="create_employee!=null">
		<![CDATA[
			AND A.CREATE_EMPLOYEE = #{create_employee}
		]]>
		</if>
		<if test="create_dept!=null">
		<![CDATA[
			AND A.CREATE_DEPT = #{create_dept}
		]]>
		</if>
		<if test="enable_flag!=null">
		<![CDATA[
			AND A.ENABLE_FLAG = #{enable_flag}
		]]>
		</if>
		<![CDATA[
			ORDER BY A.${orderField} ${orderDirection}
		]]>
	</sql> 
	<sql id="suffixPage">
		<![CDATA[
	  )select a.* ,(select max(a.resultNums) from a) as RESULT_COUNT 
	  FROM a where a.resultNums between #{start}+1 and #{end}
	  ]]>
	</sql>
	<select id="getObjectList"  parameterType="qst" resultMap="qstResult">  
		<![CDATA[ 
		with a as (
		SELECT 
		A.*
		,rownumber() over (ORDER BY A.${orderField} ${orderDirection} ) AS  resultNums
		]]>  
		<include refid="suffixwhere" ></include>
		<include refid="suffixPage" ></include>
	</select> 
	<select id="getById" parameterType="java.lang.Integer" resultMap="qstResult">
		<![CDATA[ 
		SELECT * FROM OPENEAP.KK_SURVEY_QST
		WHERE ID=#{id}
		]]> 
	</select>
	<select id="getAllList"  parameterType="qst" resultMap="qstResult">  
		<![CDATA[ 
			SELECT * FROM OPENEAP.KK_SURVEY_QST
			WHERE DELETE_FLAG='F' AND ENABLE_FLAG='T'
		]]>
		<if test="title!=null">
		<![CDATA[
			AND TITLE = #{title}
		]]>
		</if>
		<if test="type!=null">
		<![CDATA[
			AND TYPE = #{type}
		]]>
		</if>
		<if test="o_id!=null">
		<![CDATA[
			AND O_ID = #{o_id}
		]]>
		</if>
		<if test="a_id!=null">
		<![CDATA[
			AND A_ID = #{a_id}
		]]>
		</if>
		<if test="create_time!=null">
		<![CDATA[
			AND CREATE_TIME = #{create_time}
		]]>
		</if>
		<if test="create_employee!=null">
		<![CDATA[
			AND CREATE_EMPLOYEE = #{create_employee}
		]]>
		</if>
		<if test="create_dept!=null">
		<![CDATA[
			AND CREATE_DEPT = #{create_dept}
		]]>
		</if>
		<if test="enable_flag!=null">
		<![CDATA[
			AND ENABLE_FLAG = #{enable_flag}
		]]>
		</if>
		<![CDATA[ 
		ORDER BY ID ASC
		]]>
	</select>  
	
	
	
	
	
	
	
	<select id="getSurveyQstList" parameterType="survey" resultMap="qstResult">
		<![CDATA[ 
		SELECT * FROM "OPENEAP"."KK_SURVEY_QST" A
		WHERE A.ID IS NOT NULL AND A.ENABLE_FLAG='T' AND A.DELETE_FLAG='F'
		]]> 
		<if test="id!=null and id>0">
			<![CDATA[
			AND A.A_ID=#{id}
			]]>
		</if>
		<![CDATA[ 
		ORDER BY A.ID ASC
		]]>
	</select>
	
	
	
	
	
</mapper>
