<?xml version="1.0" encoding="UTF-8"?>
<!DOCTYPE mapper PUBLIC "-//mybatis.org//DTD Mapper 3.0//EN" "http://mybatis.org/dtd/mybatis-3-mapper.dtd">
<mapper namespace="com.konka.affairs.survey.model.Survey">
	<insert id="insert" parameterType="survey">  
		<selectKey resultType="int" keyProperty="id" order="BEFORE">
			VALUES NEXTVAL FOR OPENEAP.KK_SURVEY_ASK_S
		</selectKey>
		<![CDATA[ 
			INSERT INTO OPENEAP.KK_SURVEY_ASK (
			ID,TITLE,STARTTIME,ENDTIME,QES,UIDS,USERS,CREATE_TIME,CREATE_EMPLOYEE,CREATE_DEPT,ENABLE_FLAG,DELETE_FLAG)
			VALUES (#{id},#{title},#{starttime},#{endtime},#{qes},#{uids},#{users},#{create_time},#{create_employee},#{create_dept},#{enable_flag},'F')
		]]>  
	</insert>  
	<update id="update" parameterType="survey">
		<![CDATA[ 
		UPDATE OPENEAP.KK_SURVEY_ASK SET 
		update_time = #{update_time}
		,update_employee = #{update_employee}
		,update_dept = #{update_dept}
		]]>
		<if test="title!=null and title!=''">
			<![CDATA[
			,TITLE = #{title}
			]]>
		</if>
		<if test="starttime!=null and starttime!=''">
			<![CDATA[
			,STARTTIME = #{starttime}
			]]>
		</if>
		<if test="endtime!=null and endtime!=''">
			<![CDATA[
			,ENDTIME = #{endtime}
			]]>
		</if>
		<if test="qes!=null and qes!=''">
			<![CDATA[
			,QES = #{qes}
			]]>
		</if>
		<if test="uids!=null and uids!=''">
			<![CDATA[
			,UIDS = #{uids}
			]]>
		</if>
		<if test="users!=null and users!=''">
			<![CDATA[
			,USERS = #{users}
			]]>
		</if>
		<if test="create_time!=null and create_time!=''">
			<![CDATA[
			,CREATE_TIME = #{create_time}
			]]>
		</if>
		<if test="create_employee!=null and create_employee!=''">
			<![CDATA[
			,CREATE_EMPLOYEE = #{create_employee}
			]]>
		</if>
		<if test="create_dept!=null and create_dept>0">
			<![CDATA[
			,CREATE_DEPT = #{create_dept}
			]]>
		</if>
		<if test="enable_flag!=null and enable_flag!=''">
			<![CDATA[
			,ENABLE_FLAG = #{enable_flag}
			]]>
		</if>
		<if test="delete_flag!=null and delete_flag!=''">
			<![CDATA[
			,DELETE_FLAG = #{delete_flag}
			]]>
		</if>
		<![CDATA[
		WHERE id=#{id}
		]]> 
	</update>
	<delete id="delete" parameterType="survey">
		<![CDATA[
		DELETE FROM OPENEAP.KK_SURVEY_ASK WHERE ID = #{id}
		]]> 
	</delete>
	<resultMap type="survey" id="surveyResult"> 
		<id column="ID" jdbcType="INTEGER" property="id" />
	    <result column="TITLE" jdbcType="VARCHAR" property="title" />
	    <result column="STARTTIME" jdbcType="TIMESTAMP" property="starttime" />
	    <result column="ENDTIME" jdbcType="TIMESTAMP" property="endtime" />
	    <result column="QES" jdbcType="VARCHAR" property="qes" />
	    <result column="UIDS" jdbcType="VARCHAR" property="uids" />
	    <result column="USERS" jdbcType="VARCHAR" property="users" />
	    <result column="CREATE_TIME" property="create_time" jdbcType="TIMESTAMP" />
	    <result column="CREATE_EMPLOYEE" property="create_employee" jdbcType="VARCHAR" />
	    <result column="CREATE_DEPT" property="create_dept" jdbcType="INTEGER" />
	    <result column="UPDATE_TIME" property="update_time" jdbcType="TIMESTAMP" />
	    <result column="UPDATE_EMPLOYEE" property="update_employee" jdbcType="VARCHAR" />
	    <result column="UPDATE_DEPT" property="update_dept" jdbcType="INTEGER" />
	    <result column="ENABLE_FLAG" property="enable_flag" jdbcType="CHAR" />
	    <result column="DELETE_FLAG" property="delete_flag" jdbcType="CHAR" />
	</resultMap>
	<sql id="suffixwhere">
		<![CDATA[
			FROM OPENEAP.KK_SURVEY_ASK A  
			WHERE A.DELETE_FLAG='F' 
		]]>
		
		<if test="title!=null">
		<![CDATA[
			AND A.TITLE LIKE '%'||#{title}||'%'
		]]>
		 
		</if>
		<!--
		<if test="starttime!=null">
		<![CDATA[
			AND A.STARTTIME = #{starttime}
		]]>
		</if>
		<if test="endtime!=null">
		<![CDATA[
			AND A.ENDTIME = #{endtime}
		]]>
		</if>
		-->
		
		<if test="create_employee!=null">
		<![CDATA[
			AND A.CREATE_EMPLOYEE = #{create_employee}
		]]>
		</if>
		<!-- 
		<if test="enable_flag!=null">
		<![CDATA[
			AND A.ENABLE_FLAG = #{enable_flag}
		]]>
		</if>
		 -->
		<![CDATA[
			ORDER BY A.${orderField} ${orderDirection}
		]]>
	</sql> 
	<sql id="suffixPage">
		<![CDATA[
	  )select a.* ,(select max(a.resultNums) from a) as RESULT_COUNT 
	  FROM a where a.resultNums between #{start}+1 and #{end}
	  ]]>
	</sql>
	
 
	<select id="getObjectList"  parameterType="survey" resultMap="surveyResult">  
		<![CDATA[ 
		with a as (
		SELECT 
		A.*
		,rownumber() over (ORDER BY A.${orderField} ${orderDirection} ) AS  resultNums
		]]>  
		<include refid="suffixwhere" ></include>
		<include refid="suffixPage" ></include>
	</select>


 <!-- 
	<select id="getObjectList"  parameterType="survey" resultMap="surveyResult">  
		SELECT * FROM OPENEAP.KK_SURVEY_ASK
	</select>	 
 --> 	
 
 
 
	 
	<select id="getById" parameterType="java.lang.Integer" resultMap="surveyResult">
		<![CDATA[ 
		SELECT * FROM OPENEAP.KK_SURVEY_ASK
		WHERE ID=#{id}
		]]> 
	</select>
	<select id="getAllList"  parameterType="survey" resultMap="surveyResult">  
		<![CDATA[ 
			SELECT * FROM OPENEAP.KK_SURVEY_ASK
			WHERE DELETE_FLAG='F' AND ENABLE_FLAG='T'
		]]>
		<if test="title!=null">
		<![CDATA[
			AND TITLE = #{title}
		]]>
		</if>
		<if test="starttime!=null">
		<![CDATA[
			AND STARTTIME = #{starttime}
		]]>
		</if>
		<if test="endtime!=null">
		<![CDATA[
			AND ENDTIME = #{endtime}
		]]>
		</if>
		<if test="qes!=null">
		<![CDATA[
			AND QES = #{qes}
		]]>
		</if>
		<if test="uids!=null">
		<![CDATA[
			AND UIDS = #{uids}
		]]>
		</if>
		<if test="users!=null">
		<![CDATA[
			AND USERS = #{users}
		]]>
		</if>
		<if test="create_time!=null">
		<![CDATA[
			AND CREATE_TIME = #{create_time}
		]]>
		</if>
		<if test="create_employee!=null">
		<![CDATA[
			AND CREATE_EMPLOYEE = #{create_employee}
		]]>
		</if>
		<if test="create_dept!=null">
		<![CDATA[
			AND CREATE_DEPT = #{create_dept}
		]]>
		</if>
		<if test="enable_flag!=null">
		<![CDATA[
			AND ENABLE_FLAG = #{enable_flag}
		]]>
		</if>
		<![CDATA[ 
		ORDER BY ID ASC
		]]>
	</select> 
	
	
	<select id="getUserSurveyList" parameterType="user" resultMap="surveyResult">
		<![CDATA[ 
		SELECT A.* FROM "OPENEAP"."KK_SURVEY_USER" U
		LEFT JOIN "OPENEAP"."KK_SURVEY_ASK" A ON U.A_ID=A.ID 
		WHERE A.ID IS NOT NULL AND A.ENABLE_FLAG='T' AND A.DELETE_FLAG='F'
		]]> 
		<if test="username!=null">
			<![CDATA[
			AND U.uname=#{username}
			]]>
		</if>
		<![CDATA[ 
		ORDER BY U.status DESC
		]]>
	</select>	
	
	
	 
</mapper>
