<?xml version="1.0" encoding="UTF-8"?>
<!DOCTYPE mapper PUBLIC "-//mybatis.org//DTD Mapper 3.0//EN" "http://mybatis.org/dtd/mybatis-3-mapper.dtd">
<mapper namespace="com.konka.affairs.survey.model.Usur">
	<insert id="insert" parameterType="usur">  
		<selectKey resultType="int" keyProperty="id" order="BEFORE">
			VALUES NEXTVAL FOR OPENEAP.KK_SURVEY_USER_S
		</selectKey>
		<![CDATA[ 
			INSERT INTO OPENEAP.KK_SURVEY_USER (
			ID,UNAME,A_ID,STATUS,CREATE_TIME,CREATE_EMPLOYEE,CREATE_DEPT,ENABLE_FLAG,DELETE_FLAG)
			VALUES (#{id},#{uname},#{a_id},#{status},#{create_time},#{create_employee},#{create_dept},'T','F')
		]]>  
	</insert>  
	<update id="update" parameterType="usur">
		<![CDATA[ 
		UPDATE OPENEAP.KK_SURVEY_USER SET 
		update_time = #{update_time}
		,update_employee = #{update_employee}
		,update_dept = #{update_dept}
		]]>
		<if test="uname!=null and uname!=''">
			<![CDATA[
			,UNAME = #{uname}
			]]>
		</if>
		<if test="status!=null and status!=''">
			<![CDATA[
			,STATUS = #{status}
			]]>
		</if>
		<if test="create_time!=null and create_time!=''">
			<![CDATA[
			,CREATE_TIME = #{create_time}
			]]>
		</if>
		<if test="create_employee!=null and create_employee!=''">
			<![CDATA[
			,CREATE_EMPLOYEE = #{create_employee}
			]]>
		</if>
		<if test="create_dept!=null and create_dept>0">
			<![CDATA[
			,CREATE_DEPT = #{create_dept}
			]]>
		</if>
		<if test="enable_flag!=null and enable_flag!=''">
			<![CDATA[
			,ENABLE_FLAG = #{enable_flag}
			]]>
		</if>
		<if test="delete_flag!=null and delete_flag!=''">
			<![CDATA[
			,DELETE_FLAG = #{delete_flag}
			]]>
		</if>
		<![CDATA[
		WHERE a_id=#{a_id} and UNAME = #{uname}
		]]> 
	</update>
	<delete id="delete" parameterType="usur">
		<![CDATA[
		DELETE FROM OPENEAP.KK_SURVEY_USER WHERE A_ID = #{id}
		]]> 
	</delete>
	<resultMap type="usur" id="usurResult"> 
		<result property="id" column="ID" jdbcType="INTEGER" javaType="java.lang.Integer" ></result>
		<result property="uname" column="UNAME"></result>
		<result property="a_id" column="A_ID" jdbcType="INTEGER" javaType="java.lang.Integer" ></result>
		<result property="status" column="STATUS"></result>
		<result property="create_time" column="CREATE_TIME"></result>
		<result property="create_employee" column="CREATE_EMPLOYEE"></result>
		<result property="create_dept" column="CREATE_DEPT" jdbcType="INTEGER" javaType="java.lang.Integer" ></result>
		<result property="update_time" column="UPDATE_TIME"></result>
		<result property="update_employee" column="UPDATE_EMPLOYEE"></result>
		<result property="update_dept" column="UPDATE_DEPT" jdbcType="INTEGER" javaType="java.lang.Integer" ></result>
		<result property="enable_flag" column="ENABLE_FLAG"></result>
		<result property="delete_flag" column="DELETE_FLAG"></result>
	</resultMap>
	<sql id="suffixwhere">
		<![CDATA[
			FROM OPENEAP.KK_SURVEY_USER A  
			WHERE A.DELETE_FLAG='F' 
		]]>
		<if test="uname!=null">
		<![CDATA[
			AND A.UNAME = #{uname}
		]]>
		</if>
		<if test="a_id!=null">
		<![CDATA[
			AND A.A_ID = #{a_id}
		]]>
		</if>
		<if test="status!=null">
		<![CDATA[
			AND A.STATUS = #{status}
		]]>
		</if>
		<if test="create_time!=null">
		<![CDATA[
			AND A.CREATE_TIME = #{create_time}
		]]>
		</if>
		<if test="create_employee!=null">
		<![CDATA[
			AND A.CREATE_EMPLOYEE = #{create_employee}
		]]>
		</if>
		<if test="create_dept!=null">
		<![CDATA[
			AND A.CREATE_DEPT = #{create_dept}
		]]>
		</if>
		<if test="enable_flag!=null">
		<![CDATA[
			AND A.ENABLE_FLAG = #{enable_flag}
		]]>
		</if>
		<![CDATA[
			ORDER BY A.${orderField} ${orderDirection}
		]]>
	</sql> 
	<sql id="suffixPage">
		<![CDATA[
	  )select a.* ,(select max(a.resultNums) from a) as RESULT_COUNT 
	  FROM a where a.resultNums between #{start}+1 and #{end}
	  ]]>
	</sql>
	<select id="getObjectList"  parameterType="usur" resultMap="usurResult">  
		<![CDATA[ 
		with a as (
		SELECT 
		A.*
		,rownumber() over (ORDER BY A.${orderField} ${orderDirection} ) AS  resultNums
		]]>  
		<include refid="suffixwhere" ></include>
		<include refid="suffixPage" ></include>
	</select> 
	<select id="getById" parameterType="java.lang.Integer" resultMap="usurResult">
		<![CDATA[ 
		SELECT * FROM OPENEAP.KK_SURVEY_USER
		WHERE ID=#{id}
		]]> 
	</select>
	<select id="getByAid" parameterType="java.lang.Integer" resultMap="usurResult">
		<![CDATA[ 
		SELECT * FROM OPENEAP.KK_SURVEY_USER
		WHERE A_ID=#{a_id}
		]]> 
	</select>
	<select id="getByAUid" parameterType="usur" resultMap="usurResult">
		<![CDATA[ 
		SELECT * FROM OPENEAP.KK_SURVEY_USER
		WHERE a_id=#{a_id} and UNAME = #{uname}
		]]> 
	</select>
	<select id="getByAidAnswered" parameterType="java.lang.Integer" resultMap="usurResult">
		<![CDATA[ 
		SELECT * FROM OPENEAP.KK_SURVEY_USER
		WHERE A_ID=#{a_id} 
		and STATUS = 'answered' order by uname asc
		]]> 
	</select>
	
	
	
	<select id="getByObject" parameterType="usur" resultMap="usurResult">
		<![CDATA[ 
		SELECT * FROM "OPENEAP"."KK_SURVEY_USER"
		WHERE 1=1
		]]> 
		<if test="uname!=null">
		<![CDATA[
			AND UNAME = #{uname}
		]]>
		</if>
		<if test="a_id!=null">
		<![CDATA[
			AND A_ID = #{a_id}
		]]>
		</if>
		<if test="status!=null">
		<![CDATA[
			AND STATUS = #{status}
		]]>
		</if>
		<if test="create_time!=null">
		<![CDATA[
			AND CREATE_TIME = #{create_time}
		]]>
		</if>
		<if test="create_employee!=null">
		<![CDATA[
			AND CREATE_EMPLOYEE = #{create_employee}
		]]>
		</if>
		<if test="create_dept!=null">
		<![CDATA[
			AND CREATE_DEPT = #{create_dept}
		]]>
		</if>
		<if test="enable_flag!=null">
		<![CDATA[
			AND ENABLE_FLAG = #{enable_flag}
		]]>
		</if>
	</select>
	<select id="getAllList"  parameterType="usur" resultMap="usurResult">  
		<![CDATA[ 
			SELECT * FROM OPENEAP.KK_SURVEY_USER
			WHERE DELETE_FLAG='F' AND ENABLE_FLAG='T'
		]]>
		<if test="uname!=null">
		<![CDATA[
			AND UNAME = #{uname}
		]]>
		</if>
		<if test="a_id!=null">
		<![CDATA[
			AND A_ID = #{a_id}
		]]>
		</if>
		<if test="status!=null">
		<![CDATA[
			AND STATUS = #{status}
		]]>
		</if>
		<if test="create_time!=null">
		<![CDATA[
			AND CREATE_TIME = #{create_time}
		]]>
		</if>
		<if test="create_employee!=null">
		<![CDATA[
			AND CREATE_EMPLOYEE = #{create_employee}
		]]>
		</if>
		<if test="create_dept!=null">
		<![CDATA[
			AND CREATE_DEPT = #{create_dept}
		]]>
		</if>
		<if test="enable_flag!=null">
		<![CDATA[
			AND ENABLE_FLAG = #{enable_flag}
		]]>
		</if>
		<![CDATA[ 
		ORDER BY ID ASC
		]]>
	</select>  
</mapper>
