<?xml version="1.0" encoding="UTF-8"?>
<!DOCTYPE mapper PUBLIC "-//mybatis.org//DTD Mapper 3.0//EN" "http://mybatis.org/dtd/mybatis-3-mapper.dtd">
<mapper namespace="com.konka.job.cust.model.CustInfo">
 	<resultMap type="custInfo" id="custInfoResult"> 
		<result property="custId" column="CUSTID"/>
		<result property="name" column="NAME" />  
		<result property="mobile_phone" column="MOBILE_PHONE" />  
		<result property="contact_tel" column="CONTACT_TEL" />  
		<result property="address" column="ADDRESS" />  
	</resultMap>  
	<select id="getCusterInfo" parameterType="java.lang.String" resultMap="custInfoResult">
		<![CDATA[ 
		SELECT LTRIM(RTRIM(CUSTID)) as CUSTID
		,NAME
		,CONTACT_TEL
		,MOBILE_PHONE
		,ADDRESS
		FROM "OPENEAP"."T_KA_CUSTINFO" WHERE 
		BSI_PHONE =#{value} OR 
		HOME_PHONE=#{value} OR 
		BSI_FAX   =#{value} OR  
		MOBILE_PHONE=#{value} OR 
		CONTACT_TEL=#{value} ORDER BY CUSTID DESC FETCH FIRST 1 ROWS ONLY
		]]> 
	</select>
</mapper>