<?xml version="1.0" encoding="UTF-8"?>
<!DOCTYPE mapper PUBLIC "-//mybatis.org//DTD Mapper 3.0//EN" "http://mybatis.org/dtd/mybatis-3-mapper.dtd">
<mapper namespace="com.konka.job.cust.model.FixInfo">
 	<resultMap type="fixInfo" id="fixInfoResult"> 
		<result property="id" column="id"/>
		<result property="fix_num" column="fix_num" />  
		<result property="product_series" column="product_series" />  
		<result property="buy_date" column="buy_date" />  
		<result property="product_num" column="product_num" />  
		<result property="company" column="company" />  
	</resultMap>  
	<select id="getByObject" parameterType="fixInfo" resultMap="fixInfoResult">
		<![CDATA[ 
		SELECT
		A.FIX_ID as fix_id,
		A.FIX_NUM as fix_num,
		A.SERIES_ID AS product_series,
		DATE(A.BUY_DATE) AS buy_date,
		B.SERIES_NO AS product_num,
		C.DEPT_NAME as company
		FROM "ECC_SFM"."FIX_AUTO_DOCUMENT_FLOWAXIS" A LEFT JOIN
		"ECC_MBOM"."PRODUCT_SERIES" B ON A.PRODUCT_ID=B.SERIES_ID
		LEFT JOIN "OPENEAP"."FRAMEDEPARTMENT" C ON C.DEPT_ID=A.SC_APPROVE_NUM
		WHERE A.FIX_NUM=#{fix_num}
		]]> 
	</select>
</mapper>