<?xml version="1.0" encoding="UTF-8"?>
<!DOCTYPE mapper PUBLIC "-//mybatis.org//DTD Mapper 3.0//EN" "http://mybatis.org/dtd/mybatis-3-mapper.dtd">
<mapper namespace="com.konka.job.qualitycontrol.model.CheckSpot">
	
	
	
	
	
	<insert id="insertBatch" parameterType="java.util.List">  
		<![CDATA[ 
		 INSERT INTO "OPENEAP"."KK_QC_CHECKSPOT"
		 (
		 TASK_ID,PLAN_ID,
		 CREATE_EMPLOYEE,CREATE_TIME,DELETE_FLAG,ENABLE_FLAG
		 ) 
		 VALUES 
		]]>  
		<foreach collection="list" item="item" index="index" separator=",">  
			<![CDATA[ 
		(
		 #{item.task_id}, #{item.plan_id}, #{item.create_employee}, #{item.create_time},'F','F'
		 )
			]]>  
		</foreach>  
	</insert>  
	
	

	<resultMap type="checkSpot" id="checkSpotResult">
		<result property="id" column="id" jdbcType="INTEGER" javaType="java.lang.Integer" />
		
		<result property="task_id" column="TASK_ID" />
		<result property="evaluate" column="EVALUATE" />
		<result property="remark" column="REMARK" />	
		
		
		<result property="plan_id" column="PLAN_ID" />
		<result property="content_id" column="CONTENT_ID" />
		<result property="callrecord_id" column="CALLRECORD_ID" />
		<result property="call_evaluate" column="CALL_EVALUATE" />
		<result property="executor" column="EXECUTOR" />
		<result property="employee" column="EMPLOYEE" />
		<result property="employees" column="EMPLOYEES" />
		<result property="grade" column="GRADE" />
		<result property="advice" column="ADVICE" />
		<result property="task_start" column="TASK_START" />
		<result property="task_end" column="TASK_END" />
		<result property="result" column="RESULT" />
		<result property="voice_start" column="VOICE_START" />
		<result property="voice_end" column="VOICE_END" />
		<result property="orgCaller" column="ORGCALLER" />
		<result property="orgCalled" column="ORGCALLED" />
		<result property="time_long" column="TIME_LONG" />
		<result property="score" column="SCORE" />
			<result property="create_time" column="create_time" />  
			<result property="create_employee" column="create_employee" />
			<result property="create_dept" column="create_dept" jdbcType="INTEGER" javaType="java.lang.Integer" />
			<result property="update_time" column="update_time" />  
			<result property="update_employee" column="update_employee" />
			<result property="update_dept" column="update_dept" jdbcType="INTEGER" javaType="java.lang.Integer" />	
			<result property="enable_flag" column="enable_flag" />  
			<result property="delete_flag" column="delete_flag" />
	</resultMap>
	
	
	
	
	
	<select id="getObjectList"  parameterType="checkSpot" resultMap="checkSpotResult">  
		<![CDATA[ 
		with a as (
		select A.*
		,rownumber() over (ORDER BY A.${orderField} ${orderDirection}) AS  resultNums
		]]>  
		<include refid="suffixwhere" />
		<include refid="suffixPage" />
	</select> 
	<sql id="suffixwhere" >  
		<![CDATA[
		  from    (
		  
		  select e.*,f.employees from  
  		(
		  select c.id,c.evaluate,c.plan_id,c.update_employee,c.task_id,c.remark,c.delete_flag,c.enable_flag,b.VOICE_START,b.VOICE_END,b.content_id,b.ORGCALLER,b.ORGCALLED,b.SCORE,b.grade,b.advice,b.result ,b.EXECUTOR,b.EMPLOYEE
		  from   ( select * from KK_QC_CHECKSPOT  where plan_id=#{plan_id} )    
		  c         left join kk_qc_task b on  c.task_id=b.id    
		  
		   ) e  left join kk_qc_plan f on e.plan_id=f.id
		     
		             )   
		  
		  A WHERE A.DELETE_FLAG='F'
 		]]>	
 		<if test="evaluate!=null and evaluate!=''">
		<![CDATA[
			AND A.EVALUATE = #{evaluate}
		]]>
		</if>	
		
		<if test="orgCalled!=null and orgCalled!=''">
		<![CDATA[
			AND A.ORGCALLED = #{orgCalled}
		]]>
		</if>	
		
		
		<if test="orgCaller!=null and orgCaller!=''">
		<![CDATA[
			AND A.ORGCALLER = #{orgCaller}
		]]>
		</if>	
		
		
		<if test="plan_id!=null and plan_id!=''">
		<![CDATA[
			AND A.PLAN_ID = #{plan_id}
		]]>
		</if>	
		<if test="executor!=null and executor!=''">
		<![CDATA[
			AND A.EXECUTOR = #{executor}
		]]>
		</if>	
		<if test="enable_flag!=null and enable_flag!=''">
			<![CDATA[
			AND A.enable_flag = #{enable_flag}
			]]>
		</if>
	</sql> 
	
	<sql id="suffixPage">
		<![CDATA[
		  )select a.* ,(select max(a.resultNums) from a) as RESULT_COUNT 
		  FROM a where a.resultNums between #{start}+1 and #{end}
		  ]]>
	</sql>
	
	
	<select id="getById" parameterType="java.lang.Integer" resultMap="checkSpotResult">
		<![CDATA[ 
		SELECT * FROM KK_QC_CHECKSPOT WHERE ID=#{id}
		]]> 
	</select>
	
	
	<select id="getPlanByName"  parameterType="checkSpot" resultMap="checkSpotResult">
		<![CDATA[ 
		SELECT * FROM KK_QC_CHECKSPOT WHERE NAME='${name}'
		]]> 
	</select>
		
		
	<update id="update" parameterType="checkSpot">
		<![CDATA[ 
		UPDATE "OPENEAP"."KK_QC_CHECKSPOT" SET 
		 UPDATE_DEPT=#{update_dept}
		,UPDATE_TIME=#{update_time}
		,UPDATE_EMPLOYEE=#{update_employee}
		]]>
		<if test="enable_flag!=null and enable_flag!=''">
			<![CDATA[
			,enable_flag = #{enable_flag}
			]]>
		</if>
		<if test="evaluate!=null and evaluate!=''">
			<![CDATA[
			,evaluate = #{evaluate}
			]]>
		</if>
		<if test="remark!=null and remark!=''">
			<![CDATA[
			,remark = #{remark}
			]]>
		</if>
		
		<![CDATA[
		 where id = #{id}
		]]>
	</update>
	
	
	<delete id="deleteProject" parameterType="checkSpot">
		<![CDATA[
		DELETE FROM "OPENEAP"."KK_QC_CHECKSPOT" WHERE ID IN (${values})
		]]> 
	</delete>
</mapper>
