<?xml version="1.0" encoding="UTF-8"?>
<!DOCTYPE mapper PUBLIC "-//mybatis.org//DTD Mapper 3.0//EN" "http://mybatis.org/dtd/mybatis-3-mapper.dtd">
<mapper namespace="com.konka.job.qualitycontrol.model.ComplainRes">
	<insert id="insert" parameterType="complainRes">
		<selectKey resultType="int" keyProperty="id" order="BEFORE">
			VALUES NEXTVAL FOR OPENEAP.KK_QC_COMPLAINRES_S
		</selectKey>
		<![CDATA[ 
		 INSERT INTO "OPENEAP"."KK_QC_COMPLAINRES" (ID,COMPLAIN_ID,CAUSE,RES_FLAG,
		 CREATE_EMPLOYEE,CREATE_TIME,DELETE_FLAG,ENABLE_FLAG) VALUES 
		 (#{id}, #{complain_id}, #{cause},#{res_flag} , #{create_employee}, #{create_time},'F','F')
		]]>
	</insert>


	<resultMap type="complainRes" id="complainResResult">
		<result property="id" column="id" jdbcType="INTEGER" javaType="java.lang.Integer" />
		<result property="complain_id" column="COMPLAIN_ID" />
		<result property="result" column="RESULT" />
		<result property="remark" column="REMARK" />
		<result property="cause" column="CAUSE" />
		<result property="res_flag" column="RES_FLAG" />
			<result property="create_time" column="create_time" />  
			<result property="create_employee" column="create_employee" />
			<result property="create_dept" column="create_dept" jdbcType="INTEGER" javaType="java.lang.Integer" />
			<result property="update_time" column="update_time" />  
			<result property="update_employee" column="update_employee" />
			<result property="update_dept" column="update_dept" jdbcType="INTEGER" javaType="java.lang.Integer" />	
			<result property="enable_flag" column="enable_flag" />  
			<result property="delete_flag" column="delete_flag" />
	</resultMap>
	
	
	<update id="update" parameterType="complainRes">
		<![CDATA[ 
		UPDATE "OPENEAP"."KK_QC_COMPLAINRES" SET 
		UPDATE_DEPT=#{update_dept}
		,UPDATE_TIME=#{update_time}
		,UPDATE_EMPLOYEE=#{update_employee}
		]]>
		<if test="cause!=null and cause!=''">
		<![CDATA[
			,CAUSE = #{cause}
		]]>
		</if>
		<if test="result!=null and result!=''">
		<![CDATA[
			,RESULT = #{result}
		]]>
		</if>
		<if test="remark!=null and remark!=''">
		<![CDATA[
			,REMARK = #{remark}
		]]>
		</if>
		<if test="enable_flag!=null and enable_flag!=''">
		<![CDATA[
			,ENABLE_FLAG = #{enable_flag}
		]]>
		</if>
		<if test="res_flag!=null and res_flag!=''">
		<![CDATA[
			,RES_FLAG = #{res_flag}
		]]>
		</if>
		
		<![CDATA[
		 where id = #{id}
		]]>
	</update>
	
	
	
	<update id="update2" parameterType="complainRes">
		<![CDATA[ 
		UPDATE "OPENEAP"."KK_QC_COMPLAINRES" SET 
		CREATE_TIME=#{create_time}
		]]>
		<if test="cause!=null and cause!=''">
		<![CDATA[
			,CAUSE = #{cause}
		]]>
		</if>
		<if test="result!=null and result!=''">
		<![CDATA[
			,RESULT = #{result}
		]]>
		</if>
		<if test="remark!=null and remark!=''">
		<![CDATA[
			,REMARK = #{remark}
		]]>
		</if>
		<if test="enable_flag!=null and enable_flag!=''">
		<![CDATA[
			,ENABLE_FLAG = #{enable_flag}
		]]>
		</if>
		<if test="res_flag!=null and res_flag!=''">
		<![CDATA[
			,RES_FLAG = #{res_flag}
		]]>
		</if>
		
		<![CDATA[
		 where complain_id = #{complain_id}
		]]>
	</update>
	
	
	<update id="update3" parameterType="complainRes">
		<![CDATA[ 
		UPDATE "OPENEAP"."KK_QC_COMPLAINRES" SET 
		ENABLE_FLAG='T',REMARK='申诉流程未完成,请重新申诉',RESULT='F',UPDATE_TIME=#{update_time}
		WHERE ID IN(#{values})
		]]>
	</update>
	
	<update id="update4" parameterType="complainRes">
		<![CDATA[ 
		UPDATE "OPENEAP"."KK_QC_COMPLAIN" SET 
		COMPLAIN_STATUS='F',COMPLAIN_RES='T'
		WHERE ID IN(#{values2})
		]]>
	</update>
	
	
	
	
	<select id="getComResAllList" parameterType="complainRes" resultMap="complainResResult">
		<![CDATA[ 
		 SELECT * FROM 
		 OPENEAP.KK_QC_COMPLAINRES  WHERE DELETE_FLAG='F' AND 
		 COMPLAIN_ID in (${values})
		]]> 
	</select>
	
	
	<select id="getAllList" parameterType="complainRes" resultMap="complainResResult">
		<![CDATA[ 
		 SELECT * FROM 
		 OPENEAP.KK_QC_COMPLAINRES A WHERE A.DELETE_FLAG='F' AND 
		 A.COMPLAIN_ID=#{complain_id} 
		]]> 
		
		<if test="enable_flag!=null and enable_flag!=''">
		<![CDATA[
			AND A.ENABLE_FLAG = #{enable_flag}
		]]>
		</if>
	</select>
	
	<select id="getObjectList"  parameterType="complainRes" resultMap="complainResResult">  
		<![CDATA[ 
		with a as (
		select A.*
		,rownumber() over (ORDER BY A.${orderField} ${orderDirection}) AS  resultNums
		]]>  
		<include refid="suffixwhere" />
		<include refid="suffixPage" />
	</select> 
	<sql id="suffixwhere" >  
		<![CDATA[
		  from OPENEAP.KK_QC_COMPLAINRES A WHERE A.DELETE_FLAG='F'
		   AND A.RES_FLAG=#{res_flag} AND A.ENABLE_FLAG='F'
 		]]>	
 		<if test="create_time!=null and create_time!=''">
			<![CDATA[
				AND CREATE_TIME >= #{create_time}
			]]>
		</if> 
		<if test="update_time!=null and update_time!=''">
			<![CDATA[
				AND CREATE_TIME < #{update_time}
			]]>
		</if> 
		
		
	</sql>
	
	
	<sql id="suffixPage">
		<![CDATA[
		  )select a.* ,(select max(a.resultNums) from a) as RESULT_COUNT 
		  FROM a where a.resultNums between #{start}+1 and #{end}
		  ]]>
	</sql>
	
	
	
	
	
	<select id="getById" parameterType="java.lang.Integer" resultMap="complainResResult">
		<![CDATA[ 
		SELECT * FROM KK_QC_COMPLAINRES WHERE ID=#{id}
		]]> 
	</select>
	
	<select id="getContentItemByName"  parameterType="complainRes" resultMap="complainResResult">
		<![CDATA[ 
		SELECT * FROM KK_QC_CONTENTITEM WHERE NAME='${name}' AND CONTENT_ID=${content_id}
		]]> 
	</select>
		
	
	<delete id="deleteProject" parameterType="complainRes">
		<![CDATA[
		DELETE FROM "OPENEAP"."KK_QC_CONTENTITEM" WHERE ID IN (${values})
		]]> 
	</delete>
</mapper>
