<?xml version="1.0" encoding="UTF-8"?>
<!DOCTYPE mapper PUBLIC "-//mybatis.org//DTD Mapper 3.0//EN" "http://mybatis.org/dtd/mybatis-3-mapper.dtd">
<mapper namespace="com.konka.job.qualitycontrol.model.ContentItem">
	<insert id="insert" parameterType="contentItem">
		<selectKey resultType="int" keyProperty="id" order="BEFORE">
			VALUES NEXTVAL FOR OPENEAP.KK_QC_CONTENTITEM_S
		</selectKey>
		<![CDATA[ 
		 INSERT INTO "OPENEAP"."KK_QC_CONTENTITEM" (ID,NAME,CONTENT_ID,SCORE,SORT,CREATE_EMPLOYEE,CREATE_TIME,DELETE_FLAG) VALUES (#{id}, #{name}, #{content_id}, #{score}, #{sort}, #{create_employee}, #{create_time},'F')
		]]>
	</insert>


	<resultMap type="contentItem" id="contentItemResult">
		<result property="id" column="id" jdbcType="INTEGER" javaType="java.lang.Integer" />
		<result property="name" column="Name" />
		<result property="content_id" column="CONTENT_ID" />
		<result property="score" column="SCORE" />
		<result property="sort" column="SORT" />
			<result property="create_time" column="create_time" />  
			<result property="create_employee" column="create_employee" />
			<result property="create_dept" column="create_dept" jdbcType="INTEGER" javaType="java.lang.Integer" />
			<result property="update_time" column="update_time" />  
			<result property="update_employee" column="update_employee" />
			<result property="update_dept" column="update_dept" jdbcType="INTEGER" javaType="java.lang.Integer" />	
			<result property="enable_flag" column="enable_flag" />  
			<result property="delete_flag" column="delete_flag" />
	</resultMap>
	
	
	<select id="getAllList" parameterType="contentItem" resultMap="contentItemResult">
		<![CDATA[ 
		 SELECT * FROM 
		 OPENEAP.KK_QC_CONTENTITEM A WHERE A.DELETE_FLAG='F' AND A.CONTENT_ID=#{content_id} ORDER BY SORT
		]]> 
	</select>
	
	
	
	
	
	<select id="getById" parameterType="java.lang.Integer" resultMap="contentItemResult">
		<![CDATA[ 
		SELECT * FROM KK_QC_CONTENTITEM WHERE ID=#{id}
		]]> 
	</select>
	
	
	<select id="getContentItemByName"  parameterType="contentItem" resultMap="contentItemResult">
		<![CDATA[ 
		SELECT * FROM KK_QC_CONTENTITEM WHERE NAME='${name}' AND CONTENT_ID=${content_id}
		]]> 
	</select>
		
		
	<update id="update" parameterType="contentItem">
		<![CDATA[ 
		UPDATE "OPENEAP"."KK_QC_CONTENTITEM" SET 
		NAME = #{name}
		,SCORE = #{score}
		,SORT = #{sort}
		,UPDATE_DEPT=#{update_dept}
		,UPDATE_TIME=#{update_time}
		,UPDATE_EMPLOYEE=#{update_employee}
		]]>
		<![CDATA[
		 where id = #{id}
		]]>
	</update>
	
	<delete id="deleteProject" parameterType="contentItem">
		<![CDATA[
		DELETE FROM "OPENEAP"."KK_QC_CONTENTITEM" WHERE ID IN (${values})
		]]> 
	</delete>
</mapper>
