<?xml version="1.0" encoding="UTF-8"?>
<!DOCTYPE mapper PUBLIC "-//mybatis.org//DTD Mapper 3.0//EN" "http://mybatis.org/dtd/mybatis-3-mapper.dtd">
<mapper namespace="com.konka.job.qualitycontrol.model.QcContent">
	<insert id="insert" parameterType="qcContent">
		<selectKey resultType="int" keyProperty="id" order="BEFORE">
			VALUES NEXTVAL FOR OPENEAP.KK_QC_CONTENT_S
		</selectKey>
		<![CDATA[ 
		 INSERT INTO "OPENEAP"."KK_QC_CONTENT" (ID,NAME,SCORE,CREATE_EMPLOYEE,CREATE_TIME,DELETE_FLAG) VALUES (#{id}, #{name}, #{score}, #{create_employee}, #{create_time},'F')
		]]>
	</insert>


	<resultMap type="qcContent" id="qcContentResult">
		<result property="id" column="id" jdbcType="INTEGER" javaType="java.lang.Integer" />
		<result property="name" column="NAME" />
		<result property="score" column="SCORE" />
			<result property="create_time" column="create_time" />  
			<result property="create_employee" column="create_employee" />
			<result property="create_dept" column="create_dept" jdbcType="INTEGER" javaType="java.lang.Integer" />
			<result property="update_time" column="update_time" />  
			<result property="update_employee" column="update_employee" />
			<result property="update_dept" column="update_dept" jdbcType="INTEGER" javaType="java.lang.Integer" />	
			<result property="enable_flag" column="enable_flag" />  
			<result property="delete_flag" column="delete_flag" />
	</resultMap>
	
	
	
	<select id="getAllList" parameterType="qcContent" resultMap="qcContentResult">
		<![CDATA[ 
		 SELECT * FROM 
		 OPENEAP.KK_QC_CONTENT  WHERE DELETE_FLAG='F' 
		]]> 
	</select>
	
	
	<select id="getObjectList"  parameterType="qcContent" resultMap="qcContentResult">  
		<![CDATA[ 
		with a as (
		select A.*
		,rownumber() over (ORDER BY A.${orderField} ${orderDirection}) AS  resultNums
		]]>  
		<include refid="suffixwhere" />
		<include refid="suffixPage" />
	</select> 
	<sql id="suffixwhere" >  
		<![CDATA[
		  from OPENEAP.KK_QC_CONTENT A WHERE A.DELETE_FLAG='F'
 		]]>	
		<if test="name!=null and name!=''">
		<![CDATA[
			AND A.NAME LIKE '%'||#{name}||'%'
		]]>
		</if>		
	</sql> 
	
	<sql id="suffixPage">
		<![CDATA[
		  )select a.* ,(select max(a.resultNums) from a) as RESULT_COUNT 
		  FROM a where a.resultNums between #{start}+1 and #{end}
		  ]]>
	</sql>
	
	
	<select id="getById" parameterType="java.lang.Integer" resultMap="qcContentResult">
		<![CDATA[ 
		SELECT * FROM KK_QC_CONTENT WHERE ID=#{id}
		]]> 
	</select>
	
	
	<select id="getContentByName"  parameterType="qcContent" resultMap="qcContentResult">
		<![CDATA[ 
		SELECT * FROM KK_QC_CONTENT WHERE NAME='${name}'
		]]> 
	</select>
		
		
	<update id="update" parameterType="qcContent">
		<![CDATA[ 
		UPDATE "OPENEAP"."KK_QC_CONTENT" SET 
		NAME = #{name}
		,SCORE = #{score}
		,UPDATE_DEPT=#{update_dept}
		,UPDATE_TIME=#{update_time}
		,UPDATE_EMPLOYEE=#{update_employee}
		]]>
		<![CDATA[
		 where id = #{id}
		]]>
	</update>
	
	<delete id="deleteProject" parameterType="qcContent">
		<![CDATA[
		DELETE FROM "OPENEAP"."KK_RES_PROJECT" WHERE ID IN (${values})
		]]> 
	</delete>
</mapper>
