<?xml version="1.0" encoding="UTF-8"?>
<!DOCTYPE mapper PUBLIC "-//mybatis.org//DTD Mapper 3.0//EN" "http://mybatis.org/dtd/mybatis-3-mapper.dtd">
<mapper namespace="com.konka.job.qualitycontrol.model.QcComplain">
	<insert id="insert" parameterType="qcComplain">
		<selectKey resultType="int" keyProperty="id" order="BEFORE">
			VALUES NEXTVAL FOR OPENEAP.KK_QC_COMPLAIN_S
		</selectKey>
		<![CDATA[ 
		 INSERT INTO "OPENEAP"."KK_QC_COMPLAIN" 
		 (ID,TASK_ID,COMPLAIN_FLAG,COMPLAIN_RES,COMPLAIN_STATUS,CREATE_EMPLOYEE,CREATE_TIME,ENABLE_FLAG,DELETE_FLAG,GLEADER) VALUES 
		 (#{id},#{task_id}, 'E', 'F','G',#{create_employee}, #{create_time},'F','F', #{gleader})
		]]>
	</insert>


	<resultMap type="qcComplain" id="qcComplainResult">
		<result property="id" column="id" jdbcType="INTEGER" javaType="java.lang.Integer" />
		<result property="task_id" column="task_id" />
		<result property="complain_flag" column="complain_flag" />
		<result property="complain_res" column="complain_res" />
		<result property="complain_status" column="complain_status" />
		
			<result property="create_time" column="create_time" />  
			<result property="create_employee" column="create_employee" />
			<result property="create_dept" column="create_dept" jdbcType="INTEGER" javaType="java.lang.Integer" />
			<result property="update_time" column="update_time" />  
			<result property="update_employee" column="update_employee" />
			<result property="update_dept" column="update_dept" jdbcType="INTEGER" javaType="java.lang.Integer" />	
			<result property="enable_flag" column="enable_flag" />  
			<result property="delete_flag" column="delete_flag" />
			
			<result property="orgCaller" column="ORGCALLER" />
			<result property="orgCalled" column="ORGCALLED" />
			<result property="content_id" column="CONTENT_ID" />
			<result property="gleader" column="GLEADER" />
			
			<result property="employee_name" column="EMPLOYEE_NAME" />
	</resultMap>
	
	<update id="update" parameterType="qcComplain">
		<![CDATA[ 
		UPDATE "OPENEAP"."KK_QC_COMPLAIN" SET 
		UPDATE_DEPT=#{update_dept}
		,UPDATE_TIME=#{update_time}
		,UPDATE_EMPLOYEE=#{update_employee}
		]]>
		
		
		
		
		<if test="complain_status!=null and complain_status!=''">
		<![CDATA[
			,COMPLAIN_STATUS = #{complain_status}
		]]>
		</if>
		<if test="complain_res!=null and complain_res!=''">
		<![CDATA[
			,COMPLAIN_RES = #{complain_res}
		]]>
		</if>
		<if test="complain_flag!=null and complain_flag!=''">
		<![CDATA[
			,COMPLAIN_FLAG = #{complain_flag}
		]]>
		</if>
		<if test="enable_flag!=null and enable_flag!=''">
		<![CDATA[
			,ENABLE_FLAG = #{enable_flag}
		]]>
		</if>
		
		
		<![CDATA[
		 where id = #{id}
		]]>
	</update>
	
	
	
	<select id="getNewAllList" parameterType="qcComplain" resultMap="qcComplainResult">
		<![CDATA[ 
		 SELECT ID FROM 
		 OPENEAP.KK_QC_COMPLAINRES A WHERE A.DELETE_FLAG='F' AND A.ENABLE_FLAG='T' AND 
		 A.COMPLAIN_ID=#{id} AND A.RESULT='T'
		]]> 
	</select>
	
	
	<select id="getObjectList"  parameterType="qcComplain" resultMap="qcComplainResult">  
		<![CDATA[ 
		with a as (
		select A.*
		,rownumber() over (ORDER BY A.${orderField} ${orderDirection}) AS  resultNums
		]]>  
		<include refid="suffixwhere" />
		<include refid="suffixPage" />
	</select> 
	<sql id="suffixwhere" >  
		<![CDATA[
		  from (
		  select a.*,b.ORGCALLER,b.ORGCALLED,b.content_id,b.employee_name from kk_qc_complain 
		  a  left join kk_qc_task b on a.task_id  =  b.id
		  ) A WHERE A.DELETE_FLAG='F'
 		]]>	
 		<if test="orgCaller!=null and orgCaller!=''">
		<![CDATA[
			AND A.ORGCALLER = #{orgCaller}
		]]>
		</if>
		<if test="orgCalled!=null and orgCalled!=''">
		<![CDATA[
			AND A.ORGCALLED = #{orgCalled}
		]]>
		</if>	
		<if test="create_employee!=null and create_employee!=''">
		<![CDATA[
			AND A.CREATE_EMPLOYEE = #{create_employee}
		]]>
		</if>
		<if test="complain_status!=null and complain_status!=''">
		<![CDATA[
			AND A.complain_status = #{complain_status}
		]]>
		</if>
		<if test="complain_flag!=null and complain_flag!=''">
		<![CDATA[
			AND A.complain_flag = #{complain_flag}
		]]>
		</if>
		
		
		<if test="start_time!=null and start_time!=''">
		<![CDATA[
			AND A.CREATE_TIME >= #{start_time}
		]]>
		</if>	
		<if test="end_time!=null and end_time!=''">
		<![CDATA[
			AND A.CREATE_TIME <= #{end_time}
		]]>
		</if>		
		<if test="gleader!=null and gleader!=''">
		<![CDATA[
			AND
			A.GLEADER = #{gleader}
		]]>
		</if>
		
	</sql> 
	
	<sql id="suffixPage">
		<![CDATA[
		  )select a.* ,(select max(a.resultNums) from a) as RESULT_COUNT 
		  FROM a where a.resultNums between #{start}+1 and #{end}
		  ]]>
	</sql>
	
	
	<select id="getById" parameterType="java.lang.Integer" resultMap="qcComplainResult">
		<![CDATA[ 
		SELECT * FROM KK_QC_COMPLAIN  WHERE DELETE_FLAG='F' AND ID = #{id}
		]]> 
		
	</select>
	
	<select id="getById2" parameterType="java.lang.Integer" resultMap="qcComplainResult">
		<![CDATA[ 
		SELECT * FROM KK_QC_COMPLAIN  WHERE DELETE_FLAG='F' AND TASK_ID = #{id}
		]]> 
	</select>
	
	
	<select id="getContentByName"  parameterType="qcComplain" resultMap="qcComplainResult">
		<![CDATA[ 
		SELECT * FROM KK_QC_CONTENT WHERE NAME='${name}'
		]]> 
	</select>
	
	<delete id="deleteProject" parameterType="qcComplain">
		<![CDATA[
		DELETE FROM "OPENEAP"."KK_RES_PROJECT" WHERE ID IN (${values})
		]]> 
	</delete>
</mapper>
