<?xml version="1.0" encoding="UTF-8"?>
<!DOCTYPE mapper PUBLIC "-//mybatis.org//DTD Mapper 3.0//EN" "http://mybatis.org/dtd/mybatis-3-mapper.dtd">
<mapper namespace="com.konka.job.qualitycontrol.model.QcEmployee">
	
	
	
	<insert id="insertBatch" parameterType="java.util.List">  
		<![CDATA[ 
		 INSERT INTO "OPENEAP"."KK_QC_EMPLOYEE"
		 (
		 PLAN_ID,EMPLOYEE,EMPLOYEE_NAME,QUALITY_TIMES,REAL_TIMES,T_FLAG,
		 CREATE_EMPLOYEE,CREATE_DEPT,CREATE_TIME,DELETE_FLAG,ENABLE_FLAG
		 ) 
		 VALUES 
		]]>  
		<foreach collection="list" item="item" index="index" separator=",">  
			<![CDATA[ 
		(
		  #{item.plan_id},#{item.employee},#{item.employee_name}
		  ,#{item.quality_times} ,#{item.real_times},'F'
		  ,#{item.create_employee},#{item.create_dept}, #{item.create_time},'F','F'
		 )
			]]>  
		</foreach>  
	</insert>  
	
	
	
	
	
	
	<select id="getAllList" parameterType="qcEmployee" resultMap="qcEmployeeResult">
		<![CDATA[ 
		 SELECT * from  KK_QC_EMPLOYEE where PLAN_ID=#{plan_id}
		]]> 
	</select>
	
	
	
	

	<resultMap type="qcEmployee" id="qcEmployeeResult">
		<result property="id" column="id" jdbcType="INTEGER" javaType="java.lang.Integer" />
		<result property="plan_id" column="PLAN_ID" />
		<result property="quality_times" column="QUALITY_TIMES" />
		<result property="real_times" column="REAL_TIMES" />
		<result property="employees" column="EMPLOYEES" />
		<result property="employees_name" column="EMPLOYEES_NAME" />
		<result property="t_flag" column="T_FLAG" />
		
		
			<result property="create_time" column="create_time" />  
			<result property="create_employee" column="create_employee" />
			<result property="create_dept" column="create_dept" jdbcType="INTEGER" javaType="java.lang.Integer" />
			<result property="update_time" column="update_time" />  
			<result property="update_employee" column="update_employee" />
			<result property="update_dept" column="update_dept" jdbcType="INTEGER" javaType="java.lang.Integer" />	
			<result property="enable_flag" column="enable_flag" />  
			<result property="delete_flag" column="delete_flag" />
			
	</resultMap>
	
	
	
	
	
	
	
	
	<select id="getById" parameterType="java.lang.Integer" resultMap="qcEmployeeResult">
		<![CDATA[ 
		SELECT * FROM KK_QC_EMPLOYEE WHERE ID=#{id}
		]]> 
	</select>
	
	
		
		
	<update id="update" parameterType="qcEmployee">
		<![CDATA[ 
		UPDATE "OPENEAP"."KK_QC_EMPLOYEE" SET 
		 UPDATE_DEPT=#{update_dept}
		,UPDATE_TIME=#{update_time}
		,UPDATE_EMPLOYEE=#{update_employee}
		]]>
		<if test="enable_flag!=null and enable_flag!=''">
			<![CDATA[
			,enable_flag = #{enable_flag}
			]]>
		</if>
		<if test="real_times!=null and real_times!=''">
			<![CDATA[
			,real_times = #{real_times}
			]]>
		</if>
		<![CDATA[
		 where id = #{id}
		]]>
	</update>
	
	
	<update id="updateEmployee" parameterType="qcEmployee">
		<![CDATA[ 
		UPDATE "OPENEAP"."KK_QC_EMPLOYEE" SET 
		 UPDATE_DEPT=#{update_dept}
		,UPDATE_TIME=#{update_time}
		,UPDATE_EMPLOYEE=#{update_employee}
		]]>
		<if test="t_flag!=null and t_flag!=''">
			<![CDATA[
			,t_flag = #{t_flag}
			]]>
		</if>
		<![CDATA[
		 where PLAN_ID = #{plan_id} AND EMPLOYEE = #{employee}
		]]>
	</update>
	
	
	
	<delete id="delete" parameterType="java.lang.Integer">
		<![CDATA[
		DELETE FROM "OPENEAP"."KK_QC_EMPLOYEE" WHERE PLAN_ID=#{id}
		]]> 
	</delete>
</mapper>
