<?xml version="1.0" encoding="UTF-8"?>
<!DOCTYPE mapper PUBLIC "-//mybatis.org//DTD Mapper 3.0//EN" "http://mybatis.org/dtd/mybatis-3-mapper.dtd">
<mapper namespace="com.konka.job.qualitycontrol.model.QcPlan">
	<insert id="insert" parameterType="qcPlan">
		<selectKey resultType="int" keyProperty="id" order="BEFORE">
			VALUES NEXTVAL FOR OPENEAP.KK_QC_PLAN_S
		</selectKey>
		<![CDATA[ 
		 INSERT INTO "OPENEAP"."KK_QC_PLAN" (ID,TYPE,MODE,CONTENT_ID,CONTENT_NAME,QUALITY_TIMES,NAME,EXECUTOR,EMPLOYEES,EXECUTOR_IDS,EMPLOYEES_IDS,CALL_START,CALL_END,PLAN_START,PLAN_END,CREATE_EMPLOYEE,CREATE_DEPT,CREATE_TIME,DELETE_FLAG,ENABLE_FLAG) VALUES (#{id},#{type},#{mode},#{content_id},#{content_name} ,#{quality_times} ,#{name},#{executor} ,#{employees},#{executor_ids} ,#{employees_ids} ,#{call_start} ,#{call_end} ,#{plan_start} ,#{plan_end} , #{create_employee}, #{create_dept}, #{create_time},'F','F')
		]]>
	</insert>
	
	
	
	<insert id="insertCheckspot" parameterType="qcPlan">
		<selectKey resultType="int" keyProperty="id" order="BEFORE">
			VALUES NEXTVAL FOR OPENEAP.KK_QC_PLAN_S
		</selectKey>
		<![CDATA[ 
		 INSERT INTO "OPENEAP"."KK_QC_PLAN" (ID,QUALITY_TIMES,NAME,EMPLOYEES,EMPLOYEES_IDS,PLAN_START,PLAN_END,CREATE_EMPLOYEE,CREATE_TIME,DELETE_FLAG,ENABLE_FLAG) VALUES (#{id} ,#{quality_times} ,#{name},#{employees},#{employees_ids},#{plan_start} ,#{plan_end} , #{create_employee}, #{create_time},'G','F')
		]]>
	</insert>
	
	
	
	<select id="getRecordVoiceList" parameterType="qcPlan" resultMap="qcPlanResult">
		<![CDATA[ 
		 SELECT RID   FROM 
		 "OPENEAP"."SYS_CALLRECORD"  WHERE  AGENT_NO='${values}' AND CALL_TIME>'${call_start}'
		 AND ENDTIME<'${call_end}' AND TIME_LONG>10 AND TIME_LONG<600 AND CAUSE='${type}' AND CALLED<>ORGCALLER
		 AND RID not in (SELECT CALLRECORD_ID FROM KK_QC_TASK WHERE  AGENT_NO='${values}' AND CALL_TIME>'${call_start}'
		 AND ENDTIME<'${call_end}' AND TIME_LONG>10 AND CAUSE='${type}')
		 AND RECORDID  in 
		 ( 
		 select RECORDID  from (select  *  from     "OPENEAP"."SYS_CALLRECORD" WHERE  AGENT_NO='${values}' AND CALL_TIME>'${call_start}'
		 AND ENDTIME<'${call_end}' AND TIME_LONG>10 AND TIME_LONG<600 AND CAUSE='${type}' AND CALLED<>ORGCALLER
		 )  group by RECORDID  having count(*) = 1
		 )
		]]> 
	</select>
	
	
	<select id="getRecordVoiceList2" parameterType="qcPlan" resultMap="qcPlanResult">
		<![CDATA[ 
		SELECT C.* FROM (select B.* from T_KA_COMPLAINT A left join "OPENEAP"."SYS_CALLRECORD" B on A.RECORDID=B.RID) C 
		
		  WHERE  C.AGENT_NO='${values}' AND C.CALL_TIME>'${call_start}'
		 AND C.ENDTIME<'${call_end}' AND C.TIME_LONG>200  AND C.CAUSE='${type}' AND C.CALLED<>C.ORGCALLER
		 AND C.RID not in (SELECT CALLRECORD_ID FROM KK_QC_TASK WHERE  AGENT_NO='${values}' AND CALL_TIME>'${call_start}'
		 AND ENDTIME<'${call_end}'  AND CAUSE='${type}')
		]]> 
	</select>
	
	
	<select id="getRecordVoiceList3" parameterType="qcPlan" resultMap="qcPlanResult">
		<![CDATA[ 
		SELECT C.* FROM (select A.*,B.SATISFACTION from (
		select * from "OPENEAP"."SYS_CALLRECORD" where AGENT_NO='${values}' AND CALL_TIME>'${call_start}'
		 AND ENDTIME<'${call_end}' AND TIME_LONG>200  AND CAUSE='${type}' AND CALLED<>ORGCALLER    AND RID not in 
		 (SELECT CALLRECORD_ID FROM KK_QC_TASK WHERE  AGENT_NO='${values}' AND CALL_TIME>'${call_start}'
		 AND ENDTIME<'${call_end}'  AND CAUSE='${type}')) A left join "OPENEAP"."SATISFACTION" B on B.EDUID=A.RECORDID) C 
		  WHERE   SATISFACTION='5'
		]]> 
	</select>
	
	
	<select id="getRecordVoiceList4" parameterType="qcPlan" resultMap="qcPlanResult">
		<![CDATA[ 
		SELECT C.* FROM (select A.*,B.SATISFACTION from (
		select * from "OPENEAP"."SYS_CALLRECORD" where AGENT_NO='${values}' AND CALL_TIME>'${call_start}'
		 AND ENDTIME<'${call_end}' AND TIME_LONG>100  AND CAUSE='${type}' AND CALLED<>ORGCALLER    AND RID not in 
		 (SELECT CALLRECORD_ID FROM KK_QC_TASK WHERE  AGENT_NO='${values}' AND CALL_TIME>'${call_start}'
		 AND ENDTIME<'${call_end}'  AND CAUSE='${type}')) A left join "OPENEAP"."SATISFACTION" B on B.EDUID=A.RECORDID) C 
		  WHERE   SATISFACTION='4'
		]]> 
	</select>
	
	
	
	
	
	
	<select id="getCheckSpotListId" parameterType="qcPlan" resultMap="qcPlanResult">
		<![CDATA[ 
		 SELECT ID  FROM 
		 "OPENEAP"."KK_QC_TASK"  WHERE  EXECUTOR='${executor}' AND UPDATE_TIME>'${plan_start}'
		 AND UPDATE_TIME<'${plan_end}' AND ENABLE_FLAG='T' 
		]]> 
	</select>
	

	<resultMap type="qcPlan" id="qcPlanResult">
		<result property="id" column="id" jdbcType="INTEGER" javaType="java.lang.Integer" />
		<result property="content_id" column="CONTENT_ID" />
		<result property="content_name" column="CONTENT_NAME" />
		<result property="quality_times" column="QUALITY_TIMES" />
		<result property="name" column="Name" />
		<result property="type" column="TYPE" />
		<result property="mode" column="MODE" />
		
		<result property="executor" column="EXECUTOR" />
		<result property="employees" column="EMPLOYEES" />
		<result property="executor_ids" column="EXECUTOR_IDS" />
		<result property="employees_ids" column="EMPLOYEES_IDS" />
		<result property="call_start" column="CALL_START" />
		<result property="call_end" column="CALL_END" />
		<result property="plan_start" column="PLAN_START" />
		<result property="plan_end" column="PLAN_END" />
		
		
			<result property="create_time" column="create_time" />  
			<result property="create_employee" column="create_employee" />
			<result property="create_dept" column="create_dept" jdbcType="INTEGER" javaType="java.lang.Integer" />
			<result property="update_time" column="update_time" />  
			<result property="update_employee" column="update_employee" />
			<result property="update_dept" column="update_dept" jdbcType="INTEGER" javaType="java.lang.Integer" />	
			<result property="enable_flag" column="enable_flag" />  
			<result property="delete_flag" column="delete_flag" />
			
					<result property="rid" column="RID" />
	</resultMap>
	
	<select id="getObjectList"  parameterType="qcPlan" resultMap="qcPlanResult">  
		<![CDATA[ 
		with a as (
		select A.*
		,rownumber() over (ORDER BY A.${orderField} ${orderDirection}) AS  resultNums
		]]>  
		<include refid="suffixwhere" />
		<include refid="suffixPage" />
	</select> 
	<sql id="suffixwhere" >  
		<![CDATA[
		  from OPENEAP.KK_QC_PLAN A WHERE A.DELETE_FLAG='F'
 		]]>	
		<if test="name!=null and name!=''">
		<![CDATA[
			AND A.NAME LIKE '%'||#{name}||'%'
		]]>
		</if>	
		<if test="executor!=null and executor!=''">
		<![CDATA[
			AND A.EXECUTOR = #{executor}
		]]>
		</if>	
		<if test="enable_flag!=null and enable_flag!=''">
		<![CDATA[
			AND A.ENABLE_FLAG = #{enable_flag}
		]]>
		</if>	
		<if test="plan_start!=null and plan_start!=''">
		<![CDATA[
			
			AND A.PLAN_END >= #{plan_start}
		]]>
		</if>
	</sql> 
	
	<sql id="suffixPage">
		<![CDATA[
		  )select a.* ,(select max(a.resultNums) from a) as RESULT_COUNT 
		  FROM a where a.resultNums between #{start}+1 and #{end}
		  ]]>
	</sql>
	
	
	
	<sql id="suffixwhere1" >  
		<![CDATA[
		  from OPENEAP.KK_QC_PLAN A WHERE A.DELETE_FLAG='G'
 		]]>	
		<if test="name!=null and name!=''">
		<![CDATA[
			AND A.NAME LIKE '%'||#{name}||'%'
		]]>
		</if>	
		<if test="executor!=null and executor!=''">
		<![CDATA[
			AND A.EXECUTOR = #{executor}
		]]>
		</if>	
		<if test="employees!=null and employees!=''">
		<![CDATA[
			AND A.EMPLOYEES LIKE '%'||#{employees}||'%' 
		]]>
		</if>
		
		<if test="enable_flag!=null and enable_flag!=''">
		<![CDATA[
			AND A.ENABLE_FLAG = #{enable_flag}
		]]>
		</if>	
		<if test="plan_start!=null and plan_start!=''">
		<![CDATA[
			AND A.PLAN_START <= #{plan_start}
			AND A.PLAN_END >= #{plan_start}
		]]>
		</if>
	</sql> 
	
	
	<select id="getCheckspotList"  parameterType="qcPlan" resultMap="qcPlanResult">  
		<![CDATA[ 
		with a as (
		select A.*
		,rownumber() over (ORDER BY A.${orderField} ${orderDirection}) AS  resultNums
		]]>  
		<include refid="suffixwhere1" />
		<include refid="suffixPage" />
	</select> 
	
	
	
	
	<select id="getById" parameterType="java.lang.Integer" resultMap="qcPlanResult">
		<![CDATA[ 
		SELECT * FROM KK_QC_PLAN WHERE ID=#{id}
		]]> 
	</select>
	
	
	<select id="getPlanByName"  parameterType="qcPlan" resultMap="qcPlanResult">
		<![CDATA[ 
		SELECT * FROM KK_QC_PLAN WHERE NAME='${name}' AND DELETE_FLAG='F' 
		]]> 
	</select>
	
	
	<select id="getCheckspotByName"  parameterType="qcPlan" resultMap="qcPlanResult">
		<![CDATA[ 
		SELECT * FROM KK_QC_PLAN WHERE NAME='${name}' AND DELETE_FLAG='G'
		]]> 
	</select>
		
		
	<update id="update" parameterType="qcPlan">
		<![CDATA[ 
		UPDATE "OPENEAP"."KK_QC_PLAN" SET 
		 UPDATE_DEPT=#{update_dept}
		,UPDATE_TIME=#{update_time}
		,UPDATE_EMPLOYEE=#{update_employee}
		]]>
		<if test="enable_flag!=null and enable_flag!=''">
			<![CDATA[
			,enable_flag = #{enable_flag}
			]]>
		</if>
		<if test="name!=null and name!=''">
			<![CDATA[
			,name = #{name}
			]]>
		</if>
		<if test="type!=null and type!=''">
			<![CDATA[
			,TYPE = #{type}
			]]>
		</if>
		
		<if test="mode!=null and mode!=''">
			<![CDATA[
			,MODE = #{mode}
			]]>
		</if>
		
		<if test="executor!=null and executor!=''">
			<![CDATA[
			,executor = #{executor}
			]]>
		</if>
		<if test="executor_ids!=null and executor_ids!=''">
			<![CDATA[
			,executor_ids = #{executor_ids}
			]]>
		</if>
		<if test="quality_times!=null and quality_times!=''">
			<![CDATA[
			,quality_times = #{quality_times}
			]]>
		</if>
		<if test="content_id!=null and content_id!=''">
			<![CDATA[
			,content_id = #{content_id}
			]]>
		</if>
		<if test="content_name!=null and content_name!=''">
			<![CDATA[
			,content_name = #{content_name}
			]]>
		</if>
		<if test="employees!=null and employees!=''">
			<![CDATA[
			,employees = #{employees}
			]]>
		</if>
		<if test="employees_ids!=null and employees_ids!=''">
			<![CDATA[
			,employees_ids = #{employees_ids}
			]]>
		</if>
		<if test="call_start!=null and call_start!=''">
			<![CDATA[
			,call_start = #{call_start}
			]]>
		</if>
		<if test="call_end!=null  and call_end!=''">
			<![CDATA[
			,call_end = #{call_end}
			]]>
		</if>
		<if test="plan_start!=null and plan_start!=''">
			<![CDATA[
			,plan_start = #{plan_start}
			]]>
		</if>
		<if test="plan_end!=null and plan_end!=''">
			<![CDATA[
			,plan_end = #{plan_end}
			]]>
		</if>
		
		<![CDATA[
		 where id = #{id}
		]]>
	</update>
	
	
	<delete id="deleteProject" parameterType="qcPlan">
		<![CDATA[
		DELETE FROM "OPENEAP"."KK_QC_PLAN" WHERE ID IN (${values})
		]]> 
	</delete>
</mapper>
