<?xml version="1.0" encoding="UTF-8"?>
<!DOCTYPE mapper PUBLIC "-//mybatis.org//DTD Mapper 3.0//EN" "http://mybatis.org/dtd/mybatis-3-mapper.dtd">
<mapper namespace="com.konka.job.qualitycontrol.model.QcTask">

	<insert id="insert" parameterType="qcTask">
		<![CDATA[ 
		 INSERT INTO "OPENEAP"."KK_QC_TASK" (
			CONTENT_ID,PLAN_ID,CALLRECORD_ID,EXECUTOR,EMPLOYEE,EMPLOYEE_NAME,VOICE_START,VOICE_END,ORGCALLER,ORGCALLED,TIME_LONG,
		 CREATE_EMPLOYEE,CREATE_TIME,CREATE_DEPT,DELETE_FLAG,ENABLE_FLAG,UPDATE_DEPT,UPDATE_TIME,UPDATE_EMPLOYEE,SCORE,advice,grade,call_evaluate,result
		) VALUES (
		#{content_id}, #{plan_id},#{callrecord_id},#{executor},#{employee},#{employee_name}
		 ,#{voice_start},#{voice_end}
		 ,#{orgCaller} ,#{orgCalled} ,#{time_long}, #{create_employee}, #{create_time}, #{create_dept},'F','T',#{update_dept},#{update_time},#{update_employee},#{score},#{advice},#{grade},#{call_evaluate},#{result}
		)
		
		]]>
	</insert>
	
	
	<select id="getAllList" parameterType="qcTask" resultMap="qcTaskResult">
		<![CDATA[ 
		 SELECT * FROM 
		 OPENEAP.KK_QC_TASK A WHERE A.DELETE_FLAG='F' AND A.PLAN_ID=#{plan_id}  AND A.ENABLE_FLAG=#{enable_flag}
		]]> 
	</select>
	
	
	<insert id="insertBatch" parameterType="java.util.List">  
		<![CDATA[ 
		 INSERT INTO "OPENEAP"."KK_QC_TASK"
		 (
		 CONTENT_ID,PLAN_ID,CALLRECORD_ID,EXECUTOR,EMPLOYEE,EMPLOYEE_NAME,TASK_START,
		 TASK_END,VOICE_START,VOICE_END,ORGCALLER,ORGCALLED,TIME_LONG,
		 CREATE_EMPLOYEE,CREATE_TIME,DELETE_FLAG,ENABLE_FLAG
		 ) 
		 VALUES 
		]]>  
		<foreach collection="list" item="item" index="index" separator=",">  
			<![CDATA[ 
		(
		 #{item.content_id}, #{item.plan_id},#{item.callrecord_id},#{item.executor},#{item.employee},#{item.employee_name}
		 ,#{item.task_start} ,#{item.task_end},#{item.voice_start},#{item.voice_end}
		 ,#{item.orgCaller} ,#{item.orgCalled} ,#{item.time_long}, #{item.create_employee}, #{item.create_time},'F','F'
		 )
			]]>  
		</foreach>  
	</insert>  
	
	
	
	<select id="getRecordVoiceListByRid" parameterType="qcTask" resultMap="qcTaskResult">
		<![CDATA[ 
		 SELECT RID as CALLRECORD_ID,ORGCALLER,ORGCALLED,CALL_TIME AS VOICE_START,
		 ENDTIME AS VOICE_END,TIME_LONG,AGENT_NO AS employee,AGENT_NAME AS employee_name
		 FROM "OPENEAP"."SYS_CALLRECORD"  WHERE  rid in (${values})
		]]> 
	</select>

	<resultMap type="qcTask" id="qcTaskResult">
		<result property="id" column="id" jdbcType="INTEGER" javaType="java.lang.Integer" />
		<result property="plan_id" column="PLAN_ID" />
		<result property="content_id" column="CONTENT_ID" />
		<result property="callrecord_id" column="CALLRECORD_ID" />
		<result property="call_evaluate" column="CALL_EVALUATE" />
		<result property="executor" column="EXECUTOR" />
		<result property="employee" column="EMPLOYEE" />
		
		<result property="employee_name" column="EMPLOYEE_NAME" />
		<result property="grade" column="GRADE" />
		<result property="advice" column="ADVICE" />
		<result property="task_start" column="TASK_START" />
		<result property="task_end" column="TASK_END" />
		<result property="result" column="RESULT" />
		<result property="voice_start" column="VOICE_START" />
		<result property="voice_end" column="VOICE_END" />
		<result property="orgCaller" column="ORGCALLER" />
		<result property="orgCalled" column="ORGCALLED" />
		<result property="time_long" column="TIME_LONG" />
		<result property="score" column="SCORE" />
			<result property="create_time" column="create_time" />  
			<result property="create_employee" column="create_employee" />
			<result property="create_dept" column="create_dept" jdbcType="INTEGER" javaType="java.lang.Integer" />
			<result property="update_time" column="update_time" />  
			<result property="update_employee" column="update_employee" />
			<result property="update_dept" column="update_dept" jdbcType="INTEGER" javaType="java.lang.Integer" />	
			<result property="enable_flag" column="enable_flag" />  
			<result property="delete_flag" column="delete_flag" />
			
			<result property="qc_status" column="qc_status" />
			<result property="shenhe_time" column="shenhe_time" />  
			
			
			<result property="recordid" column="RECORDID" />
			<result property="satisfaction" column="SATISFACTION" />
	</resultMap>
	
	
	
	
	<select id="getAvgRecordList"  parameterType="qcTask" resultMap="qcTaskResult">  
		<![CDATA[ 
		with a as (
		select A.*
		,rownumber() over (ORDER BY A.id desc) AS  resultNums
		]]>  
		<include refid="AvgRecordList" />
		<include refid="suffixPage" />
	</select> 
		<sql id="AvgRecordList" >  
		<![CDATA[
		  from (           
		  	
		  		select count(*) as id,EMPLOYEE_NAME,avg(score) as score from  (
		  		
		 ]]>	 	
		 
		 	<![CDATA[
		 		
		 	   SELECT * FROM kk_qc_task 
		  	 ]]>	 		
		  	  <![CDATA[			
			 WHERE 1=1 AND ENABLE_FLAG='T'
 			]]>	
 			<if test="employee!=null and employee!=''">
			<![CDATA[
				AND employee = #{employee}
			]]>
			</if>	
 			<if test="orgCalled!=null and orgCalled!=''">
			<![CDATA[
				AND ORGCALLED = #{orgCalled}
			]]>
			</if>
			
			<if test="orgCaller!=null and orgCaller!=''">
			<![CDATA[
				AND ORGCALLER = #{orgCaller}
			]]>
			</if>	
			<if test="voice_start!=null and voice_start!=''">
			<![CDATA[
				AND VOICE_START >= #{voice_start}
			]]>
			</if>	
			<if test="voice_end!=null and voice_end!=''">
			<![CDATA[
				AND VOICE_END <= #{voice_end}
			]]>
			</if>
			<if test="content_id!=null and content_id!=''">
				<![CDATA[
					AND CONTENT_ID = #{content_id}
				]]>
			</if>	
			
			
			<if test="update_start!=null and update_start!=''">
			<![CDATA[
				AND UPDATE_TIME >= #{update_start}
			]]>
			</if>	
			<if test="update_end!=null and update_end!=''">
			<![CDATA[
				AND UPDATE_TIME <= #{update_end}
			]]>
			</if>
			
			
			
			
			<if test="time_start!=null and time_start!=''">
			<![CDATA[
				AND time_long >= #{time_start}
			]]>
			</if>	
			<if test="time_end!=null and time_end!=''">
			<![CDATA[
				AND time_long <= #{time_end}
			]]>
			</if>	
		  	<![CDATA[
		 		) GROUP BY  EMPLOYEE_NAME ) A
		 	    
		  	 ]]>	 	
		
	</sql> 
	
	
	<select id="getAllRecordListzhuanjie"  parameterType="qcTask" resultMap="qcTaskResult">  
		<![CDATA[ 
		with a as (
		select A.*
		,rownumber() over (ORDER BY A.VOICE_START desc) AS  resultNums
		]]>  
		<include refid="AllRecordListzhuanjie" />
		<include refid="suffixPage" />
	</select> 
	<sql id="AllRecordListzhuanjie" >  
		<![CDATA[
		  from (           
		  		select e.*,f.complain_status as qc_status from
			(
			select  b.*,c.result,c.ID,c.CONTENT_ID,c.PLAN_ID,c.SCORE,c.create_dept,c.UPDATE_TIME AS shenhe_time,c.ADVICE,c.grade,c.CALL_EVALUATE,c.EMPLOYEE_NAME  from
			(
 			select "RID" as CALLRECORD_ID, "ORGCALLER", 
    		"ORGCALLED", "CALL_TIME" as VOICE_START,AGENT_NO AS EMPLOYEE, "ENDTIME" as VOICE_END,TIME_LONG,CAUSE from "OPENEAP"."SYS_CALLRECORD" where RECORDID in 
 			(select RECORDID  from (select  *  from     "OPENEAP"."SYS_CALLRECORD" 
 			WHERE 1=1
 			]]>	
 			<if test="employee!=null and employee!=''">
			<![CDATA[
				AND AGENT_NO = #{employee}
			]]>
			</if>	
 			<if test="orgCalled!=null and orgCalled!=''">
			<![CDATA[
				AND ORGCALLED = #{orgCalled}
			]]>
			</if>
			
			<if test="orgCaller!=null and orgCaller!=''">
			<![CDATA[
				AND ORGCALLER = #{orgCaller}
			]]>
			</if>	
			<if test="voice_start!=null and voice_start!=''">
			<![CDATA[
				AND CALL_TIME >= #{voice_start}
			]]>
			</if>	
			<if test="voice_end!=null and voice_end!=''">
			<![CDATA[
				AND ENDTIME <= #{voice_end}
			]]>
			</if>
			<if test="type!=null and type!=''">
			<![CDATA[
				AND CAUSE = #{type}
			]]>
			</if>
			<if test="time_start!=null and time_start!=''">
			<![CDATA[
				AND time_long >= #{time_start}
			]]>
			</if>	
			<if test="time_end!=null and time_end!=''">
			<![CDATA[
				AND time_long <= #{time_end}
			]]>
			</if>
 			<![CDATA[
 			)    group by RECORDID  having count(*) > 1  )  
			) b left join kk_qc_task  c on  b.CALLRECORD_ID = c.CALLRECORD_ID
			) e left join kk_qc_complain f on e.id=f.task_id 
		  ) A WHERE 1=1
 		]]>	

		<if test="qc_status!=null and qc_status!=''">
		<![CDATA[
			AND A.QC_STATUS = #{qc_status}
		]]>
		</if>
		<if test="content_id!=null and content_id!=''">
		<![CDATA[
			AND A.CONTENT_ID = #{content_id}
		]]>
		</if>
		<if test="is_flag=='T'.toString()">
		<![CDATA[
			AND A.RESULT IS NOT NULL
		]]>
		</if>
		<if test="is_flag=='F'.toString()">
		<![CDATA[
			AND A.RESULT IS  NULL
		]]>
		</if>
	</sql> 
	
	
	
	
	
	
	
	<select id="getAllRecordList"  parameterType="qcTask" resultMap="qcTaskResult">  
		<![CDATA[ 
		with a as (
		select A.*
		,rownumber() over (ORDER BY A.VOICE_START desc) AS  resultNums
		]]>  
		<include refid="AllRecordList" />
		<include refid="suffixPage" />
	</select> 
	<sql id="AllRecordList" >  
		<![CDATA[
		  from (           
		  	
		  		select e.*,f.complain_status as qc_status from
			(
			select  b.*,c.result,c.ID,c.CONTENT_ID,c.PLAN_ID,c.SCORE,c.create_dept,c.UPDATE_TIME AS shenhe_time,c.ADVICE,c.grade,c.CALL_EVALUATE,c.EMPLOYEE_NAME  from
			(
			select "RID" as CALLRECORD_ID, "ORGCALLER", 
    		"ORGCALLED", "CALL_TIME" as VOICE_START,AGENT_NO AS EMPLOYEE, "ENDTIME" as VOICE_END,TIME_LONG,CAUSE
 			from "OPENEAP"."SYS_CALLRECORD" WHERE 1=1
 			]]>	
 			<if test="employee!=null and employee!=''">
			<![CDATA[
				AND AGENT_NO = #{employee}
			]]>
			</if>	
 			<if test="orgCalled!=null and orgCalled!=''">
			<![CDATA[
				AND ORGCALLED = #{orgCalled}
			]]>
			</if>
			
			<if test="orgCaller!=null and orgCaller!=''">
			<![CDATA[
				AND ORGCALLER = #{orgCaller}
			]]>
			</if>	
			<if test="voice_start!=null and voice_start!=''">
			<![CDATA[
				AND CALL_TIME >= #{voice_start}
			]]>
			</if>	
			<if test="voice_end!=null and voice_end!=''">
			<![CDATA[
				AND ENDTIME <= #{voice_end}
			]]>
			</if>
			<if test="type!=null and type!=''">
			<![CDATA[
				AND CAUSE = #{type}
			]]>
			</if>
			<if test="time_start!=null and time_start!=''">
			<![CDATA[
				AND time_long >= #{time_start}
			]]>
			</if>	
			<if test="time_end!=null and time_end!=''">
			<![CDATA[
				AND time_long <= #{time_end}
			]]>
			</if>
 			<![CDATA[
 			
			) b left join kk_qc_task  c on  b.CALLRECORD_ID = c.CALLRECORD_ID
			) e left join kk_qc_complain f on e.id=f.task_id 
		  ) A WHERE 1=1
 		]]>	

		<if test="qc_status!=null and qc_status!=''">
		<![CDATA[
			AND A.QC_STATUS = #{qc_status}
		]]>
		</if>

		
		<if test="content_id!=null and content_id!=''">
		<![CDATA[
			AND A.CONTENT_ID = #{content_id}
		]]>
		</if>
					
		
		<if test="is_flag=='T'.toString()">
		<![CDATA[
			AND A.RESULT IS NOT NULL
		]]>
		</if>
		
		<if test="is_flag=='F'.toString()">
		<![CDATA[
			AND A.RESULT IS  NULL
		]]>
		</if>
		
			
	</sql> 
	
	
	<select id="getObjectList2"  parameterType="qcTask" resultMap="qcTaskResult">  
		<![CDATA[ 
		with a as (
		select A.*
		,rownumber() over (ORDER BY A.${orderField} ${orderDirection}) AS  resultNums
		]]>  
		<include refid="suffixwhere2" />
		<include refid="suffixPage" />
	</select> 
	<sql id="suffixwhere2" >  
		<![CDATA[
		
		FROM(
		
		SELECT E.*,F.SATISFACTION FROM( 
		
		SELECT B.*,C.RECORDID FROM (
		  
		SELECT *  from OPENEAP.KK_QC_TASK H WHERE H.DELETE_FLAG='F'
 		]]>	
 		
 		<if test="plan_id!=null and plan_id!=''">
		<![CDATA[
			AND H.PLAN_ID = #{plan_id}
		]]>
		</if>	
		<if test="content_id!=null and content_id!=''">
		<![CDATA[
			AND H.CONTENT_ID = #{content_id}
		]]>
		</if>	
		<if test="enable_flag!=null and enable_flag!=''">
			<![CDATA[
			AND H.enable_flag = #{enable_flag}
			]]>
		</if>
		<if test="executor!=null and executor!=''">
		<![CDATA[
			AND H.EXECUTOR = #{executor}
		]]>
		</if>	
		<if test="employee!=null and employee!=''">
		<![CDATA[
			AND H.EMPLOYEE = #{employee}
		]]>
		</if>	
		<if test="orgCalled!=null and orgCalled!=''">
		<![CDATA[
			AND H.ORGCALLED = #{orgCalled}
		]]>
		</if>
		<if test="orgCaller!=null and orgCaller!=''">
		<![CDATA[
			AND H.ORGCALLER = #{orgCaller}
		]]>
		</if>	
		<if test="voice_start!=null and voice_start!=''">
		<![CDATA[
			AND H.voice_start >= #{voice_start}
		]]>
		</if>	
		<if test="voice_end!=null and voice_end!=''">
		<![CDATA[
			AND H.voice_end <= #{voice_end}
		]]>
		</if>	
		<if test="update_start!=null and update_start!=''">
		<![CDATA[
			AND H.update_time >= #{update_start}
		]]>
		</if>	
		<if test="update_end!=null and update_end!=''">
		<![CDATA[
			AND H.update_time <= #{update_end}
		]]>
		</if>	
		
 		<![CDATA[
 		
 		) B LEFT JOIN SYS_CALLRECORD C ON B.CALLRECORD_ID=C.RID  
 		]]>
		
		<![CDATA[
		)  E 
 		LEFT JOIN SATISFACTION F ON E.RECORDID=F.EDUID
 		)A
 		]]>
	</sql> 
	
	
	
	
	<select id="getObjectList"  parameterType="qcTask" resultMap="qcTaskResult">  
		<![CDATA[ 
		with a as (
		select A.*
		,rownumber() over (ORDER BY A.${orderField} ${orderDirection}) AS  resultNums
		]]>  
		<include refid="suffixwhere" />
		<include refid="suffixPage" />
	</select> 
	<sql id="suffixwhere" >  
		<![CDATA[
		  from OPENEAP.KK_QC_TASK A WHERE A.DELETE_FLAG='F'
 		]]>	
		<if test="plan_id!=null and plan_id!=''">
		<![CDATA[
			AND A.PLAN_ID = #{plan_id}
		]]>
		</if>	
		<if test="content_id!=null and content_id!=''">
		<![CDATA[
			AND A.CONTENT_ID = #{content_id}
		]]>
		</if>	
		<if test="enable_flag!=null and enable_flag!=''">
			<![CDATA[
			AND A.enable_flag = #{enable_flag}
			]]>
		</if>
		<if test="executor!=null and executor!=''">
		<![CDATA[
			AND A.EXECUTOR = #{executor}
		]]>
		</if>	
		
		<if test="employee!=null and employee!=''">
		<![CDATA[
			AND A.EMPLOYEE = #{employee}
		]]>
		</if>	
		
		<if test="orgCalled!=null and orgCalled!=''">
		<![CDATA[
			AND A.ORGCALLED = #{orgCalled}
		]]>
		</if>
		
		<if test="orgCaller!=null and orgCaller!=''">
		<![CDATA[
			AND A.ORGCALLER = #{orgCaller}
		]]>
		</if>	
		<if test="voice_start!=null and voice_start!=''">
		<![CDATA[
			AND A.voice_start >= #{voice_start}
		]]>
		</if>	
		<if test="voice_end!=null and voice_end!=''">
		<![CDATA[
			AND A.voice_end <= #{voice_end}
		]]>
		</if>	
		<if test="update_start!=null and update_start!=''">
		<![CDATA[
			AND A.update_time >= #{update_start}
		]]>
		</if>	
		<if test="update_end!=null and update_end!=''">
		<![CDATA[
			AND A.update_time <= #{update_end}
		]]>
		</if>	
	</sql> 
	
	<sql id="suffixPage">
		<![CDATA[
		  )select a.* ,(select max(a.resultNums) from a) as RESULT_COUNT 
		  FROM a where a.resultNums between #{start}+1 and #{end}
		  ]]>
	</sql>
	
	
	<select id="getById" parameterType="java.lang.Integer" resultMap="qcTaskResult">
		<![CDATA[ 
		SELECT a.*,b.RECORDID FROM (SELECT * FROM KK_QC_TASK WHERE ID= #{id}) a  left join "OPENEAP"."SYS_CALLRECORD" b on  a.CALLRECORD_ID=b.rid
		]]> 
	</select>
	
	
	<select id="getTaskRecord" parameterType="java.lang.String" resultMap="qcTaskResult">
		<![CDATA[ 
		
		SELECT A.*,B.SATISFACTION    FROM  (SELECT RID as CALLRECORD_ID,ORGCALLER,ORGCALLED,CALL_TIME AS VOICE_START,
		 ENDTIME AS VOICE_END,TIME_LONG,AGENT_NO AS employee,AGENT_NAME AS EMPLOYEE_NAME,RECORDID  FROM SYS_CALLRECORD WHERE RID=#{id}) AS A LEFT JOIN "OPENEAP"."SATISFACTION" B  ON A.RECORDID=B.EDUID
		
		
		]]> 
	</select>
	<select id="getTaskRecord2" parameterType="java.lang.String" resultMap="qcTaskResult">
		<![CDATA[ 
		
		SELECT A.*,B.SATISFACTION    FROM  (SELECT RID as CALLRECORD_ID,ORGCALLER,ORGCALLED,CALL_TIME AS VOICE_START,
		 ENDTIME AS VOICE_END,TIME_LONG,AGENT_NO AS employee,AGENT_NAME AS EMPLOYEE_NAME,RECORDID  FROM SYS_CALLRECORD WHERE RECORDID=#{id} fetch first 1 rows only) AS A LEFT JOIN "OPENEAP"."SATISFACTION" B  ON A.RECORDID=B.EDUID  fetch first 1 rows only
		
		
		]]> 
	</select>
	
	
	
	<select id="getueid" parameterType="java.lang.String" resultType="java.lang.String">
		<![CDATA[ 
		select  IVRNODE from "OPENEAP"."FROMAVAYA"  where eduid 
		=(select RECORDID from "OPENEAP"."SYS_CALLRECORD"  where rid=#{id}) fetch first 1 rows only
		]]> 
	</select>
	
	<select id="getueid2" parameterType="java.lang.Integer" resultType="java.lang.String">
		<![CDATA[ 
		select  IVRNODE from "OPENEAP"."FROMAVAYA"  where eduid 
		=(select RECORDID from "OPENEAP"."SYS_CALLRECORD"  where rid=(select CALLRECORD_ID from  KK_QC_TASK where id=#{id} )        )
		]]> 
	</select>
	
	
	
	
	<select id="getPlanByName"  parameterType="qcTask" resultMap="qcTaskResult">
		<![CDATA[ 
		SELECT * FROM KK_QC_TASK WHERE NAME='${name}'
		]]> 
	</select>
		
		
	<update id="update" parameterType="qcTask">
		<![CDATA[ 
		UPDATE "OPENEAP"."KK_QC_TASK" SET 
		 UPDATE_DEPT=#{update_dept}
		,UPDATE_TIME=#{update_time}
		,UPDATE_EMPLOYEE=#{update_employee}
		]]>
		<if test="enable_flag!=null and enable_flag!=''">
			<![CDATA[
			,enable_flag = #{enable_flag}
			]]>
		</if>
		<if test="executor!=null and executor!=''">
			<![CDATA[
			,executor = #{executor}
			]]>
		</if>
		<if test="score!=null and score>=0">
			<![CDATA[
			,score = #{score}
			]]>
		</if>
		<if test="content_id!=null and content_id!=''">
			<![CDATA[
			,content_id = #{content_id}
			]]>
		</if>
		<if test="employee!=null and employee!=''">
			<![CDATA[
			,employee = #{employee}
			]]>
		</if>
		<if test="advice!=null and advice!=''">
			<![CDATA[
			,advice = #{advice}
			]]>
		</if>
		<if test="grade!=null and grade!=''">
			<![CDATA[
			,grade = #{grade}
			]]>
		</if>
		<if test="call_evaluate!=null and call_evaluate!=''">
			<![CDATA[
			,call_evaluate = #{call_evaluate}
			]]>
		</if>
		<if test="result!=null and result!=''">
			<![CDATA[
			,result = #{result}
			]]>
		</if>
		<if test="create_dept>=0">
			<![CDATA[
			,create_dept = #{create_dept}
			]]>
		</if>
		
		<![CDATA[
		 where id = #{id}
		]]>
	</update>
	
	
	<delete id="delete" parameterType="java.lang.Integer">
		<![CDATA[
		DELETE FROM "OPENEAP"."KK_QC_TASK" WHERE PLAN_ID=#{id}
		]]> 
	</delete>
	
	<delete id="deleteRecord" parameterType="qcTask">
		<![CDATA[
		DELETE FROM "OPENEAP"."KK_QC_TASK" WHERE id in (${values})
		]]> 
	</delete>
	<delete id="deleteRecord1" parameterType="qcTask">
		<![CDATA[
		DELETE FROM "OPENEAP"."KK_QC_COMPLAIN" WHERE TASK_id in (${values})
		]]> 
	</delete>
	<delete id="deleteRecord2" parameterType="qcTask">
		<![CDATA[
		DELETE FROM "OPENEAP"."KK_QC_CHECKSPOT" WHERE TASK_id in (${values})
		]]> 
	</delete>
</mapper>
