<?xml version="1.0" encoding="UTF-8"?>
<!DOCTYPE mapper PUBLIC "-//mybatis.org//DTD Mapper 3.0//EN" "http://mybatis.org/dtd/mybatis-3-mapper.dtd">
<mapper namespace="com.konka.job.qualitycontrol.model.Satisfication">



	<resultMap type="satisfication" id="satisficationResult">
		<result property="number" column="no" />
		<result property="agent_name" column="agent_name" />
		<result property="caller" column="orgcaller" />
		<result property="rid" column="rid" />
		<result property="called" column="orgcalled" />
		<result property="satisfied" column="SATISFACTION" />
		<result property="time_long" column="time_long" />
		<result property="agent_no" column="agent_no" />
		<result property="time" column="time" /> 
		<result property="end_time" column="endtime" />  
		<result property="call_time" column="call_time" />  
	</resultMap>


	<select id="getSatisficationList"  parameterType="satisfication" resultMap="satisficationResult">  
		<![CDATA[ 
		with a as (
		select A.*
		,rownumber() over (ORDER BY A.NO ${orderDirection}) AS  resultNums
		]]>  
		<include refid="selectAllNo" />
		<include refid="suffixPage" />
	</select> 

	<sql id="selectAllNo" >  
		<![CDATA[
		    from  ( 
				select d.* from (
				select e.no,e.SATISFACTION,e.time,e.endtime as endtimes,c.* from 
				( 
				select * from  SATISFACTION where 1=1
				
				]]>	
				<if test="call_time!=null and call_time!=''">
					<![CDATA[
					AND  TIME >= #{call_time}
					]]>
				</if>
				<if test="endtime!=null and endtime!=''">
					<![CDATA[
					AND  TIME <= #{endtime}
					]]>
				</if>
				<![CDATA[
				) 
				e  left join (select * from  SYS_CALLRECORD
				) c on e.eduid=c.recordid
				) d  
 			)as  A  WHERE CASE WHEN length(ORGCALLER)=4 AND length(ORGCALLED)=4 THEN 0 ELSE 1 END=1 
 		]]>	
 		<if test="number!=null and number!=''">
			<![CDATA[
			 AND  A.no = #{number}
			]]>
		</if>
		<if test="agent_no!=null and agent_no!=''">
			<![CDATA[
			AND  A.agent_no = #{agent_no}
			]]>
		</if>
		<if test="agent_name!=null and agent_name!=''">
			<![CDATA[
			AND  A.agent_name LIKE '%'||#{agent_name}||'%'
			]]>
		</if>
		<if test="caller!=null and caller!=''">
			<![CDATA[
			AND  A.orgcaller = #{caller} OR  A.orgcalled = #{caller}
			]]>
		</if>
		<if test="satisfied!=null and satisfied!=''">
			<![CDATA[
			AND  A.SATISFACTION = #{satisfied}
			]]>
		</if>
		<if test="time_long!=null and time_long!=''">
			<![CDATA[
			AND  A.time_long >= #{time_long}
			]]>
		</if>
		<if test="time_long1!=null and time_long1!=''">
			<![CDATA[
			AND  A.time_long <= #{time_long1}
			]]>
		</if>
	</sql> 

	<sql id="suffixPage">
		<![CDATA[
		  )select a.* ,(select max(a.resultNums) from a) as RESULT_COUNT 
		  FROM a where a.resultNums between #{start}+1 
		  and #{end}
		  ]]>
	</sql>
	
	
	
	

</mapper>
