<?xml version="1.0" encoding="UTF-8"?>
<!DOCTYPE mapper PUBLIC "-//mybatis.org//DTD Mapper 3.0//EN" "http://mybatis.org/dtd/mybatis-3-mapper.dtd">
<mapper namespace="com.konka.job.summary.model.Summary">
	<insert id="insert" parameterType="summary">
		<![CDATA[ 
		 INSERT INTO "OPENEAP"."KK_SUMMARY_SUMMARY" 
		 (ID,call_result,record_id,custcall,agentcall,product_id,service_id,area_id,remark,CREATE_EMPLOYEE,CREATE_TIME,update_time,update_employee) VALUES 
		 (#{id},#{call_result},#{record_id},#{custcall} ,#{agentcall}, #{product_id}, #{service_id},#{area_id}, #{create_employee}, #{create_time}, #{update_time}, #{update_employee})
		]]>
	</insert>

	
	<select id="getObjectList"  parameterType="summary" resultType="summary">  
		<![CDATA[ 
		with a as (
		select A.*,B.SATISFACTION
		,rownumber() over (ORDER BY A.${orderField} ${orderDirection}) AS  resultNums
		]]>  
		<include refid="suffixwhere" />
		<include refid="suffixPage" />
	</select> 
	<sql id="suffixwhere" >  
		<![CDATA[
		  from OPENEAP.KK_SUMMARY_SUMMARY A
		  LEFT JOIN OPENEAP.SATISFACTION B ON A.record_id=B.EDUID
		   WHERE 1=1
 		]]>	
		<if test="satisfaction!=null">
			<if test="satisfaction>0">
				AND B.satisfaction  = #{satisfaction}
			</if>
			<if test="satisfaction==0">
				AND B.satisfaction is null
			</if>
		</if>	
		<if test="call_result!=null and call_result!=''">
		<![CDATA[
			AND A.call_result  = #{call_result}
		]]>
		</if>	
		<if test="create_employee!=null and create_employee!=''">
		<![CDATA[
			AND A.create_employee=#{create_employee}
		]]>
		</if>		
		
		<if test="product_id!=null and product_id>0">
		<![CDATA[
			AND A.product_id=#{product_id}
		]]>
		</if>
		<if test="service_id!=null and service_id>0">
		<![CDATA[
			AND A.service_id=#{service_id}
		]]>
		</if>
		<if test="custcall!=null and custcall!=''">
		<![CDATA[
			AND A.custcall=#{custcall}
		]]>
		</if>
		<if test="start_time!=null and start_time!=''">
			<![CDATA[
				AND CREATE_TIME >= #{start_time}
			]]>
		</if>	
		<if test="end_time!=null and end_time!=''">
			<![CDATA[
				AND CREATE_TIME <= #{end_time}
			]]>
		</if>
	</sql> 
	<sql id="suffixPage">
		<![CDATA[
		  )select a.* ,(select max(a.resultNums) from a) as RESULT_COUNT 
		  FROM a where a.resultNums between #{start}+1 and #{end}
		  ]]>
	</sql>
	
	<delete id="deleteSummary" parameterType="summary">
		<![CDATA[
		DELETE FROM "OPENEAP"."KK_SUMMARY_SUMMARY" WHERE id in (${values})
		]]> 
	</delete>
	
		<update id="update" parameterType="summary">
		<![CDATA[ 
		UPDATE "OPENEAP"."KK_SUMMARY_SUMMARY" SET 
		 UPDATE_TIME=#{update_time}
		,UPDATE_EMPLOYEE=#{update_employee}
		]]>
		<if test="call_result!=null and call_result!=''">
			<![CDATA[
			,call_result = #{call_result}
			]]>
		</if>
		<if test="product_id!=null and product_id>0">
			<![CDATA[
			,product_id = #{product_id}
			]]>
		</if>
		<if test="service_id!=null and service_id>0">
			<![CDATA[
			,service_id = #{service_id}
			]]>
		</if>
		<if test="call_result_cn!=null and call_result_cn!=''">
		<![CDATA[
			,call_result_cn  = #{call_result_cn}
		]]>
		</if>	
		<if test="product_id_cn!=null and product_id_cn!=''">
		<![CDATA[
			,product_id_cn=#{product_id_cn}
		]]>
		</if>
		<if test="service_id_cn!=null and service_id_cn!=''">
		<![CDATA[
			,service_id_cn=#{service_id_cn}
		]]>
		</if>
		<if test="area_id!=null and area_id>0">
			<![CDATA[
			,area_id = #{area_id}
			]]>
		</if>
		<if test="remark!=null">
			<![CDATA[
			,remark = #{remark}
			]]>
		</if>
		
		<![CDATA[
		 where id = #{id}
		]]>
	</update>
	
	
	
	<select id="getById" parameterType="java.lang.Integer"  resultType="summary">
		<![CDATA[ 
		SELECT * FROM KK_SUMMARY_SUMMARY WHERE ID=#{id}
		]]> 
	</select>
	
	
	<select id="getById2" parameterType="java.lang.String"  resultType="summary">
		<![CDATA[ 
		SELECT * FROM KK_SUMMARY_SUMMARY WHERE RECORD_ID=#{id} fetch first 1 rows only
		]]> 
	</select>
		
</mapper>
